Id,Category
0,1
1,36
2,0
3,3
4,33
5,30
6,24
7,40
8,5
9,8
10,2
11,4
12,2
13,1
14,2
15,3
16,7
17,32
18,7
19,5
20,3
21,34
22,1
23,46
24,1
25,36
26,33
27,12
28,37
29,7
30,53
31,7
32,15
33,1
34,9
35,12
36,43
37,44
38,8
39,28
40,40
41,7
42,43
43,19
44,7
45,29
46,0
47,0
48,30
49,6
50,8
51,4
52,47
53,5
54,9
55,55
56,58
57,1
58,8
59,15
60,46
61,7
62,0
63,28
64,55
65,55
66,8
67,43
68,8
69,28
70,24
71,0
72,2
73,7
74,31
75,8
76,9
77,0
78,33
79,40
80,58
81,4
82,8
83,2
84,1
85,6
86,39
87,9
88,5
89,3
90,25
91,15
92,5
93,43
94,28
95,8
96,0
97,2
98,58
99,6
100,0
101,3
102,15
103,8
104,49
105,9
106,35
107,4
108,28
109,55
110,37
111,14
112,31
113,3
114,46
115,4
116,2
117,40
118,1
119,4
120,40
121,6
122,6
123,26
124,40
125,3
126,39
127,7
128,3
129,3
130,8
131,6
132,1
133,53
134,2
135,61
136,0
137,1
138,6
139,55
140,32
141,21
142,12
143,40
144,1
145,15
146,2
147,8
148,11
149,8
150,61
151,5
152,9
153,8
154,1
155,1
156,24
157,4
158,53
159,0
160,1
161,13
162,25
163,8
164,2
165,6
166,36
167,39
168,4
169,55
170,1
171,26
172,27
173,7
174,25
175,18
176,30
177,7
178,12
179,3
180,24
181,24
182,39
183,34
184,2
185,31
186,3
187,43
188,23
189,18
190,15
191,0
192,36
193,23
194,49
195,10
196,14
197,12
198,0
199,2
200,22
201,8
202,5
203,27
204,24
205,0
206,8
207,1
208,12
209,23
210,25
211,8
212,7
213,1
214,0
215,11
216,0
217,30
218,9
219,4
220,28
221,0
222,1
223,7
224,0
225,40
226,8
227,29
228,8
229,49
230,7
231,43
232,8
233,31
234,3
235,9
236,5
237,4
238,1
239,7
240,40
241,30
242,3
243,31
244,7
245,1
246,60
247,1
248,43
249,9
250,1
251,40
252,4
253,24
254,0
255,3
256,53
257,24
258,7
259,1
260,22
261,3
262,28
263,3
264,7
265,53
266,15
267,40
268,1
269,11
270,9
271,7
272,2
273,0
274,1
275,7
276,4
277,47
278,40
279,28
280,43
281,9
282,52
283,49
284,28
285,7
286,1
287,1
288,0
289,0
290,1
291,2
292,47
293,40
294,9
295,22
296,3
297,7
298,29
299,9
300,16
301,18
302,9
303,10
304,5
305,7
306,12
307,53
308,6
309,24
310,6
311,15
312,1
313,1
314,53
315,37
316,0
317,0
318,24
319,29
320,5
321,1
322,0
323,17
324,0
325,39
326,26
327,6
328,0
329,2
330,9
331,5
332,59
333,25
334,0
335,6
336,4
337,2
338,34
339,8
340,43
341,9
342,18
343,9
344,2
345,31
346,46
347,5
348,25
349,15
350,24
351,4
352,24
353,4
354,8
355,22
356,27
357,6
358,2
359,4
360,7
361,7
362,7
363,27
364,9
365,3
366,39
367,28
368,5
369,36
370,17
371,6
372,16
373,7
374,6
375,8
376,4
377,55
378,6
379,3
380,55
381,5
382,29
383,40
384,0
385,2
386,5
387,3
388,9
389,30
390,8
391,40
392,35
393,18
394,28
395,3
396,3
397,15
398,7
399,27
400,3
401,55
402,40
403,3
404,37
405,22
406,6
407,1
408,4
409,21
410,37
411,0
412,3
413,25
414,6
415,7
416,43
417,53
418,7
419,14
420,61
421,12
422,32
423,24
424,3
425,4
426,37
427,8
428,3
429,6
430,3
431,0
432,7
433,4
434,2
435,49
436,8
437,35
438,6
439,7
440,7
441,8
442,2
443,1
444,3
445,31
446,5
447,9
448,53
449,1
450,14
451,43
452,12
453,3
454,29
455,43
456,24
457,12
458,40
459,1
460,1
461,22
462,5
463,1
464,1
465,27
466,28
467,17
468,8
469,9
470,20
471,29
472,4
473,1
474,1
475,28
476,6
477,29
478,36
479,40
480,47
481,0
482,1
483,59
484,1
485,28
486,8
487,9
488,19
489,2
490,5
491,37
492,8
493,23
494,28
495,2
496,6
497,10
498,22
499,7
500,4
501,3
502,39
503,5
504,4
505,7
506,53
507,23
508,52
509,36
510,18
511,2
512,53
513,2
514,28
515,8
516,3
517,46
518,24
519,18
520,0
521,23
522,1
523,53
524,6
525,39
526,5
527,0
528,24
529,13
530,8
531,18
532,16
533,42
534,0
535,30
536,0
537,35
538,5
539,28
540,9
541,16
542,1
543,43
544,46
545,12
546,40
547,6
548,8
549,2
550,24
551,49
552,5
553,0
554,49
555,29
556,40
557,22
558,7
559,40
560,40
561,9
562,39
563,9
564,55
565,23
566,2
567,3
568,3
569,1
570,25
571,32
572,0
573,52
574,2
575,7
576,2
577,15
578,8
579,14
580,6
581,25
582,7
583,3
584,4
585,0
586,7
587,4
588,29
589,55
590,34
591,40
592,60
593,12
594,35
595,8
596,15
597,55
598,43
599,13
600,12
601,32
602,1
603,5
604,2
605,30
606,21
607,0
608,9
609,9
610,7
611,1
612,0
613,9
614,13
615,28
616,6
617,1
618,53
619,7
620,7
621,6
622,30
623,2
624,0
625,7
626,49
627,4
628,40
629,2
630,59
631,7
632,12
633,3
634,32
635,1
636,40
637,47
638,8
639,6
640,4
641,30
642,28
643,3
644,4
645,47
646,9
647,3
648,8
649,25
650,9
651,18
652,47
653,1
654,40
655,5
656,36
657,17
658,7
659,36
660,9
661,55
662,3
663,8
664,53
665,5
666,0
667,8
668,17
669,12
670,8
671,4
672,8
673,40
674,15
675,39
676,58
677,4
678,28
679,19
680,3
681,47
682,39
683,3
684,2
685,1
686,6
687,3
688,9
689,0
690,1
691,17
692,37
693,26
694,18
695,23
696,1
697,8
698,1
699,30
700,0
701,1
702,15
703,1
704,2
705,5
706,1
707,28
708,27
709,27
710,36
711,7
712,6
713,55
714,55
715,53
716,28
717,0
718,49
719,5
720,30
721,8
722,21
723,7
724,3
725,10
726,61
727,8
728,37
729,9
730,6
731,12
732,5
733,14
734,3
735,15
736,55
737,18
738,10
739,1
740,2
741,0
742,2
743,22
744,32
745,7
746,40
747,24
748,4
749,24
750,47
751,1
752,49
753,39
754,24
755,53
756,36
757,3
758,29
759,1
760,8
761,30
762,30
763,55
764,0
765,4
766,18
767,24
768,5
769,3
770,15
771,9
772,36
773,53
774,2
775,8
776,13
777,4
778,9
779,8
780,5
781,0
782,8
783,22
784,2
785,7
786,0
787,1
788,12
789,7
790,23
791,10
792,16
793,40
794,9
795,6
796,6
797,2
798,10
799,12
800,7
801,21
802,24
803,8
804,6
805,4
806,0
807,52
808,1
809,4
810,43
811,7
812,36
813,2
814,14
815,8
816,7
817,40
818,12
819,9
820,3
821,34
822,40
823,1
824,2
825,24
826,15
827,11
828,12
829,25
830,3
831,9
832,34
833,5
834,6
835,25
836,36
837,12
838,40
839,4
840,4
841,27
842,1
843,43
844,35
845,36
846,0
847,4
848,6
849,53
850,5
851,18
852,4
853,0
854,5
855,0
856,2
857,30
858,34
859,11
860,18
861,30
862,10
863,31
864,34
865,3
866,28
867,1
868,1
869,5
870,53
871,30
872,21
873,3
874,25
875,7
876,3
877,29
878,7
879,31
880,10
881,3
882,2
883,3
884,6
885,39
886,7
887,7
888,61
889,55
890,9
891,16
892,39
893,25
894,52
895,31
896,2
897,1
898,8
899,28
900,43
901,2
902,37
903,40
904,2
905,49
906,47
907,18
908,43
909,7
910,31
911,1
912,55
913,39
914,8
915,3
916,40
917,3
918,5
919,33
920,3
921,2
922,8
923,29
924,9
925,2
926,22
927,15
928,58
929,1
930,1
931,4
932,23
933,6
934,22
935,7
936,27
937,3
938,2
939,30
940,43
941,27
942,12
943,7
944,28
945,3
946,37
947,6
948,5
949,9
950,10
951,40
952,19
953,4
954,42
955,8
956,3
957,4
958,8
959,22
960,2
961,43
962,7
963,3
964,24
965,11
966,0
967,22
968,9
969,14
970,2
971,0
972,0
973,0
974,2
975,4
976,1
977,23
978,12
979,4
980,0
981,3
982,32
983,35
984,9
985,12
986,8
987,3
988,15
989,8
990,25
991,18
992,9
993,2
994,1
995,4
996,20
997,8
998,20
999,4
1000,1
1001,5
1002,15
1003,22
1004,25
1005,61
1006,1
1007,4
1008,36
1009,15
1010,40
1011,7
1012,9
1013,3
1014,26
1015,1
1016,43
1017,42
1018,5
1019,28
1020,7
1021,5
1022,31
1023,18
1024,6
1025,0
1026,24
1027,49
1028,7
1029,9
1030,5
1031,2
1032,24
1033,49
1034,6
1035,1
1036,25
1037,40
1038,5
1039,53
1040,7
1041,7
1042,9
1043,40
1044,3
1045,6
1046,4
1047,11
1048,37
1049,12
1050,4
1051,40
1052,3
1053,12
1054,6
1055,24
1056,9
1057,8
1058,36
1059,7
1060,2
1061,2
1062,36
1063,20
1064,39
1065,7
1066,3
1067,18
1068,43
1069,15
1070,39
1071,1
1072,12
1073,5
1074,6
1075,5
1076,0
1077,55
1078,6
1079,4
1080,12
1081,40
1082,5
1083,24
1084,6
1085,29
1086,24
1087,0
1088,1
1089,4
1090,20
1091,10
1092,52
1093,6
1094,1
1095,0
1096,2
1097,4
1098,29
1099,6
1100,18
1101,24
1102,3
1103,16
1104,5
1105,34
1106,23
1107,3
1108,9
1109,42
1110,0
1111,9
1112,7
1113,1
1114,40
1115,1
1116,1
1117,12
1118,4
1119,7
1120,0
1121,0
1122,9
1123,45
1124,22
1125,40
1126,61
1127,4
1128,9
1129,0
1130,6
1131,0
1132,47
1133,1
1134,4
1135,59
1136,18
1137,40
1138,5
1139,24
1140,3
1141,22
1142,2
1143,8
1144,1
1145,9
1146,0
1147,0
1148,5
1149,55
1150,6
1151,1
1152,3
1153,8
1154,49
1155,47
1156,22
1157,6
1158,2
1159,28
1160,7
1161,2
1162,6
1163,3
1164,40
1165,7
1166,3
1167,8
1168,36
1169,3
1170,2
1171,1
1172,6
1173,43
1174,40
1175,34
1176,0
1177,4
1178,43
1179,9
1180,0
1181,8
1182,1
1183,6
1184,6
1185,35
1186,25
1187,1
1188,30
1189,40
1190,7
1191,21
1192,7
1193,4
1194,4
1195,4
1196,40
1197,7
1198,25
1199,1
1200,18
1201,7
1202,5
1203,8
1204,37
1205,2
1206,2
1207,2
1208,5
1209,0
1210,1
1211,23
1212,1
1213,25
1214,9
1215,6
1216,53
1217,22
1218,3
1219,55
1220,7
1221,22
1222,30
1223,4
1224,7
1225,53
1226,9
1227,55
1228,4
1229,9
1230,12
1231,24
1232,3
1233,9
1234,1
1235,22
1236,3
1237,24
1238,8
1239,9
1240,53
1241,12
1242,2
1243,19
1244,24
1245,4
1246,9
1247,6
1248,3
1249,3
1250,8
1251,1
1252,15
1253,23
1254,55
1255,1
1256,49
1257,60
1258,7
1259,40
1260,0
1261,4
1262,5
1263,9
1264,4
1265,31
1266,4
1267,55
1268,1
1269,1
1270,3
1271,5
1272,9
1273,2
1274,10
1275,8
1276,0
1277,28
1278,18
1279,24
1280,36
1281,8
1282,28
1283,28
1284,9
1285,37
1286,9
1287,42
1288,28
1289,1
1290,9
1291,1
1292,9
1293,4
1294,1
1295,28
1296,17
1297,19
1298,7
1299,0
1300,4
1301,4
1302,39
1303,7
1304,31
1305,24
1306,1
1307,9
1308,14
1309,29
1310,22
1311,3
1312,1
1313,3
1314,7
1315,5
1316,28
1317,3
1318,55
1319,0
1320,43
1321,53
1322,29
1323,7
1324,12
1325,4
1326,7
1327,30
1328,7
1329,30
1330,30
1331,28
1332,10
1333,28
1334,11
1335,14
1336,29
1337,40
1338,9
1339,3
1340,40
1341,28
1342,2
1343,8
1344,39
1345,15
1346,53
1347,1
1348,18
1349,24
1350,53
1351,1
1352,4
1353,7
1354,1
1355,18
1356,1
1357,28
1358,7
1359,3
1360,15
1361,1
1362,3
1363,55
1364,6
1365,9
1366,29
1367,9
1368,3
1369,8
1370,6
1371,2
1372,1
1373,3
1374,0
1375,24
1376,28
1377,2
1378,0
1379,55
1380,5
1381,6
1382,7
1383,6
1384,13
1385,7
1386,3
1387,29
1388,6
1389,8
1390,32
1391,6
1392,4
1393,28
1394,36
1395,49
1396,12
1397,49
1398,9
1399,25
1400,1
1401,8
1402,26
1403,1
1404,18
1405,49
1406,1
1407,19
1408,4
1409,3
1410,0
1411,55
1412,21
1413,7
1414,30
1415,12
1416,39
1417,24
1418,39
1419,11
1420,9
1421,0
1422,24
1423,49
1424,0
1425,18
1426,4
1427,8
1428,4
1429,23
1430,2
1431,24
1432,0
1433,4
1434,28
1435,8
1436,29
1437,7
1438,40
1439,9
1440,40
1441,9
1442,2
1443,21
1444,3
1445,1
1446,55
1447,1
1448,56
1449,1
1450,13
1451,9
1452,9
1453,0
1454,0
1455,43
1456,28
1457,6
1458,9
1459,8
1460,24
1461,12
1462,8
1463,21
1464,1
1465,0
1466,58
1467,11
1468,7
1469,24
1470,4
1471,1
1472,3
1473,12
1474,25
1475,5
1476,7
1477,7
1478,29
1479,7
1480,3
1481,8
1482,32
1483,2
1484,13
1485,2
1486,3
1487,12
1488,12
1489,27
1490,28
1491,7
1492,17
1493,5
1494,15
1495,7
1496,7
1497,24
1498,53
1499,43
1500,2
1501,29
1502,1
1503,15
1504,36
1505,5
1506,5
1507,1
1508,1
1509,49
1510,11
1511,0
1512,31
1513,5
1514,33
1515,1
1516,19
1517,24
1518,31
1519,1
1520,28
1521,15
1522,40
1523,2
1524,2
1525,1
1526,0
1527,4
1528,14
1529,8
1530,53
1531,3
1532,1
1533,2
1534,9
1535,10
1536,37
1537,27
1538,9
1539,7
1540,36
1541,6
1542,3
1543,8
1544,49
1545,1
1546,7
1547,7
1548,0
1549,0
1550,8
1551,5
1552,13
1553,0
1554,28
1555,2
1556,3
1557,8
1558,2
1559,9
1560,6
1561,24
1562,6
1563,4
1564,3
1565,6
1566,28
1567,40
1568,5
1569,35
1570,8
1571,28
1572,24
1573,4
1574,24
1575,55
1576,3
1577,32
1578,40
1579,0
1580,22
1581,34
1582,5
1583,9
1584,17
1585,53
1586,1
1587,2
1588,3
1589,3
1590,30
1591,34
1592,30
1593,9
1594,16
1595,12
1596,6
1597,14
1598,4
1599,27
1600,6
1601,3
1602,6
1603,21
1604,24
1605,40
1606,24
1607,36
1608,4
1609,7
1610,1
1611,31
1612,28
1613,2
1614,16
1615,30
1616,15
1617,8
1618,24
1619,7
1620,7
1621,55
1622,31
1623,43
1624,2
1625,25
1626,14
1627,49
1628,36
1629,15
1630,53
1631,9
1632,1
1633,0
1634,24
1635,4
1636,7
1637,2
1638,9
1639,55
1640,3
1641,55
1642,15
1643,7
1644,1
1645,0
1646,8
1647,8
1648,1
1649,1
1650,3
1651,1
1652,14
1653,12
1654,9
1655,53
1656,0
1657,0
1658,8
1659,2
1660,60
1661,24
1662,1
1663,1
1664,2
1665,28
1666,37
1667,1
1668,11
1669,0
1670,2
1671,12
1672,1
1673,15
1674,27
1675,9
1676,15
1677,9
1678,30
1679,1
1680,15
1681,2
1682,7
1683,3
1684,25
1685,37
1686,6
1687,30
1688,7
1689,43
1690,24
1691,55
1692,2
1693,35
1694,29
1695,46
1696,30
1697,12
1698,4
1699,9
1700,2
1701,47
1702,27
1703,22
1704,23
1705,24
1706,43
1707,40
1708,6
1709,1
1710,18
1711,60
1712,7
1713,22
1714,25
1715,0
1716,7
1717,4
1718,0
1719,36
1720,5
1721,0
1722,36
1723,5
1724,7
1725,9
1726,3
1727,12
1728,13
1729,55
1730,55
1731,55
1732,0
1733,0
1734,7
1735,28
1736,30
1737,28
1738,32
1739,35
1740,15
1741,9
1742,4
1743,42
1744,4
1745,29
1746,7
1747,28
1748,3
1749,1
1750,8
1751,7
1752,53
1753,4
1754,8
1755,9
1756,9
1757,0
1758,0
1759,30
1760,47
1761,5
1762,6
1763,8
1764,1
1765,31
1766,37
1767,1
1768,40
1769,58
1770,29
1771,44
1772,24
1773,6
1774,9
1775,2
1776,1
1777,2
1778,0
1779,5
1780,1
1781,6
1782,40
1783,2
1784,8
1785,34
1786,43
1787,0
1788,7
1789,53
1790,30
1791,2
1792,8
1793,24
1794,18
1795,34
1796,13
1797,42
1798,1
1799,24
1800,3
1801,28
1802,24
1803,5
1804,27
1805,30
1806,39
1807,9
1808,27
1809,9
1810,6
1811,25
1812,22
1813,55
1814,5
1815,22
1816,3
1817,8
1818,30
1819,4
1820,40
1821,9
1822,58
1823,22
1824,4
1825,51
1826,58
1827,9
1828,8
1829,7
1830,1
1831,5
1832,11
1833,9
1834,0
1835,6
1836,31
1837,43
1838,5
1839,10
1840,8
1841,0
1842,47
1843,0
1844,5
1845,30
1846,37
1847,1
1848,39
1849,55
1850,52
1851,1
1852,0
1853,4
1854,39
1855,40
1856,4
1857,28
1858,0
1859,1
1860,9
1861,4
1862,5
1863,2
1864,43
1865,8
1866,3
1867,3
1868,28
1869,9
1870,55
1871,53
1872,1
1873,1
1874,11
1875,2
1876,0
1877,24
1878,43
1879,15
1880,4
1881,40
1882,7
1883,23
1884,39
1885,55
1886,4
1887,15
1888,30
1889,34
1890,1
1891,1
1892,36
1893,35
1894,1
1895,49
1896,46
1897,6
1898,9
1899,61
1900,40
1901,0
1902,1
1903,1
1904,1
1905,15
1906,5
1907,9
1908,14
1909,7
1910,55
1911,9
1912,3
1913,52
1914,1
1915,0
1916,3
1917,8
1918,40
1919,28
1920,1
1921,59
1922,7
1923,39
1924,27
1925,5
1926,2
1927,8
1928,10
1929,0
1930,8
1931,8
1932,27
1933,8
1934,7
1935,6
1936,40
1937,44
1938,1
1939,27
1940,4
1941,9
1942,1
1943,4
1944,0
1945,0
1946,3
1947,29
1948,7
1949,3
1950,9
1951,10
1952,0
1953,5
1954,22
1955,2
1956,4
1957,6
1958,5
1959,53
1960,2
1961,0
1962,1
1963,24
1964,2
1965,3
1966,25
1967,1
1968,44
1969,12
1970,60
1971,29
1972,5
1973,40
1974,29
1975,43
1976,19
1977,5
1978,31
1979,24
1980,9
1981,49
1982,25
1983,7
1984,30
1985,40
1986,2
1987,49
1988,7
1989,55
1990,1
1991,18
1992,0
1993,3
1994,30
1995,5
1996,7
1997,32
1998,40
1999,40
2000,2
2001,55
2002,6
2003,29
2004,5
2005,8
2006,0
2007,36
2008,29
2009,3
2010,53
2011,4
2012,0
2013,49
2014,2
2015,8
2016,29
2017,9
2018,5
2019,24
2020,34
2021,5
2022,9
2023,12
2024,2
2025,4
2026,2
2027,4
2028,9
2029,49
2030,0
2031,37
2032,4
2033,13
2034,9
2035,9
2036,9
2037,30
2038,28
2039,7
2040,5
2041,28
2042,1
2043,4
2044,3
2045,61
2046,1
2047,1
2048,15
2049,7
2050,9
2051,55
2052,28
2053,26
2054,28
2055,47
2056,1
2057,1
2058,24
2059,27
2060,5
2061,28
2062,7
2063,4
2064,55
2065,7
2066,0
2067,9
2068,1
2069,27
2070,8
2071,55
2072,0
2073,7
2074,25
2075,22
2076,18
2077,33
2078,4
2079,7
2080,8
2081,22
2082,21
2083,13
2084,3
2085,3
2086,49
2087,30
2088,1
2089,24
2090,43
2091,40
2092,8
2093,6
2094,1
2095,4
2096,5
2097,60
2098,31
2099,12
2100,55
2101,15
2102,22
2103,4
2104,40
2105,4
2106,6
2107,1
2108,24
2109,25
2110,0
2111,49
2112,43
2113,40
2114,6
2115,28
2116,0
2117,40
2118,12
2119,1
2120,3
2121,30
2122,7
2123,1
2124,1
2125,1
2126,8
2127,23
2128,7
2129,3
2130,10
2131,9
2132,18
2133,24
2134,6
2135,31
2136,0
2137,40
2138,6
2139,2
2140,5
2141,7
2142,49
2143,6
2144,2
2145,3
2146,3
2147,7
2148,7
2149,7
2150,42
2151,40
2152,3
2153,4
2154,21
2155,6
2156,15
2157,43
2158,9
2159,7
2160,32
2161,46
2162,4
2163,9
2164,28
2165,6
2166,7
2167,1
2168,4
2169,5
2170,47
2171,7
2172,0
2173,40
2174,1
2175,9
2176,15
2177,0
2178,29
2179,8
2180,8
2181,1
2182,28
2183,53
2184,6
2185,0
2186,7
2187,15
2188,40
2189,28
2190,31
2191,30
2192,36
2193,18
2194,23
2195,61
2196,2
2197,40
2198,1
2199,1
2200,53
2201,22
2202,11
2203,2
2204,28
2205,7
2206,25
2207,2
2208,23
2209,1
2210,18
2211,9
2212,4
2213,4
2214,15
2215,1
2216,8
2217,18
2218,43
2219,0
2220,15
2221,6
2222,25
2223,21
2224,3
2225,7
2226,55
2227,8
2228,40
2229,9
2230,28
2231,22
2232,4
2233,24
2234,3
2235,4
2236,8
2237,37
2238,40
2239,12
2240,28
2241,40
2242,34
2243,8
2244,31
2245,28
2246,16
2247,1
2248,2
2249,2
2250,27
2251,31
2252,0
2253,4
2254,2
2255,9
2256,43
2257,55
2258,3
2259,31
2260,4
2261,6
2262,24
2263,7
2264,8
2265,2
2266,3
2267,6
2268,16
2269,7
2270,30
2271,7
2272,1
2273,39
2274,8
2275,9
2276,9
2277,1
2278,7
2279,49
2280,19
2281,6
2282,8
2283,3
2284,18
2285,22
2286,15
2287,40
2288,7
2289,0
2290,24
2291,30
2292,8
2293,27
2294,25
2295,52
2296,5
2297,28
2298,4
2299,47
2300,1
2301,28
2302,40
2303,7
2304,9
2305,28
2306,22
2307,1
2308,2
2309,1
2310,2
2311,47
2312,31
2313,9
2314,7
2315,3
2316,43
2317,35
2318,24
2319,3
2320,0
2321,28
2322,29
2323,58
2324,0
2325,4
2326,19
2327,2
2328,5
2329,28
2330,3
2331,9
2332,7
2333,9
2334,28
2335,4
2336,55
2337,0
2338,5
2339,29
2340,2
2341,1
2342,36
2343,0
2344,3
2345,6
2346,3
2347,43
2348,29
2349,49
2350,9
2351,43
2352,12
2353,8
2354,36
2355,7
2356,39
2357,15
2358,3
2359,55
2360,27
2361,7
2362,9
2363,20
2364,47
2365,55
2366,0
2367,9
2368,0
2369,40
2370,28
2371,21
2372,9
2373,32
2374,32
2375,31
2376,7
2377,7
2378,8
2379,0
2380,5
2381,55
2382,49
2383,24
2384,37
2385,37
2386,7
2387,21
2388,5
2389,6
2390,1
2391,55
2392,8
2393,10
2394,1
2395,55
2396,3
2397,22
2398,8
2399,15
2400,4
2401,6
2402,10
2403,24
2404,4
2405,24
2406,18
2407,40
2408,7
2409,11
2410,1
2411,55
2412,29
2413,9
2414,55
2415,26
2416,4
2417,4
2418,6
2419,5
2420,0
2421,59
2422,1
2423,1
2424,8
2425,31
2426,43
2427,6
2428,5
2429,24
2430,46
2431,1
2432,30
2433,20
2434,4
2435,2
2436,7
2437,1
2438,39
2439,8
2440,1
2441,4
2442,4
2443,1
2444,22
2445,22
2446,18
2447,32
2448,24
2449,30
2450,9
2451,9
2452,40
2453,2
2454,9
2455,39
2456,31
2457,24
2458,6
2459,5
2460,0
2461,6
2462,1
2463,5
2464,3
2465,0
2466,1
2467,55
2468,1
2469,28
2470,40
2471,11
2472,40
2473,3
2474,40
2475,12
2476,6
2477,4
2478,1
2479,1
2480,11
2481,1
2482,0
2483,2
2484,31
2485,40
2486,9
2487,2
2488,30
2489,28
2490,2
2491,4
2492,0
2493,5
2494,49
2495,0
2496,23
2497,42
2498,3
2499,6
2500,1
2501,16
2502,1
2503,29
2504,25
2505,55
2506,29
2507,6
2508,9
2509,9
2510,0
2511,5
2512,25
2513,0
2514,4
2515,39
2516,3
2517,1
2518,4
2519,9
2520,49
2521,22
2522,39
2523,5
2524,7
2525,23
2526,47
2527,60
2528,40
2529,40
2530,9
2531,6
2532,6
2533,39
2534,15
2535,20
2536,5
2537,36
2538,24
2539,2
2540,2
2541,1
2542,30
2543,40
2544,49
2545,1
2546,28
2547,23
2548,2
2549,5
2550,20
2551,39
2552,4
2553,6
2554,32
2555,2
2556,15
2557,27
2558,0
2559,8
2560,4
2561,5
2562,28
2563,59
2564,55
2565,6
2566,0
2567,9
2568,8
2569,0
2570,0
2571,27
2572,46
2573,12
2574,4
2575,15
2576,1
2577,12
2578,2
2579,26
2580,5
2581,5
2582,8
2583,40
2584,0
2585,7
2586,5
2587,39
2588,24
2589,39
2590,6
2591,1
2592,55
2593,4
2594,24
2595,0
2596,24
2597,22
2598,3
2599,22
2600,7
2601,8
2602,12
2603,2
2604,6
2605,19
2606,7
2607,30
2608,55
2609,53
2610,7
2611,1
2612,6
2613,55
2614,35
2615,28
2616,9
2617,0
2618,9
2619,5
2620,21
2621,23
2622,8
2623,28
2624,6
2625,1
2626,52
2627,27
2628,2
2629,36
2630,14
2631,5
2632,7
2633,8
2634,43
2635,5
2636,3
2637,1
2638,2
2639,9
2640,13
2641,0
2642,12
2643,40
2644,1
2645,59
2646,9
2647,0
2648,15
2649,9
2650,9
2651,5
2652,55
2653,9
2654,6
2655,53
2656,26
2657,0
2658,29
2659,15
2660,2
2661,30
2662,29
2663,3
2664,12
2665,24
2666,6
2667,13
2668,36
2669,3
2670,55
2671,1
2672,0
2673,27
2674,6
2675,40
2676,15
2677,9
2678,53
2679,4
2680,8
2681,43
2682,28
2683,9
2684,3
2685,5
2686,1
2687,6
2688,43
2689,55
2690,2
2691,1
2692,0
2693,24
2694,22
2695,22
2696,4
2697,5
2698,53
2699,27
2700,6
2701,29
2702,0
2703,20
2704,5
2705,2
2706,30
2707,8
2708,53
2709,55
2710,24
2711,1
2712,2
2713,21
2714,47
2715,55
2716,1
2717,2
2718,3
2719,53
2720,8
2721,34
2722,7
2723,0
2724,30
2725,3
2726,47
2727,28
2728,1
2729,25
2730,4
2731,0
2732,7
2733,0
2734,40
2735,9
2736,22
2737,33
2738,20
2739,6
2740,40
2741,3
2742,2
2743,8
2744,1
2745,8
2746,43
2747,1
2748,1
2749,23
2750,8
2751,1
2752,60
2753,43
2754,4
2755,4
2756,36
2757,0
2758,21
2759,3
2760,1
2761,1
2762,4
2763,7
2764,24
2765,53
2766,5
2767,1
2768,1
2769,1
2770,8
2771,2
2772,1
2773,36
2774,0
2775,37
2776,1
2777,8
2778,23
2779,21
2780,6
2781,28
2782,1
2783,19
2784,12
2785,27
2786,40
2787,36
2788,59
2789,0
2790,28
2791,43
2792,14
2793,6
2794,22
2795,7
2796,25
2797,0
2798,32
2799,22
2800,0
2801,2
2802,49
2803,4
2804,7
2805,8
2806,7
2807,8
2808,15
2809,39
2810,25
2811,22
2812,4
2813,5
2814,40
2815,1
2816,40
2817,8
2818,9
2819,4
2820,43
2821,1
2822,0
2823,4
2824,34
2825,60
2826,4
2827,4
2828,4
2829,14
2830,9
2831,9
2832,13
2833,6
2834,1
2835,31
2836,53
2837,5
2838,25
2839,26
2840,7
2841,0
2842,2
2843,24
2844,53
2845,28
2846,28
2847,1
2848,8
2849,9
2850,3
2851,1
2852,0
2853,53
2854,43
2855,43
2856,29
2857,1
2858,2
2859,1
2860,1
2861,25
2862,5
2863,1
2864,6
2865,5
2866,25
2867,4
2868,8
2869,6
2870,2
2871,24
2872,6
2873,32
2874,0
2875,40
2876,9
2877,19
2878,0
2879,27
2880,14
2881,5
2882,24
2883,8
2884,28
2885,24
2886,55
2887,2
2888,4
2889,3
2890,9
2891,53
2892,49
2893,9
2894,4
2895,4
2896,2
2897,23
2898,2
2899,43
2900,13
2901,6
2902,53
2903,16
2904,15
2905,12
2906,15
2907,12
2908,43
2909,0
2910,3
2911,53
2912,15
2913,1
2914,1
2915,29
2916,25
2917,20
2918,2
2919,6
2920,8
2921,4
2922,1
2923,6
2924,6
2925,15
2926,49
2927,40
2928,23
2929,3
2930,53
2931,6
2932,0
2933,2
2934,15
2935,30
2936,30
2937,7
2938,46
2939,27
2940,23
2941,40
2942,31
2943,58
2944,15
2945,25
2946,39
2947,36
2948,12
2949,42
2950,6
2951,1
2952,7
2953,53
2954,24
2955,53
2956,23
2957,36
2958,25
2959,15
2960,0
2961,7
2962,4
2963,7
2964,5
2965,3
2966,18
2967,0
2968,4
2969,3
2970,5
2971,29
2972,39
2973,28
2974,55
2975,1
2976,53
2977,40
2978,1
2979,53
2980,61
2981,1
2982,7
2983,8
2984,1
2985,10
2986,45
2987,4
2988,12
2989,4
2990,31
2991,7
2992,49
2993,3
2994,4
2995,55
2996,0
2997,28
2998,7
2999,5
3000,25
3001,30
3002,55
3003,58
3004,14
3005,8
3006,28
3007,2
3008,15
3009,10
3010,1
3011,1
3012,34
3013,24
3014,9
3015,1
3016,4
3017,7
3018,8
3019,4
3020,5
3021,2
3022,3
3023,28
3024,21
3025,28
3026,2
3027,3
3028,55
3029,19
3030,24
3031,29
3032,55
3033,15
3034,40
3035,2
3036,23
3037,36
3038,8
3039,32
3040,53
3041,18
3042,5
3043,43
3044,0
3045,1
3046,8
3047,2
3048,30
3049,0
3050,2
3051,7
3052,12
3053,3
3054,3
3055,4
3056,20
3057,7
3058,11
3059,40
3060,15
3061,23
3062,6
3063,9
3064,2
3065,4
3066,4
3067,3
3068,3
3069,6
3070,5
3071,25
3072,18
3073,3
3074,4
3075,44
3076,3
3077,9
3078,55
3079,18
3080,30
3081,1
3082,26
3083,22
3084,28
3085,3
3086,0
3087,8
3088,49
3089,7
3090,30
3091,24
3092,40
3093,0
3094,49
3095,47
3096,1
3097,9
3098,9
3099,32
3100,4
3101,4
3102,7
3103,4
3104,9
3105,2
3106,3
3107,8
3108,44
3109,1
3110,47
3111,36
3112,36
3113,20
3114,2
3115,36
3116,3
3117,55
3118,30
3119,2
3120,5
3121,1
3122,1
3123,8
3124,3
3125,32
3126,8
3127,55
3128,40
3129,4
3130,13
3131,7
3132,29
3133,47
3134,9
3135,7
3136,53
3137,36
3138,29
3139,28
3140,4
3141,6
3142,9
3143,55
3144,33
3145,0
3146,1
3147,28
3148,29
3149,0
3150,4
3151,2
3152,1
3153,10
3154,3
3155,40
3156,30
3157,49
3158,36
3159,7
3160,23
3161,8
3162,22
3163,3
3164,4
3165,0
3166,1
3167,40
3168,1
3169,9
3170,0
3171,25
3172,28
3173,55
3174,3
3175,28
3176,55
3177,45
3178,5
3179,6
3180,7
3181,6
3182,24
3183,12
3184,1
3185,8
3186,7
3187,6
3188,7
3189,24
3190,24
3191,1
3192,22
3193,4
3194,12
3195,6
3196,0
3197,36
3198,10
3199,4
3200,49
3201,7
3202,2
3203,28
3204,33
3205,5
3206,6
3207,28
3208,28
3209,2
3210,7
3211,1
3212,3
3213,4
3214,24
3215,40
3216,28
3217,43
3218,25
3219,2
3220,4
3221,29
3222,27
3223,1
3224,24
3225,9
3226,9
3227,24
3228,19
3229,14
3230,4
3231,30
3232,26
3233,47
3234,3
3235,30
3236,0
3237,8
3238,6
3239,9
3240,16
3241,7
3242,7
3243,39
3244,6
3245,28
3246,47
3247,6
3248,0
3249,36
3250,5
3251,15
3252,5
3253,7
3254,9
3255,31
3256,49
3257,1
3258,1
3259,7
3260,7
3261,4
3262,24
3263,1
3264,24
3265,8
3266,27
3267,6
3268,49
3269,3
3270,24
3271,24
3272,0
3273,9
3274,0
3275,3
3276,9
3277,9
3278,2
3279,11
3280,40
3281,21
3282,6
3283,37
3284,9
3285,7
3286,31
3287,8
3288,28
3289,28
3290,7
3291,0
3292,7
3293,24
3294,6
3295,9
3296,58
3297,0
3298,0
3299,30
3300,29
3301,59
3302,36
3303,16
3304,3
3305,8
3306,2
3307,3
3308,4
3309,6
3310,0
3311,9
3312,1
3313,1
3314,9
3315,24
3316,6
3317,35
3318,4
3319,1
3320,39
3321,28
3322,25
3323,9
3324,0
3325,27
3326,24
3327,0
3328,6
3329,8
3330,18
3331,24
3332,61
3333,43
3334,3
3335,0
3336,9
3337,5
3338,6
3339,3
3340,5
3341,4
3342,26
3343,23
3344,28
3345,30
3346,53
3347,58
3348,4
3349,12
3350,2
3351,4
3352,9
3353,14
3354,30
3355,7
3356,3
3357,4
3358,1
3359,6
3360,1
3361,3
3362,17
3363,13
3364,5
3365,5
3366,30
3367,5
3368,34
3369,37
3370,40
3371,7
3372,53
3373,19
3374,34
3375,1
3376,12
3377,4
3378,0
3379,9
3380,6
3381,14
3382,8
3383,28
3384,9
3385,8
3386,4
3387,8
3388,34
3389,1
3390,9
3391,53
3392,1
3393,3
3394,7
3395,6
3396,8
3397,0
3398,8
3399,3
3400,18
3401,22
3402,2
3403,22
3404,8
3405,4
3406,24
3407,4
3408,6
3409,55
3410,33
3411,7
3412,2
3413,9
3414,0
3415,8
3416,12
3417,35
3418,3
3419,60
3420,21
3421,49
3422,1
3423,0
3424,0
3425,15
3426,46
3427,15
3428,55
3429,1
3430,6
3431,16
3432,58
3433,7
3434,3
3435,17
3436,6
3437,29
3438,1
3439,6
3440,8
3441,29
3442,49
3443,19
3444,55
3445,0
3446,40
3447,8
3448,24
3449,1
3450,8
3451,53
3452,4
3453,30
3454,12
3455,30
3456,0
3457,0
3458,23
3459,40
3460,2
3461,3
3462,5
3463,7
3464,4
3465,39
3466,7
3467,28
3468,4
3469,1
3470,6
3471,9
3472,5
3473,19
3474,0
3475,12
3476,9
3477,9
3478,2
3479,5
3480,8
3481,36
3482,8
3483,58
3484,60
3485,2
3486,39
3487,7
3488,28
3489,0
3490,36
3491,24
3492,12
3493,2
3494,7
3495,8
3496,28
3497,3
3498,7
3499,3
3500,29
3501,1
3502,43
3503,27
3504,30
3505,22
3506,10
3507,15
3508,27
3509,53
3510,1
3511,34
3512,7
3513,15
3514,5
3515,25
3516,16
3517,40
3518,19
3519,6
3520,5
3521,28
3522,53
3523,52
3524,1
3525,59
3526,36
3527,19
3528,19
3529,6
3530,39
3531,11
3532,7
3533,2
3534,30
3535,3
3536,9
3537,1
3538,1
3539,4
3540,32
3541,3
3542,13
3543,58
3544,24
3545,1
3546,39
3547,6
3548,22
3549,22
3550,40
3551,4
3552,8
3553,28
3554,7
3555,0
3556,47
3557,28
3558,28
3559,27
3560,9
3561,53
3562,7
3563,21
3564,28
3565,7
3566,1
3567,28
3568,18
3569,52
3570,58
3571,55
3572,15
3573,1
3574,4
3575,28
3576,28
3577,55
3578,15
3579,0
3580,45
3581,8
3582,24
3583,8
3584,5
3585,3
3586,28
3587,24
3588,6
3589,36
3590,0
3591,6
3592,6
3593,1
3594,6
3595,14
3596,1
3597,1
3598,6
3599,4
3600,40
3601,35
3602,1
3603,24
3604,5
3605,26
3606,1
3607,8
3608,8
3609,9
3610,3
3611,37
3612,3
3613,9
3614,4
3615,9
3616,32
3617,53
3618,6
3619,4
3620,28
3621,23
3622,24
3623,4
3624,9
3625,23
3626,3
3627,3
3628,23
3629,7
3630,31
3631,24
3632,47
3633,27
3634,55
3635,55
3636,2
3637,5
3638,7
3639,9
3640,3
3641,7
3642,6
3643,24
3644,55
3645,9
3646,55
3647,15
3648,1
3649,53
3650,27
3651,28
3652,9
3653,4
3654,8
3655,7
3656,28
3657,34
3658,36
3659,0
3660,9
3661,40
3662,0
3663,31
3664,0
3665,9
3666,7
3667,3
3668,7
3669,53
3670,28
3671,24
3672,8
3673,1
3674,14
3675,0
3676,29
3677,6
3678,25
3679,3
3680,55
3681,8
3682,19
3683,1
3684,3
3685,27
3686,23
3687,18
3688,52
3689,22
3690,53
3691,7
3692,5
3693,46
3694,25
3695,1
3696,24
3697,30
3698,30
3699,9
3700,42
3701,2
3702,22
3703,6
3704,4
3705,2
3706,9
3707,19
3708,1
3709,43
3710,48
3711,0
3712,15
3713,32
3714,53
3715,9
3716,33
3717,27
3718,7
3719,40
3720,0
3721,2
3722,15
3723,3
3724,53
3725,53
3726,5
3727,3
3728,4
3729,32
3730,8
3731,1
3732,7
3733,3
3734,0
3735,6
3736,18
3737,9
3738,0
3739,16
3740,18
3741,36
3742,2
3743,36
3744,3
3745,8
3746,9
3747,36
3748,3
3749,28
3750,18
3751,39
3752,7
3753,8
3754,9
3755,24
3756,3
3757,6
3758,3
3759,1
3760,4
3761,31
3762,39
3763,10
3764,6
3765,9
3766,39
3767,1
3768,18
3769,9
3770,8
3771,9
3772,0
3773,3
3774,47
3775,24
3776,25
3777,9
3778,24
3779,6
3780,7
3781,11
3782,40
3783,6
3784,31
3785,27
3786,47
3787,28
3788,5
3789,13
3790,9
3791,3
3792,2
3793,2
3794,47
3795,6
3796,0
3797,34
3798,40
3799,1
3800,5
3801,7
3802,53
3803,7
3804,3
3805,28
3806,34
3807,1
3808,6
3809,24
3810,9
3811,19
3812,3
3813,1
3814,49
3815,5
3816,23
3817,36
3818,2
3819,18
3820,14
3821,9
3822,30
3823,55
3824,0
3825,6
3826,39
3827,24
3828,9
3829,11
3830,25
3831,3
3832,4
3833,25
3834,43
3835,59
3836,36
3837,31
3838,53
3839,6
3840,2
3841,4
3842,34
3843,58
3844,1
3845,1
3846,40
3847,2
3848,53
3849,25
3850,5
3851,30
3852,40
3853,5
3854,0
3855,5
3856,30
3857,1
3858,8
3859,49
3860,5
3861,15
3862,9
3863,9
3864,11
3865,3
3866,30
3867,1
3868,12
3869,5
3870,40
3871,16
3872,1
3873,7
3874,1
3875,0
3876,6
3877,0
3878,15
3879,1
3880,53
3881,5
3882,4
3883,29
3884,49
3885,55
3886,12
3887,53
3888,40
3889,55
3890,45
3891,52
3892,12
3893,9
3894,24
3895,3
3896,5
3897,45
3898,3
3899,39
3900,28
3901,1
3902,6
3903,12
3904,4
3905,23
3906,4
3907,40
3908,2
3909,9
3910,12
3911,28
3912,5
3913,59
3914,9
3915,5
3916,18
3917,28
3918,5
3919,22
3920,1
3921,7
3922,12
3923,7
3924,1
3925,23
3926,43
3927,30
3928,1
3929,0
3930,29
3931,43
3932,6
3933,5
3934,33
3935,9
3936,18
3937,1
3938,34
3939,12
3940,36
3941,25
3942,55
3943,2
3944,4
3945,3
3946,6
3947,4
3948,8
3949,7
3950,7
3951,6
3952,6
3953,8
3954,8
3955,14
3956,9
3957,5
3958,3
3959,2
3960,6
3961,15
3962,40
3963,5
3964,26
3965,37
3966,6
3967,5
3968,5
3969,3
3970,1
3971,6
3972,8
3973,40
3974,43
3975,8
3976,22
3977,34
3978,5
3979,9
3980,6
3981,3
3982,8
3983,49
3984,1
3985,4
3986,40
3987,7
3988,1
3989,24
3990,39
3991,40
3992,25
3993,25
3994,33
3995,20
3996,23
3997,7
3998,8
3999,61
4000,7
4001,2
4002,9
4003,2
4004,1
4005,9
4006,1
4007,6
4008,6
4009,14
4010,53
4011,13
4012,6
4013,21
4014,9
4015,2
4016,25
4017,5
4018,3
4019,27
4020,0
4021,7
4022,7
4023,5
4024,36
4025,29
4026,1
4027,7
4028,2
4029,6
4030,1
4031,28
4032,7
4033,1
4034,40
4035,2
4036,53
4037,5
4038,39
4039,11
4040,30
4041,1
4042,4
4043,6
4044,40
4045,9
4046,0
4047,5
4048,7
4049,30
4050,0
4051,1
4052,9
4053,23
4054,25
4055,3
4056,31
4057,7
4058,30
4059,49
4060,2
4061,0
4062,6
4063,6
4064,22
4065,5
4066,0
4067,37
4068,3
4069,59
4070,1
4071,61
4072,3
4073,4
4074,40
4075,6
4076,8
4077,2
4078,3
4079,0
4080,4
4081,25
4082,36
4083,7
4084,2
4085,15
4086,11
4087,29
4088,2
4089,6
4090,5
4091,4
4092,27
4093,4
4094,0
4095,2
4096,29
4097,0
4098,0
4099,9
4100,12
4101,40
4102,6
4103,9
4104,35
4105,12
4106,1
4107,11
4108,0
4109,1
4110,49
4111,24
4112,0
4113,1
4114,13
4115,12
4116,10
4117,8
4118,5
4119,1
4120,28
4121,4
4122,9
4123,17
4124,6
4125,8
4126,18
4127,5
4128,53
4129,6
4130,8
4131,53
4132,18
4133,2
4134,12
4135,8
4136,29
4137,31
4138,7
4139,40
4140,24
4141,58
4142,31
4143,6
4144,25
4145,7
4146,53
4147,3
4148,4
4149,3
4150,53
4151,7
4152,39
4153,1
4154,28
4155,2
4156,3
4157,7
4158,3
4159,40
4160,2
4161,14
4162,30
4163,37
4164,40
4165,6
4166,0
4167,3
4168,22
4169,0
4170,2
4171,5
4172,12
4173,28
4174,23
4175,9
4176,5
4177,4
4178,8
4179,6
4180,12
4181,23
4182,7
4183,2
4184,24
4185,1
4186,17
4187,1
4188,24
4189,48
4190,0
4191,3
4192,17
4193,2
4194,53
4195,0
4196,40
4197,5
4198,1
4199,23
4200,27
4201,4
4202,14
4203,13
4204,10
4205,1
4206,49
4207,11
4208,1
4209,28
4210,27
4211,4
4212,1
4213,2
4214,9
4215,2
4216,1
4217,55
4218,7
4219,53
4220,4
4221,13
4222,0
4223,1
4224,0
4225,35
4226,8
4227,4
4228,7
4229,27
4230,6
4231,10
4232,60
4233,10
4234,27
4235,3
4236,39
4237,1
4238,5
4239,7
4240,3
4241,2
4242,3
4243,30
4244,5
4245,2
4246,8
4247,19
4248,21
4249,55
4250,5
4251,39
4252,4
4253,37
4254,3
4255,6
4256,11
4257,28
4258,6
4259,28
4260,7
4261,9
4262,31
4263,1
4264,5
4265,23
4266,55
4267,25
4268,40
4269,34
4270,9
4271,8
4272,15
4273,1
4274,15
4275,1
4276,0
4277,29
4278,8
4279,8
4280,7
4281,0
4282,49
4283,28
4284,3
4285,40
4286,17
4287,17
4288,0
4289,1
4290,1
4291,29
4292,22
4293,4
4294,19
4295,24
4296,24
4297,30
4298,40
4299,36
4300,0
4301,1
4302,26
4303,25
4304,3
4305,1
4306,3
4307,34
4308,4
4309,1
4310,1
4311,2
4312,12
4313,0
4314,9
4315,25
4316,34
4317,1
4318,4
4319,6
4320,9
4321,2
4322,5
4323,14
4324,9
4325,4
4326,53
4327,28
4328,8
4329,30
4330,3
4331,18
4332,6
4333,4
4334,9
4335,1
4336,2
4337,19
4338,8
4339,36
4340,25
4341,12
4342,1
4343,0
4344,7
4345,7
4346,0
4347,55
4348,9
4349,3
4350,2
4351,15
4352,9
4353,7
4354,55
4355,4
4356,37
4357,28
4358,0
4359,5
4360,28
4361,40
4362,2
4363,30
4364,7
4365,24
4366,0
4367,0
4368,12
4369,23
4370,28
4371,14
4372,0
4373,49
4374,27
4375,5
4376,5
4377,9
4378,37
4379,39
4380,10
4381,10
4382,1
4383,32
4384,4
4385,3
4386,58
4387,28
4388,4
4389,33
4390,9
4391,3
4392,3
4393,18
4394,3
4395,28
4396,5
4397,60
4398,57
4399,5
4400,30
4401,12
4402,2
4403,7
4404,12
4405,1
4406,19
4407,39
4408,9
4409,8
4410,15
4411,9
4412,58
4413,7
4414,3
4415,1
4416,28
4417,2
4418,40
4419,40
4420,5
4421,7
4422,1
4423,5
4424,1
4425,15
4426,5
4427,28
4428,53
4429,40
4430,1
4431,4
4432,0
4433,2
4434,28
4435,55
4436,28
4437,0
4438,9
4439,2
4440,9
4441,18
4442,10
4443,0
4444,18
4445,24
4446,8
4447,40
4448,1
4449,9
4450,17
4451,40
4452,8
4453,36
4454,19
4455,6
4456,4
4457,6
4458,9
4459,14
4460,6
4461,39
4462,6
4463,15
4464,43
4465,19
4466,3
4467,36
4468,24
4469,0
4470,2
4471,3
4472,24
4473,24
4474,9
4475,21
4476,16
4477,3
4478,55
4479,0
4480,5
4481,9
4482,53
4483,18
4484,22
4485,2
4486,19
4487,6
4488,3
4489,33
4490,9
4491,40
4492,1
4493,8
4494,5
4495,39
4496,0
4497,9
4498,24
4499,18
4500,18
4501,0
4502,53
4503,3
4504,6
4505,9
4506,24
4507,28
4508,55
4509,4
4510,1
4511,40
4512,40
4513,4
4514,19
4515,28
4516,36
4517,1
4518,40
4519,1
4520,28
4521,18
4522,3
4523,4
4524,5
4525,8
4526,6
4527,5
4528,18
4529,30
4530,8
4531,36
4532,8
4533,7
4534,10
4535,7
4536,19
4537,7
4538,2
4539,46
4540,6
4541,1
4542,6
4543,6
4544,55
4545,36
4546,12
4547,12
4548,22
4549,0
4550,4
4551,45
4552,40
4553,28
4554,2
4555,49
4556,22
4557,0
4558,8
4559,9
4560,6
4561,1
4562,43
4563,0
4564,7
4565,55
4566,3
4567,9
4568,3
4569,24
4570,0
4571,4
4572,4
4573,2
4574,10
4575,4
4576,30
4577,60
4578,5
4579,36
4580,9
4581,1
4582,6
4583,55
4584,45
4585,37
4586,1
4587,49
4588,49
4589,4
4590,9
4591,9
4592,8
4593,3
4594,55
4595,1
4596,9
4597,28
4598,0
4599,8
4600,7
4601,7
4602,28
4603,1
4604,30
4605,28
4606,1
4607,28
4608,9
4609,7
4610,30
4611,40
4612,1
4613,44
4614,5
4615,8
4616,43
4617,4
4618,31
4619,30
4620,31
4621,8
4622,1
4623,40
4624,17
4625,40
4626,29
4627,1
4628,6
4629,9
4630,1
4631,35
4632,5
4633,3
4634,4
4635,6
4636,1
4637,11
4638,55
4639,3
4640,59
4641,2
4642,2
4643,61
4644,1
4645,0
4646,0
4647,3
4648,7
4649,8
4650,10
4651,28
4652,2
4653,29
4654,0
4655,3
4656,9
4657,8
4658,3
4659,8
4660,40
4661,24
4662,3
4663,4
4664,8
4665,0
4666,8
4667,39
4668,49
4669,1
4670,1
4671,34
4672,1
4673,3
4674,5
4675,7
4676,30
4677,22
4678,8
4679,7
4680,2
4681,7
4682,24
4683,0
4684,36
4685,1
4686,1
4687,1
4688,30
4689,55
4690,20
4691,5
4692,43
4693,24
4694,5
4695,3
4696,1
4697,53
4698,4
4699,0
4700,3
4701,9
4702,22
4703,29
4704,55
4705,2
4706,9
4707,8
4708,17
4709,6
4710,0
4711,53
4712,28
4713,30
4714,6
4715,8
4716,40
4717,30
4718,4
4719,3
4720,15
4721,2
4722,15
4723,7
4724,4
4725,4
4726,7
4727,3
4728,12
4729,6
4730,8
4731,18
4732,4
4733,28
4734,5
4735,18
4736,34
4737,55
4738,0
4739,40
4740,55
4741,1
4742,32
4743,39
4744,55
4745,1
4746,1
4747,9
4748,25
4749,40
4750,30
4751,1
4752,9
4753,0
4754,34
4755,3
4756,25
4757,39
4758,4
4759,4
4760,3
4761,29
4762,43
4763,10
4764,27
4765,32
4766,7
4767,1
4768,47
4769,28
4770,23
4771,6
4772,25
4773,3
4774,8
4775,1
4776,32
4777,0
4778,4
4779,58
4780,0
4781,1
4782,55
4783,1
4784,7
4785,5
4786,22
4787,24
4788,1
4789,55
4790,32
4791,40
4792,2
4793,18
4794,1
4795,28
4796,8
4797,55
4798,24
4799,4
4800,4
4801,49
4802,15
4803,9
4804,55
4805,0
4806,1
4807,40
4808,2
4809,39
4810,8
4811,1
4812,9
4813,30
4814,53
4815,28
4816,15
4817,55
4818,61
4819,40
4820,4
4821,25
4822,30
4823,24
4824,19
4825,5
4826,29
4827,18
4828,18
4829,36
4830,1
4831,39
4832,18
4833,4
4834,9
4835,34
4836,2
4837,27
4838,43
4839,7
4840,6
4841,9
4842,60
4843,18
4844,2
4845,55
4846,33
4847,12
4848,25
4849,2
4850,1
4851,31
4852,0
4853,22
4854,0
4855,32
4856,12
4857,9
4858,6
4859,25
4860,19
4861,53
4862,9
4863,1
4864,45
4865,29
4866,8
4867,6
4868,3
4869,9
4870,29
4871,5
4872,36
4873,5
4874,9
4875,6
4876,30
4877,6
4878,29
4879,1
4880,0
4881,9
4882,2
4883,2
4884,7
4885,2
4886,32
4887,4
4888,4
4889,24
4890,25
4891,1
4892,6
4893,28
4894,7
4895,8
4896,25
4897,12
4898,6
4899,40
4900,29
4901,9
4902,14
4903,1
4904,5
4905,5
4906,30
4907,36
4908,1
4909,28
4910,7
4911,8
4912,7
4913,58
4914,5
4915,25
4916,20
4917,7
4918,1
4919,30
4920,0
4921,1
4922,30
4923,5
4924,36
4925,13
4926,28
4927,23
4928,21
4929,5
4930,24
4931,18
4932,3
4933,40
4934,7
4935,40
4936,8
4937,9
4938,28
4939,18
4940,1
4941,9
4942,40
4943,11
4944,6
4945,6
4946,6
4947,9
4948,24
4949,34
4950,5
4951,30
4952,1
4953,55
4954,40
4955,2
4956,9
4957,29
4958,34
4959,6
4960,2
4961,3
4962,5
4963,3
4964,3
4965,18
4966,2
4967,6
4968,4
4969,4
4970,4
4971,5
4972,49
4973,25
4974,7
4975,35
4976,36
4977,28
4978,8
4979,58
4980,9
4981,2
4982,0
4983,61
4984,58
4985,2
4986,2
4987,4
4988,5
4989,4
4990,36
4991,4
4992,43
4993,0
4994,5
4995,15
4996,30
4997,6
4998,4
4999,8
5000,0
5001,5
5002,22
5003,8
5004,7
5005,8
5006,53
5007,36
5008,21
5009,24
5010,24
5011,25
5012,34
5013,5
5014,7
5015,24
5016,0
5017,6
5018,9
5019,59
5020,1
5021,11
5022,13
5023,30
5024,23
5025,43
5026,39
5027,23
5028,1
5029,31
5030,36
5031,0
5032,9
5033,4
5034,8
5035,10
5036,3
5037,5
5038,1
5039,8
5040,28
5041,46
5042,30
5043,9
5044,1
5045,24
5046,5
5047,3
5048,4
5049,3
5050,34
5051,17
5052,4
5053,14
5054,7
5055,55
5056,1
5057,10
5058,0
5059,49
5060,1
5061,4
5062,28
5063,7
5064,9
5065,9
5066,6
5067,6
5068,1
5069,7
5070,55
5071,5
5072,18
5073,43
5074,8
5075,0
5076,55
5077,1
5078,1
5079,12
5080,4
5081,20
5082,2
5083,4
5084,5
5085,1
5086,36
5087,0
5088,39
5089,57
5090,4
5091,18
5092,61
5093,0
5094,32
5095,15
5096,7
5097,12
5098,1
5099,8
5100,34
5101,18
5102,6
5103,28
5104,30
5105,9
5106,59
5107,1
5108,8
5109,5
5110,28
5111,4
5112,0
5113,40
5114,15
5115,1
5116,1
5117,7
5118,10
5119,7
5120,40
5121,4
5122,0
5123,27
5124,7
5125,5
5126,7
5127,39
5128,49
5129,7
5130,3
5131,24
5132,39
5133,49
5134,0
5135,14
5136,12
5137,4
5138,37
5139,0
5140,26
5141,5
5142,1
5143,3
5144,28
5145,5
5146,7
5147,26
5148,5
5149,0
5150,1
5151,1
5152,39
5153,9
5154,40
5155,34
5156,40
5157,8
5158,34
5159,4
5160,2
5161,9
5162,18
5163,0
5164,49
5165,32
5166,6
5167,53
5168,2
5169,6
5170,28
5171,3
5172,7
5173,5
5174,24
5175,8
5176,1
5177,1
5178,11
5179,0
5180,2
5181,4
5182,6
5183,55
5184,2
5185,40
5186,7
5187,2
5188,9
5189,7
5190,4
5191,34
5192,2
5193,31
5194,3
5195,49
5196,15
5197,9
5198,2
5199,24
5200,6
5201,0
5202,2
5203,10
5204,0
5205,15
5206,30
5207,3
5208,28
5209,36
5210,24
5211,7
5212,23
5213,40
5214,22
5215,29
5216,24
5217,6
5218,7
5219,26
5220,7
5221,9
5222,28
5223,5
5224,7
5225,1
5226,5
5227,51
5228,30
5229,30
5230,8
5231,55
5232,37
5233,0
5234,4
5235,0
5236,30
5237,23
5238,15
5239,4
5240,9
5241,1
5242,25
5243,1
5244,55
5245,7
5246,0
5247,55
5248,3
5249,28
5250,7
5251,25
5252,4
5253,2
5254,5
5255,2
5256,7
5257,4
5258,28
5259,1
5260,0
5261,2
5262,56
5263,9
5264,0
5265,5
5266,31
5267,4
5268,6
5269,23
5270,5
5271,53
5272,1
5273,6
5274,3
5275,7
5276,0
5277,24
5278,28
5279,40
5280,1
5281,30
5282,9
5283,31
5284,55
5285,55
5286,6
5287,3
5288,4
5289,3
5290,1
5291,1
5292,12
5293,25
5294,39
5295,0
5296,18
5297,28
5298,37
5299,8
5300,28
5301,45
5302,31
5303,17
5304,5
5305,7
5306,25
5307,2
5308,49
5309,6
5310,25
5311,12
5312,7
5313,15
5314,59
5315,8
5316,49
5317,1
5318,9
5319,15
5320,55
5321,13
5322,2
5323,22
5324,0
5325,39
5326,42
5327,40
5328,1
5329,55
5330,6
5331,1
5332,0
5333,0
5334,9
5335,24
5336,1
5337,7
5338,28
5339,15
5340,1
5341,24
5342,4
5343,7
5344,1
5345,9
5346,1
5347,2
5348,36
5349,0
5350,9
5351,7
5352,9
5353,5
5354,53
5355,7
5356,22
5357,21
5358,6
5359,18
5360,7
5361,49
5362,6
5363,36
5364,0
5365,22
5366,9
5367,53
5368,9
5369,5
5370,36
5371,28
5372,20
5373,4
5374,2
5375,7
5376,9
5377,4
5378,11
5379,37
5380,0
5381,3
5382,9
5383,5
5384,0
5385,18
5386,3
5387,7
5388,3
5389,1
5390,28
5391,25
5392,40
5393,21
5394,4
5395,2
5396,30
5397,5
5398,53
5399,26
5400,9
5401,3
5402,6
5403,23
5404,4
5405,3
5406,9
5407,27
5408,20
5409,8
5410,9
5411,0
5412,22
5413,0
5414,5
5415,7
5416,53
5417,14
5418,32
5419,5
5420,5
5421,24
5422,4
5423,5
5424,39
5425,40
5426,8
5427,5
5428,28
5429,24
5430,29
5431,9
5432,29
5433,19
5434,5
5435,28
5436,15
5437,3
5438,40
5439,5
5440,30
5441,29
5442,7
5443,40
5444,8
5445,17
5446,1
5447,5
5448,34
5449,6
5450,40
5451,3
5452,18
5453,6
5454,2
5455,0
5456,2
5457,6
5458,22
5459,29
5460,7
5461,24
5462,6
5463,28
5464,33
5465,24
5466,24
5467,2
5468,22
5469,3
5470,1
5471,4
5472,37
5473,9
5474,2
5475,8
5476,24
5477,8
5478,7
5479,6
5480,4
5481,30
5482,21
5483,22
5484,2
5485,33
5486,39
5487,28
5488,40
5489,3
5490,8
5491,9
5492,3
5493,7
5494,24
5495,8
5496,15
5497,49
5498,8
5499,0
5500,30
5501,32
5502,60
5503,40
5504,8
5505,6
5506,2
5507,30
5508,12
5509,6
5510,1
5511,7
5512,24
5513,24
5514,4
5515,1
5516,55
5517,2
5518,49
5519,0
5520,40
5521,39
5522,39
5523,59
5524,1
5525,32
5526,7
5527,25
5528,28
5529,28
5530,16
5531,9
5532,9
5533,61
5534,9
5535,28
5536,28
5537,1
5538,30
5539,2
5540,1
5541,5
5542,22
5543,5
5544,1
5545,8
5546,6
5547,36
5548,29
5549,9
5550,37
5551,3
5552,9
5553,6
5554,2
5555,19
5556,10
5557,2
5558,2
5559,52
5560,6
5561,24
5562,1
5563,4
5564,22
5565,8
5566,28
5567,9
5568,5
5569,40
5570,31
5571,10
5572,55
5573,40
5574,15
5575,29
5576,0
5577,9
5578,7
5579,46
5580,9
5581,27
5582,19
5583,7
5584,28
5585,7
5586,1
5587,30
5588,9
5589,0
5590,2
5591,7
5592,13
5593,0
5594,5
5595,56
5596,39
5597,2
5598,7
5599,47
5600,40
5601,23
5602,5
5603,28
5604,34
5605,0
5606,49
5607,6
5608,43
5609,6
5610,8
5611,7
5612,0
5613,24
5614,21
5615,5
5616,18
5617,4
5618,9
5619,1
5620,1
5621,53
5622,3
5623,55
5624,8
5625,7
5626,36
5627,11
5628,55
5629,30
5630,22
5631,6
5632,5
5633,42
5634,24
5635,8
5636,0
5637,8
5638,34
5639,0
5640,2
5641,5
5642,9
5643,24
5644,31
5645,29
5646,7
5647,1
5648,18
5649,2
5650,5
5651,40
5652,6
5653,7
5654,6
5655,4
5656,8
5657,58
5658,8
5659,1
5660,8
5661,36
5662,14
5663,6
5664,40
5665,1
5666,1
5667,9
5668,53
5669,28
5670,29
5671,61
5672,18
5673,4
5674,8
5675,2
5676,9
5677,5
5678,24
5679,7
5680,1
5681,1
5682,25
5683,2
5684,7
5685,43
5686,9
5687,7
5688,28
5689,18
5690,39
5691,28
5692,23
5693,10
5694,47
5695,28
5696,2
5697,5
5698,15
5699,49
5700,0
5701,9
5702,3
5703,0
5704,3
5705,6
5706,24
5707,9
5708,23
5709,23
5710,28
5711,1
5712,3
5713,7
5714,40
5715,49
5716,2
5717,31
5718,1
5719,2
5720,12
5721,0
5722,18
5723,37
5724,1
5725,8
5726,25
5727,1
5728,21
5729,40
5730,7
5731,1
5732,3
5733,23
5734,22
5735,43
5736,3
5737,9
5738,6
5739,23
5740,39
5741,25
5742,9
5743,7
5744,2
5745,4
5746,2
5747,8
5748,17
5749,3
5750,6
5751,4
5752,4
5753,24
5754,0
5755,0
5756,15
5757,8
5758,9
5759,55
5760,55
5761,7
5762,27
5763,7
5764,1
5765,53
5766,28
5767,53
5768,4
5769,5
5770,49
5771,39
5772,18
5773,1
5774,6
5775,45
5776,8
5777,6
5778,39
5779,3
5780,6
5781,28
5782,18
5783,27
5784,7
5785,40
5786,1
5787,7
5788,9
5789,3
5790,18
5791,5
5792,39
5793,15
5794,15
5795,53
5796,55
5797,17
5798,1
5799,31
5800,1
5801,31
5802,7
5803,10
5804,24
5805,24
5806,28
5807,49
5808,0
5809,6
5810,3
5811,23
5812,53
5813,23
5814,33
5815,7
5816,4
5817,0
5818,4
5819,8
5820,53
5821,7
5822,13
5823,0
5824,9
5825,59
5826,2
5827,9
5828,8
5829,4
5830,1
5831,1
5832,17
5833,9
5834,6
5835,14
5836,55
5837,55
5838,4
5839,22
5840,24
5841,0
5842,9
5843,9
5844,1
5845,22
5846,6
5847,6
5848,1
5849,28
5850,30
5851,3
5852,3
5853,5
5854,7
5855,40
5856,49
5857,6
5858,34
5859,28
5860,49
5861,5
5862,29
5863,5
5864,30
5865,14
5866,14
5867,46
5868,53
5869,4
5870,2
5871,24
5872,30
5873,43
5874,9
5875,28
5876,1
5877,42
5878,0
5879,1
5880,8
5881,7
5882,36
5883,3
5884,8
5885,53
5886,4
5887,4
5888,8
5889,8
5890,14
5891,22
5892,0
5893,39
5894,3
5895,53
5896,6
5897,3
5898,8
5899,5
5900,24
5901,1
5902,49
5903,2
5904,10
5905,5
5906,5
5907,10
5908,32
5909,40
5910,1
5911,0
5912,24
5913,1
5914,43
5915,2
5916,6
5917,6
5918,3
5919,1
5920,7
5921,36
5922,4
5923,43
5924,2
5925,22
5926,24
5927,53
5928,39
5929,4
5930,15
5931,2
5932,4
5933,11
5934,3
5935,7
5936,24
5937,9
5938,7
5939,49
5940,3
5941,2
5942,32
5943,18
5944,0
5945,24
5946,3
5947,24
5948,28
5949,2
5950,19
5951,46
5952,32
5953,22
5954,5
5955,7
5956,5
5957,53
5958,4
5959,49
5960,3
5961,28
5962,3
5963,28
5964,49
5965,28
5966,5
5967,4
5968,5
5969,5
5970,36
5971,19
5972,42
5973,1
5974,49
5975,20
5976,7
5977,42
5978,1
5979,4
5980,40
5981,3
5982,32
5983,5
5984,8
5985,24
5986,28
5987,0
5988,9
5989,12
5990,55
5991,6
5992,21
5993,40
5994,30
5995,13
5996,3
5997,40
5998,33
5999,21
6000,2
6001,9
6002,53
6003,22
6004,2
6005,53
6006,2
6007,0
6008,25
6009,1
6010,3
6011,40
6012,53
6013,24
6014,2
6015,8
6016,4
6017,15
6018,5
6019,39
6020,1
6021,1
6022,40
6023,0
6024,9
6025,53
6026,4
6027,30
6028,0
6029,4
6030,1
6031,21
6032,6
6033,31
6034,2
6035,2
6036,31
6037,23
6038,30
6039,28
6040,49
6041,13
6042,40
6043,42
6044,8
6045,25
6046,3
6047,12
6048,10
6049,1
6050,32
6051,32
6052,9
6053,3
6054,35
6055,3
6056,9
6057,28
6058,4
6059,4
6060,11
6061,7
6062,0
6063,6
6064,24
6065,24
6066,12
6067,2
6068,7
6069,25
6070,9
6071,4
6072,5
6073,47
6074,12
6075,6
6076,30
6077,0
6078,27
6079,6
6080,6
6081,12
6082,0
6083,40
6084,45
6085,4
6086,34
6087,9
6088,10
6089,8
6090,39
6091,4
6092,9
6093,55
6094,49
6095,8
6096,0
6097,4
6098,1
6099,24
6100,46
6101,7
6102,3
6103,47
6104,39
6105,24
6106,34
6107,36
6108,0
6109,15
6110,4
6111,21
6112,1
6113,43
6114,4
6115,9
6116,5
6117,9
6118,33
6119,4
6120,6
6121,21
6122,22
6123,1
6124,40
6125,30
6126,14
6127,25
6128,10
6129,29
6130,27
6131,0
6132,6
6133,28
6134,4
6135,5
6136,1
6137,29
6138,0
6139,7
6140,22
6141,6
6142,9
6143,7
6144,6
6145,25
6146,7
6147,7
6148,24
6149,1
6150,0
6151,12
6152,3
6153,55
6154,2
6155,5
6156,24
6157,1
6158,8
6159,7
6160,59
6161,12
6162,0
6163,7
6164,52
6165,24
6166,5
6167,1
6168,0
6169,6
6170,14
6171,28
6172,2
6173,40
6174,40
6175,8
6176,53
6177,0
6178,8
6179,7
6180,22
6181,33
6182,8
6183,0
6184,26
6185,29
6186,53
6187,4
6188,6
6189,24
6190,22
6191,36
6192,36
6193,5
6194,24
6195,1
6196,9
6197,25
6198,31
6199,4
6200,24
6201,9
6202,0
6203,2
6204,47
6205,58
6206,6
6207,39
6208,49
6209,2
6210,9
6211,7
6212,11
6213,30
6214,0
6215,47
6216,53
6217,28
6218,34
6219,0
6220,3
6221,5
6222,12
6223,7
6224,1
6225,31
6226,11
6227,3
6228,1
6229,43
6230,6
6231,3
6232,8
6233,18
6234,8
6235,30
6236,1
6237,6
6238,23
6239,0
6240,2
6241,4
6242,1
6243,8
6244,13
6245,16
6246,6
6247,6
6248,21
6249,14
6250,7
6251,15
6252,24
6253,1
6254,43
6255,9
6256,7
6257,14
6258,2
6259,42
6260,18
6261,1
6262,0
6263,46
6264,6
6265,53
6266,8
6267,8
6268,0
6269,8
6270,1
6271,10
6272,4
6273,3
6274,9
6275,8
6276,4
6277,12
6278,43
6279,0
6280,4
6281,1
6282,1
6283,9
6284,4
6285,53
6286,28
6287,8
6288,30
6289,37
6290,17
6291,36
6292,9
6293,4
6294,15
6295,0
6296,4
6297,1
6298,1
6299,53
6300,29
6301,7
6302,2
6303,24
6304,47
6305,4
6306,40
6307,24
6308,53
6309,25
6310,28
6311,49
6312,7
6313,0
6314,19
6315,14
6316,6
6317,1
6318,12
6319,9
6320,43
6321,37
6322,53
6323,2
6324,4
6325,53
6326,0
6327,7
6328,55
6329,3
6330,6
6331,33
6332,4
6333,24
6334,0
6335,5
6336,5
6337,15
6338,6
6339,6
6340,28
6341,3
6342,15
6343,30
6344,5
6345,13
6346,7
6347,2
6348,43
6349,3
6350,28
6351,59
6352,7
6353,3
6354,1
6355,2
6356,5
6357,55
6358,0
6359,6
6360,18
6361,6
6362,13
6363,1
6364,9
6365,30
6366,2
6367,4
6368,4
6369,53
6370,1
6371,1
6372,43
6373,28
6374,8
6375,8
6376,2
6377,13
6378,8
6379,31
6380,3
6381,29
6382,8
6383,31
6384,4
6385,5
6386,12
6387,7
6388,4
6389,1
6390,5
6391,53
6392,5
6393,5
6394,0
6395,9
6396,35
6397,4
6398,29
6399,1
6400,9
6401,28
6402,3
6403,1
6404,53
6405,7
6406,8
6407,24
6408,3
6409,6
6410,4
6411,12
6412,27
6413,30
6414,0
6415,36
6416,6
6417,3
6418,4
6419,28
6420,5
6421,18
6422,3
6423,53
6424,15
6425,40
6426,8
6427,6
6428,19
6429,55
6430,12
6431,1
6432,3
6433,7
6434,12
6435,3
6436,4
6437,24
6438,29
6439,2
6440,5
6441,8
6442,3
6443,8
6444,9
6445,10
6446,39
6447,3
6448,7
6449,40
6450,40
6451,0
6452,45
6453,12
6454,2
6455,24
6456,6
6457,4
6458,60
6459,40
6460,12
6461,4
6462,7
6463,5
6464,4
6465,4
6466,7
6467,22
6468,28
6469,1
6470,1
6471,27
6472,4
6473,53
6474,15
6475,19
6476,14
6477,53
6478,9
6479,34
6480,11
6481,13
6482,0
6483,55
6484,16
6485,39
6486,6
6487,5
6488,2
6489,37
6490,7
6491,40
6492,23
6493,9
6494,4
6495,40
6496,0
6497,30
6498,29
6499,53
6500,8
6501,6
6502,55
6503,4
6504,53
6505,53
6506,22
6507,55
6508,18
6509,39
6510,12
6511,40
6512,42
6513,15
6514,3
6515,2
6516,1
6517,30
6518,3
6519,10
6520,53
6521,9
6522,3
6523,31
6524,53
6525,2
6526,3
6527,8
6528,5
6529,23
6530,1
6531,6
6532,8
6533,39
6534,30
6535,2
6536,55
6537,7
6538,2
6539,1
6540,40
6541,47
6542,12
6543,43
6544,8
6545,24
6546,19
6547,23
6548,24
6549,4
6550,1
6551,29
6552,1
6553,1
6554,23
6555,49
6556,40
6557,34
6558,36
6559,1
6560,9
6561,15
6562,6
6563,2
6564,27
6565,11
6566,8
6567,7
6568,29
6569,22
6570,9
6571,1
6572,53
6573,17
6574,1
6575,9
6576,28
6577,4
6578,6
6579,49
6580,2
6581,6
6582,13
6583,0
6584,2
6585,28
6586,55
6587,32
6588,2
6589,34
6590,24
6591,43
6592,43
6593,27
6594,21
6595,0
6596,32
6597,24
6598,1
6599,55
6600,1
6601,21
6602,2
6603,3
6604,31
6605,42
6606,40
6607,40
6608,0
6609,1
6610,53
6611,18
6612,21
6613,39
6614,34
6615,34
6616,0
6617,7
6618,8
6619,30
6620,9
6621,15
6622,30
6623,2
6624,11
6625,6
6626,10
6627,31
6628,55
6629,2
6630,59
6631,7
6632,11
6633,47
6634,2
6635,23
6636,36
6637,6
6638,3
6639,23
6640,1
6641,28
6642,5
6643,5
6644,13
6645,40
6646,28
6647,9
6648,7
6649,15
6650,12
6651,60
6652,18
6653,10
6654,9
6655,10
6656,1
6657,6
6658,37
6659,0
6660,10
6661,3
6662,6
6663,30
6664,37
6665,55
6666,0
6667,3
6668,8
6669,29
6670,7
6671,8
6672,4
6673,4
6674,4
6675,7
6676,3
6677,6
6678,18
6679,4
6680,5
6681,43
6682,28
6683,30
6684,3
6685,7
6686,28
6687,0
6688,9
6689,7
6690,49
6691,36
6692,34
6693,2
6694,9
6695,28
6696,59
6697,0
6698,8
6699,2
6700,28
6701,7
6702,9
6703,3
6704,22
6705,34
6706,28
6707,26
6708,6
6709,8
6710,23
6711,1
6712,28
6713,9
6714,4
6715,39
6716,6
6717,6
6718,14
6719,53
6720,5
6721,7
6722,11
6723,9
6724,8
6725,49
6726,46
6727,9
6728,43
6729,2
6730,12
6731,0
6732,2
6733,6
6734,40
6735,34
6736,21
6737,22
6738,7
6739,10
6740,3
6741,4
6742,1
6743,30
6744,15
6745,23
6746,29
6747,1
6748,21
6749,8
6750,31
6751,53
6752,28
6753,8
6754,46
6755,55
6756,1
6757,4
6758,7
6759,4
6760,40
6761,35
6762,28
6763,1
6764,8
6765,23
6766,1
6767,31
6768,1
6769,9
6770,23
6771,7
6772,1
6773,0
6774,8
6775,31
6776,4
6777,4
6778,44
6779,9
6780,7
6781,0
6782,25
6783,2
6784,43
6785,53
6786,3
6787,22
6788,58
6789,0
6790,7
6791,28
6792,3
6793,40
6794,5
6795,7
6796,17
6797,1
6798,49
6799,42
6800,15
6801,21
6802,6
6803,7
6804,39
6805,4
6806,0
6807,6
6808,2
6809,29
6810,3
6811,6
6812,0
6813,4
6814,24
6815,8
6816,28
6817,40
6818,34
6819,25
6820,14
6821,58
6822,1
6823,19
6824,8
6825,37
6826,3
6827,9
6828,4
6829,14
6830,8
6831,31
6832,1
6833,10
6834,0
6835,40
6836,5
6837,49
6838,40
6839,1
6840,23
6841,25
6842,7
6843,1
6844,29
6845,28
6846,11
6847,4
6848,55
6849,59
6850,44
6851,3
6852,9
6853,8
6854,4
6855,24
6856,46
6857,8
6858,24
6859,53
6860,46
6861,30
6862,2
6863,55
6864,40
6865,22
6866,16
6867,1
6868,2
6869,4
6870,39
6871,47
6872,1
6873,18
6874,34
6875,43
6876,39
6877,40
6878,0
6879,2
6880,11
6881,3
6882,0
6883,23
6884,1
6885,34
6886,6
6887,1
6888,7
6889,61
6890,12
6891,28
6892,6
6893,4
6894,15
6895,39
6896,0
6897,2
6898,2
6899,2
6900,7
6901,1
6902,6
6903,15
6904,18
6905,1
6906,32
6907,28
6908,28
6909,8
6910,5
6911,31
6912,53
6913,10
6914,8
6915,40
6916,18
6917,1
6918,15
6919,8
6920,55
6921,18
6922,23
6923,14
6924,17
6925,8
6926,2
6927,40
6928,1
6929,1
6930,1
6931,36
6932,36
6933,61
6934,2
6935,9
6936,26
6937,6
6938,37
6939,22
6940,23
6941,2
6942,24
6943,25
6944,28
6945,6
6946,35
6947,6
6948,6
6949,4
6950,0
6951,9
6952,2
6953,29
6954,49
6955,6
6956,0
6957,7
6958,6
6959,7
6960,4
6961,7
6962,34
6963,53
6964,28
6965,37
6966,40
6967,58
6968,8
6969,15
6970,28
6971,8
6972,1
6973,0
6974,24
6975,13
6976,4
6977,43
6978,0
6979,23
6980,53
6981,3
6982,1
6983,14
6984,7
6985,22
6986,6
6987,7
6988,19
6989,3
6990,39
6991,4
6992,26
6993,5
6994,0
6995,6
6996,2
6997,5
6998,25
6999,8
7000,2
7001,31
7002,0
7003,20
7004,8
7005,1
7006,34
7007,6
7008,26
7009,1
7010,4
7011,0
7012,49
7013,8
7014,1
7015,19
7016,15
7017,39
7018,1
7019,8
7020,9
7021,4
7022,1
7023,2
7024,2
7025,28
7026,24
7027,19
7028,31
7029,39
7030,1
7031,7
7032,4
7033,0
7034,15
7035,9
7036,36
7037,7
7038,53
7039,8
7040,10
7041,18
7042,0
7043,8
7044,24
7045,1
7046,0
7047,19
7048,1
7049,9
7050,9
7051,7
7052,6
7053,2
7054,49
7055,1
7056,2
7057,5
7058,28
7059,59
7060,40
7061,1
7062,4
7063,3
7064,6
7065,40
7066,53
7067,6
7068,40
7069,55
7070,4
7071,28
7072,55
7073,49
7074,6
7075,12
7076,1
7077,3
7078,3
7079,25
7080,1
7081,6
7082,2
7083,9
7084,2
7085,4
7086,7
7087,14
7088,30
7089,9
7090,6
7091,30
7092,10
7093,12
7094,7
7095,1
7096,55
7097,36
7098,2
7099,8
7100,40
7101,7
7102,8
7103,37
7104,9
7105,7
7106,24
7107,14
7108,1
7109,49
7110,23
7111,9
7112,14
7113,2
7114,40
7115,6
7116,0
7117,30
7118,9
7119,6
7120,9
7121,20
7122,6
7123,40
7124,23
7125,28
7126,55
7127,18
7128,5
7129,55
7130,29
7131,10
7132,24
7133,0
7134,4
7135,4
7136,0
7137,5
7138,33
7139,9
7140,28
7141,4
7142,53
7143,49
7144,3
7145,9
7146,1
7147,0
7148,27
7149,6
7150,2
7151,40
7152,40
7153,30
7154,8
7155,7
7156,39
7157,40
7158,28
7159,0
7160,1
7161,32
7162,25
7163,12
7164,19
7165,2
7166,6
7167,31
7168,9
7169,6
7170,55
7171,14
7172,4
7173,2
7174,0
7175,1
7176,0
7177,1
7178,16
7179,8
7180,6
7181,1
7182,18
7183,3
7184,1
7185,8
7186,2
7187,3
7188,46
7189,40
7190,14
7191,7
7192,9
7193,8
7194,2
7195,42
7196,5
7197,37
7198,8
7199,25
7200,53
7201,30
7202,40
7203,8
7204,28
7205,45
7206,5
7207,7
7208,30
7209,2
7210,9
7211,25
7212,0
7213,10
7214,35
7215,47
7216,12
7217,6
7218,9
7219,8
7220,7
7221,6
7222,8
7223,8
7224,40
7225,40
7226,30
7227,3
7228,31
7229,5
7230,13
7231,7
7232,5
7233,39
7234,1
7235,4
7236,8
7237,24
7238,8
7239,32
7240,1
7241,1
7242,2
7243,1
7244,6
7245,0
7246,17
7247,2
7248,53
7249,1
7250,47
7251,1
7252,11
7253,8
7254,53
7255,9
7256,4
7257,4
7258,3
7259,3
7260,60
7261,3
7262,9
7263,1
7264,34
7265,13
7266,4
7267,36
7268,2
7269,9
7270,53
7271,2
7272,9
7273,53
7274,1
7275,2
7276,61
7277,29
7278,25
7279,2
7280,7
7281,23
7282,1
7283,6
7284,40
7285,27
7286,37
7287,8
7288,2
7289,4
7290,27
7291,1
7292,6
7293,9
7294,9
7295,8
7296,8
7297,15
7298,4
7299,3
7300,36
7301,25
7302,43
7303,2
7304,53
7305,34
7306,9
7307,25
7308,0
7309,7
7310,53
7311,28
7312,28
7313,55
7314,49
7315,53
7316,8
7317,6
7318,53
7319,30
7320,31
7321,9
7322,55
7323,1
7324,1
7325,1
7326,23
7327,8
7328,34
7329,2
7330,25
7331,1
7332,6
7333,8
7334,5
7335,0
7336,22
7337,6
7338,53
7339,7
7340,0
7341,43
7342,55
7343,1
7344,0
7345,5
7346,3
7347,18
7348,12
7349,18
7350,4
7351,24
7352,24
7353,1
7354,6
7355,0
7356,30
7357,3
7358,18
7359,5
7360,3
7361,28
7362,4
7363,2
7364,28
7365,9
7366,18
7367,7
7368,7
7369,0
7370,28
7371,2
7372,7
7373,1
7374,1
7375,9
7376,28
7377,4
7378,8
7379,14
7380,8
7381,6
7382,8
7383,1
7384,1
7385,3
7386,21
7387,5
7388,55
7389,43
7390,0
7391,5
7392,24
7393,0
7394,47
7395,18
7396,9
7397,7
7398,1
7399,12
7400,53
7401,11
7402,9
7403,0
7404,27
7405,7
7406,6
7407,10
7408,43
7409,43
7410,2
7411,40
7412,3
7413,15
7414,5
7415,1
7416,2
7417,49
7418,28
7419,2
7420,1
7421,3
7422,40
7423,9
7424,29
7425,31
7426,2
7427,6
7428,2
7429,24
7430,4
7431,2
7432,1
7433,3
7434,9
7435,10
7436,30
7437,5
7438,16
7439,0
7440,10
7441,2
7442,49
7443,17
7444,2
7445,61
7446,1
7447,17
7448,23
7449,2
7450,2
7451,1
7452,4
7453,1
7454,13
7455,59
7456,2
7457,2
7458,4
7459,28
7460,30
7461,1
7462,28
7463,24
7464,3
7465,0
7466,1
7467,6
7468,1
7469,2
7470,0
7471,4
7472,3
7473,9
7474,28
7475,4
7476,2
7477,6
7478,7
7479,8
7480,1
7481,23
7482,0
7483,46
7484,53
7485,39
7486,18
7487,5
7488,8
7489,1
7490,4
7491,37
7492,30
7493,55
7494,1
7495,23
7496,19
7497,6
7498,25
7499,49
7500,30
7501,40
7502,39
7503,4
7504,20
7505,9
7506,6
7507,0
7508,8
7509,8
7510,33
7511,3
7512,10
7513,12
7514,9
7515,3
7516,3
7517,36
7518,53
7519,43
7520,1
7521,5
7522,30
7523,6
7524,0
7525,25
7526,28
7527,2
7528,6
7529,39
7530,21
7531,6
7532,43
7533,6
7534,40
7535,15
7536,17
7537,2
7538,46
7539,0
7540,53
7541,8
7542,24
7543,28
7544,0
7545,53
7546,43
7547,6
7548,49
7549,40
7550,2
7551,4
7552,28
7553,1
7554,0
7555,5
7556,2
7557,7
7558,1
7559,32
7560,8
7561,39
7562,6
7563,25
7564,6
7565,1
7566,47
7567,9
7568,28
7569,16
7570,0
7571,3
7572,4
7573,61
7574,5
7575,31
7576,3
7577,49
7578,2
7579,17
7580,24
7581,36
7582,36
7583,0
7584,1
7585,1
7586,59
7587,9
7588,4
7589,36
7590,3
7591,3
7592,49
7593,14
7594,14
7595,7
7596,1
7597,0
7598,47
7599,1
7600,15
7601,1
7602,27
7603,3
7604,46
7605,59
7606,0
7607,3
7608,5
7609,8
7610,3
7611,28
7612,22
7613,49
7614,0
7615,24
7616,15
7617,0
7618,4
7619,2
7620,37
7621,5
7622,4
7623,7
7624,3
7625,23
7626,30
7627,4
7628,8
7629,2
7630,2
7631,2
7632,19
7633,14
7634,3
7635,2
7636,34
7637,0
7638,49
7639,3
7640,32
7641,18
7642,3
7643,2
7644,7
7645,18
7646,7
7647,49
7648,1
7649,23
7650,36
7651,0
7652,49
7653,6
7654,6
7655,6
7656,39
7657,4
7658,15
7659,6
7660,0
7661,8
7662,0
7663,39
7664,3
7665,21
7666,2
7667,34
7668,6
7669,28
7670,1
7671,8
7672,12
7673,8
7674,1
7675,14
7676,29
7677,0
7678,4
7679,7
7680,1
7681,3
7682,0
7683,36
7684,39
7685,47
7686,9
7687,24
7688,58
7689,1
7690,2
7691,2
7692,8
7693,39
7694,9
7695,0
7696,30
7697,55
7698,39
7699,5
7700,58
7701,8
7702,4
7703,53
7704,40
7705,9
7706,28
7707,32
7708,4
7709,1
7710,0
7711,5
7712,59
7713,4
7714,40
7715,3
7716,7
7717,5
7718,6
7719,28
7720,46
7721,22
7722,6
7723,39
7724,9
7725,1
7726,4
7727,49
7728,60
7729,9
7730,3
7731,6
7732,6
7733,4
7734,25
7735,55
7736,9
7737,22
7738,28
7739,2
7740,6
7741,43
7742,18
7743,40
7744,0
7745,40
7746,28
7747,8
7748,40
7749,2
7750,8
7751,2
7752,9
7753,6
7754,49
7755,39
7756,1
7757,39
7758,2
7759,31
7760,3
7761,21
7762,6
7763,7
7764,49
7765,30
7766,5
7767,8
7768,8
7769,55
7770,1
7771,0
7772,49
7773,3
7774,1
7775,53
7776,9
7777,34
7778,9
7779,12
7780,28
7781,0
7782,12
7783,1
7784,6
7785,13
7786,26
7787,1
7788,43
7789,21
7790,24
7791,3
7792,32
7793,1
7794,24
7795,5
7796,5
7797,43
7798,25
7799,15
7800,8
7801,6
7802,5
7803,55
7804,40
7805,40
7806,18
7807,1
7808,9
7809,53
7810,34
7811,2
7812,2
7813,3
7814,3
7815,2
7816,43
7817,23
7818,3
7819,5
7820,1
7821,13
7822,4
7823,28
7824,7
7825,58
7826,40
7827,28
7828,28
7829,0
7830,9
7831,9
7832,31
7833,4
7834,4
7835,9
7836,0
7837,6
7838,2
7839,55
7840,55
7841,27
7842,1
7843,24
7844,0
7845,4
7846,24
7847,4
7848,1
7849,23
7850,6
7851,9
7852,12
7853,23
7854,12
7855,3
7856,24
7857,6
7858,8
7859,7
7860,23
7861,32
7862,1
7863,26
7864,31
7865,37
7866,29
7867,40
7868,0
7869,4
7870,24
7871,24
7872,28
7873,21
7874,14
7875,2
7876,5
7877,14
7878,9
7879,10
7880,5
7881,21
7882,18
7883,8
7884,39
7885,39
7886,8
7887,0
7888,0
7889,4
7890,3
7891,28
7892,18
7893,39
7894,7
7895,53
7896,35
7897,12
7898,29
7899,46
7900,0
7901,8
7902,32
7903,29
7904,59
7905,34
7906,3
7907,7
7908,5
7909,0
7910,49
7911,1
7912,46
7913,5
7914,25
7915,9
7916,24
7917,3
7918,13
7919,49
7920,1
7921,22
7922,19
7923,29
7924,7
7925,5
7926,36
7927,2
7928,3
7929,9
7930,6
7931,9
7932,7
7933,33
7934,2
7935,55
7936,49
7937,43
7938,18
7939,7
7940,7
7941,9
7942,11
7943,18
7944,48
7945,2
7946,18
7947,45
7948,3
7949,53
7950,32
7951,3
7952,28
7953,1
7954,24
7955,6
7956,40
7957,15
7958,52
7959,24
7960,14
7961,12
7962,3
7963,30
7964,14
7965,2
7966,22
7967,0
7968,4
7969,1
7970,25
7971,5
7972,3
7973,53
7974,43
7975,34
7976,23
7977,14
7978,13
7979,9
7980,8
7981,55
7982,9
7983,12
7984,24
7985,22
7986,27
7987,3
7988,7
7989,23
7990,5
7991,27
7992,10
7993,6
7994,2
7995,47
7996,53
7997,4
7998,22
7999,30
8000,5
8001,3
8002,24
8003,20
8004,29
8005,6
8006,40
8007,43
8008,55
8009,27
8010,3
8011,4
8012,30
8013,39
8014,15
8015,12
8016,16
8017,15
8018,40
8019,4
8020,4
8021,8
8022,41
8023,4
8024,2
8025,6
8026,52
8027,8
8028,1
8029,6
8030,43
8031,2
8032,8
8033,40
8034,4
8035,18
8036,30
8037,5
8038,1
8039,25
8040,9
8041,7
8042,8
8043,6
8044,1
8045,5
8046,10
8047,40
8048,32
8049,30
8050,22
8051,9
8052,39
8053,28
8054,58
8055,30
8056,2
8057,43
8058,5
8059,0
8060,19
8061,25
8062,60
8063,6
8064,0
8065,8
8066,12
8067,2
8068,36
8069,2
8070,6
8071,6
8072,0
8073,36
8074,2
8075,53
8076,16
8077,2
8078,5
8079,24
8080,5
8081,55
8082,25
8083,1
8084,7
8085,9
8086,4
8087,10
8088,3
8089,1
8090,25
8091,15
8092,18
8093,9
8094,19
8095,6
8096,0
8097,4
8098,28
8099,30
8100,55
8101,12
8102,32
8103,57
8104,4
8105,28
8106,2
8107,61
8108,42
8109,34
8110,22
8111,8
8112,5
8113,34
8114,40
8115,39
8116,28
8117,0
8118,55
8119,20
8120,3
8121,3
8122,9
8123,8
8124,24
8125,1
8126,2
8127,4
8128,3
8129,11
8130,27
8131,17
8132,8
8133,2
8134,0
8135,8
8136,1
8137,58
8138,13
8139,49
8140,45
8141,40
8142,30
8143,4
8144,39
8145,9
8146,7
8147,30
8148,28
8149,3
8150,2
8151,43
8152,7
8153,4
8154,3
8155,7
8156,49
8157,3
8158,40
8159,7
8160,39
8161,33
8162,0
8163,6
8164,47
8165,53
8166,49
8167,1
8168,40
8169,8
8170,42
8171,5
8172,18
8173,9
8174,20
8175,9
8176,28
8177,24
8178,4
8179,10
8180,0
8181,15
8182,28
8183,8
8184,18
8185,31
8186,30
8187,27
8188,2
8189,32
8190,43
8191,0
8192,4
8193,31
8194,4
8195,2
8196,12
8197,3
8198,4
8199,28
8200,25
8201,55
8202,58
8203,4
8204,49
8205,9
8206,9
8207,49
8208,1
8209,40
8210,15
8211,0
8212,28
8213,53
8214,45
8215,15
8216,1
8217,23
8218,24
8219,7
8220,28
8221,2
8222,2
8223,9
8224,9
8225,28
8226,4
8227,55
8228,4
8229,40
8230,1
8231,1
8232,9
8233,7
8234,6
8235,9
8236,9
8237,6
8238,8
8239,8
8240,1
8241,22
8242,0
8243,40
8244,3
8245,6
8246,6
8247,22
8248,25
8249,2
8250,40
8251,28
8252,29
8253,1
8254,2
8255,28
8256,3
8257,9
8258,23
8259,4
8260,4
8261,0
8262,7
8263,2
8264,39
8265,28
8266,53
8267,15
8268,0
8269,2
8270,4
8271,40
8272,4
8273,25
8274,4
8275,8
8276,39
8277,4
8278,3
8279,2
8280,13
8281,37
8282,8
8283,3
8284,12
8285,9
8286,36
8287,43
8288,3
8289,4
8290,5
8291,46
8292,22
8293,7
8294,1
8295,1
8296,16
8297,2
8298,0
8299,1
8300,14
8301,9
8302,18
8303,15
8304,0
8305,24
8306,39
8307,9
8308,4
8309,1
8310,49
8311,11
8312,7
8313,31
8314,3
8315,47
8316,43
8317,34
8318,30
8319,5
8320,39
8321,0
8322,37
8323,3
8324,31
8325,1
8326,9
8327,25
8328,55
8329,24
8330,22
8331,18
8332,6
8333,3
8334,49
8335,6
8336,24
8337,1
8338,1
8339,9
8340,24
8341,8
8342,30
8343,52
8344,27
8345,4
8346,1
8347,32
8348,1
8349,18
8350,5
8351,19
8352,6
8353,5
8354,28
8355,9
8356,28
8357,12
8358,6
8359,59
8360,8
8361,30
8362,2
8363,29
8364,5
8365,8
8366,32
8367,0
8368,19
8369,8
8370,1
8371,40
8372,3
8373,6
8374,30
8375,1
8376,0
8377,2
8378,9
8379,1
8380,3
8381,7
8382,9
8383,31
8384,40
8385,55
8386,21
8387,49
8388,0
8389,1
8390,25
8391,9
8392,7
8393,3
8394,13
8395,3
8396,15
8397,3
8398,9
8399,3
8400,36
8401,40
8402,7
8403,5
8404,4
8405,8
8406,7
8407,1
8408,40
8409,4
8410,25
8411,40
8412,9
8413,1
8414,6
8415,1
8416,3
8417,18
8418,2
8419,39
8420,6
8421,1
8422,29
8423,31
8424,8
8425,35
8426,53
8427,36
8428,1
8429,4
8430,28
8431,25
8432,28
8433,12
8434,34
8435,4
8436,60
8437,24
8438,5
8439,37
8440,29
8441,3
8442,20
8443,3
8444,5
8445,12
8446,0
8447,9
8448,1
8449,47
8450,24
8451,24
8452,9
8453,26
8454,9
8455,2
8456,25
8457,43
8458,21
8459,6
8460,8
8461,9
8462,2
8463,39
8464,22
8465,33
8466,7
8467,2
8468,3
8469,6
8470,7
8471,10
8472,4
8473,32
8474,29
8475,43
8476,4
8477,3
8478,14
8479,3
8480,5
8481,6
8482,2
8483,5
8484,3
8485,36
8486,58
8487,1
8488,4
8489,1
8490,28
8491,10
8492,25
8493,55
8494,1
8495,0
8496,7
8497,9
8498,6
8499,0
8500,7
8501,1
8502,1
8503,28
8504,18
8505,0
8506,9
8507,7
8508,4
8509,24
8510,1
8511,9
8512,47
8513,36
8514,28
8515,7
8516,27
8517,28
8518,6
8519,3
8520,7
8521,49
8522,3
8523,0
8524,0
8525,40
8526,19
8527,14
8528,30
8529,30
8530,1
8531,53
8532,15
8533,1
8534,49
8535,24
8536,15
8537,8
8538,5
8539,3
8540,34
8541,8
8542,2
8543,0
8544,6
8545,6
8546,55
8547,7
8548,0
8549,0
8550,6
8551,30
8552,28
8553,0
8554,26
8555,25
8556,10
8557,8
8558,58
8559,30
8560,7
8561,31
8562,2
8563,5
8564,8
8565,20
8566,39
8567,8
8568,5
8569,3
8570,8
8571,18
8572,25
8573,4
8574,31
8575,9
8576,0
8577,4
8578,6
8579,14
8580,5
8581,11
8582,18
8583,4
8584,12
8585,24
8586,3
8587,1
8588,2
8589,8
8590,29
8591,39
8592,40
8593,1
8594,8
8595,28
8596,4
8597,2
8598,40
8599,24
8600,12
8601,9
8602,49
8603,37
8604,12
8605,2
8606,12
8607,5
8608,20
8609,40
8610,6
8611,29
8612,53
8613,2
8614,6
8615,25
8616,1
8617,1
8618,21
8619,36
8620,8
8621,4
8622,47
8623,6
8624,18
8625,7
8626,24
8627,2
8628,2
8629,55
8630,5
8631,1
8632,3
8633,6
8634,2
8635,8
8636,6
8637,5
8638,26
8639,1
8640,32
8641,0
8642,36
8643,31
8644,22
8645,3
8646,30
8647,5
8648,8
8649,3
8650,8
8651,7
8652,29
8653,2
8654,39
8655,46
8656,6
8657,8
8658,8
8659,7
8660,43
8661,5
8662,55
8663,4
8664,7
8665,4
8666,11
8667,3
8668,5
8669,9
8670,30
8671,1
8672,24
8673,10
8674,10
8675,29
8676,28
8677,29
8678,11
8679,3
8680,7
8681,40
8682,4
8683,18
8684,9
8685,7
8686,2
8687,3
8688,30
8689,3
8690,21
8691,17
8692,2
8693,30
8694,44
8695,2
8696,3
8697,6
8698,0
8699,30
8700,28
8701,32
8702,2
8703,13
8704,8
8705,53
8706,1
8707,6
8708,9
8709,2
8710,16
8711,19
8712,1
8713,9
8714,2
8715,33
8716,59
8717,14
8718,20
8719,5
8720,7
8721,0
8722,30
8723,8
8724,34
8725,15
8726,27
8727,2
8728,6
8729,6
8730,0
8731,2
8732,6
8733,7
8734,3
8735,8
8736,7
8737,29
8738,2
8739,9
8740,29
8741,8
8742,5
8743,0
8744,28
8745,16
8746,2
8747,35
8748,8
8749,9
8750,6
8751,4
8752,24
8753,7
8754,7
8755,9
8756,53
8757,30
8758,39
8759,6
8760,24
8761,4
8762,9
8763,53
8764,10
8765,7
8766,19
8767,15
8768,12
8769,8
8770,43
8771,8
8772,5
8773,1
8774,24
8775,3
8776,3
8777,9
8778,31
8779,2
8780,28
8781,24
8782,17
8783,53
8784,3
8785,9
8786,9
8787,5
8788,7
8789,14
8790,3
8791,5
8792,24
8793,7
8794,59
8795,9
8796,17
8797,9
8798,0
8799,40
8800,1
8801,55
8802,25
8803,24
8804,0
8805,1
8806,7
8807,1
8808,40
8809,40
8810,2
8811,1
8812,3
8813,1
8814,34
8815,44
8816,33
8817,49
8818,10
8819,2
8820,22
8821,1
8822,1
8823,60
8824,9
8825,49
8826,1
8827,3
8828,7
8829,4
8830,40
8831,22
8832,16
8833,5
8834,30
8835,15
8836,2
8837,53
8838,5
8839,30
8840,7
8841,47
8842,0
8843,5
8844,8
8845,9
8846,31
8847,9
8848,27
8849,30
8850,0
8851,28
8852,52
8853,3
8854,53
8855,28
8856,4
8857,12
8858,37
8859,23
8860,1
8861,39
8862,11
8863,28
8864,53
8865,11
8866,8
8867,10
8868,55
8869,28
8870,53
8871,7
8872,5
8873,40
8874,8
8875,3
8876,10
8877,3
8878,2
8879,25
8880,2
8881,12
8882,1
8883,4
8884,30
8885,7
8886,11
8887,40
8888,3
8889,40
8890,0
8891,1
8892,40
8893,55
8894,28
8895,1
8896,0
8897,43
8898,25
8899,2
8900,46
8901,1
8902,3
8903,49
8904,8
8905,39
8906,40
8907,8
8908,0
8909,58
8910,6
8911,25
8912,4
8913,7
8914,6
8915,1
8916,39
8917,9
8918,12
8919,6
8920,26
8921,2
8922,9
8923,4
8924,4
8925,28
8926,9
8927,6
8928,20
8929,55
8930,15
8931,40
8932,5
8933,30
8934,9
8935,0
8936,40
8937,28
8938,10
8939,0
8940,1
8941,8
8942,0
8943,35
8944,3
8945,6
8946,31
8947,7
8948,34
8949,55
8950,49
8951,23
8952,1
8953,25
8954,7
8955,30
8956,21
8957,5
8958,1
8959,8
8960,4
8961,0
8962,32
8963,55
8964,7
8965,34
8966,1
8967,25
8968,2
8969,28
8970,24
8971,24
8972,5
8973,23
8974,61
8975,9
8976,14
8977,5
8978,8
8979,40
8980,18
8981,2
8982,42
8983,40
8984,1
8985,28
8986,2
8987,13
8988,4
8989,53
8990,25
8991,1
8992,24
8993,2
8994,55
8995,23
8996,2
8997,53
8998,4
8999,1
9000,3
9001,12
9002,0
9003,0
9004,3
9005,3
9006,12
9007,37
9008,4
9009,3
9010,6
9011,37
9012,1
9013,5
9014,11
9015,7
9016,59
9017,13
9018,2
9019,4
9020,5
9021,2
9022,10
9023,30
9024,1
9025,9
9026,51
9027,2
9028,30
9029,27
9030,9
9031,0
9032,8
9033,53
9034,55
9035,1
9036,1
9037,18
9038,8
9039,1
9040,10
9041,1
9042,15
9043,55
9044,8
9045,29
9046,2
9047,13
9048,21
9049,1
9050,7
9051,34
9052,40
9053,24
9054,25
9055,9
9056,58
9057,9
9058,6
9059,8
9060,23
9061,7
9062,2
9063,1
9064,30
9065,6
9066,20
9067,7
9068,12
9069,0
9070,1
9071,14
9072,59
9073,21
9074,40
9075,33
9076,24
9077,4
9078,35
9079,5
9080,36
9081,1
9082,52
9083,26
9084,49
9085,0
9086,7
9087,3
9088,7
9089,3
9090,23
9091,2
9092,0
9093,36
9094,1
9095,2
9096,0
9097,53
9098,34
9099,0
9100,4
9101,4
9102,4
9103,22
9104,0
9105,17
9106,9
9107,0
9108,46
9109,4
9110,3
9111,25
9112,2
9113,44
9114,1
9115,1
9116,40
9117,39
9118,1
9119,2
9120,0
9121,40
9122,0
9123,1
9124,4
9125,10
9126,55
9127,5
9128,43
9129,53
9130,3
9131,1
9132,55
9133,0
9134,1
9135,4
9136,2
9137,9
9138,43
9139,23
9140,3
9141,0
9142,12
9143,8
9144,28
9145,2
9146,58
9147,7
9148,1
9149,4
9150,9
9151,28
9152,4
9153,6
9154,24
9155,13
9156,40
9157,7
9158,33
9159,40
9160,1
9161,2
9162,6
9163,31
9164,7
9165,28
9166,43
9167,3
9168,40
9169,4
9170,4
9171,30
9172,9
9173,49
9174,1
9175,13
9176,53
9177,40
9178,19
9179,7
9180,7
9181,7
9182,53
9183,5
9184,45
9185,31
9186,40
9187,28
9188,24
9189,22
9190,1
9191,30
9192,5
9193,3
9194,10
9195,24
9196,18
9197,7
9198,8
9199,8
9200,1
9201,4
9202,3
9203,8
9204,6
9205,9
9206,5
9207,22
9208,1
9209,5
9210,32
9211,43
9212,33
9213,3
9214,1
9215,39
9216,49
9217,24
9218,6
9219,14
9220,15
9221,7
9222,39
9223,53
9224,24
9225,19
9226,12
9227,7
9228,40
9229,7
9230,39
9231,15
9232,12
9233,4
9234,53
9235,4
9236,1
9237,12
9238,7
9239,0
9240,24
9241,25
9242,39
9243,3
9244,55
9245,55
9246,0
9247,0
9248,24
9249,2
9250,55
9251,7
9252,55
9253,7
9254,3
9255,1
9256,7
9257,46
9258,55
9259,25
9260,37
9261,1
9262,10
9263,3
9264,6
9265,13
9266,8
9267,5
9268,1
9269,1
9270,55
9271,6
9272,1
9273,5
9274,4
9275,34
9276,53
9277,1
9278,11
9279,8
9280,8
9281,36
9282,40
9283,3
9284,1
9285,2
9286,12
9287,7
9288,7
9289,24
9290,34
9291,10
9292,3
9293,7
9294,2
9295,55
9296,32
9297,28
9298,24
9299,9
9300,7
9301,9
9302,6
9303,4
9304,43
9305,0
9306,12
9307,59
9308,36
9309,12
9310,40
9311,15
9312,0
9313,4
9314,6
9315,2
9316,1
9317,3
9318,28
9319,0
9320,5
9321,31
9322,3
9323,1
9324,28
9325,30
9326,58
9327,2
9328,1
9329,12
9330,12
9331,22
9332,0
9333,7
9334,0
9335,5
9336,7
9337,1
9338,8
9339,0
9340,59
9341,7
9342,24
9343,15
9344,7
9345,4
9346,2
9347,30
9348,6
9349,55
9350,9
9351,0
9352,28
9353,55
9354,0
9355,19
9356,24
9357,4
9358,6
9359,6
9360,4
9361,18
9362,8
9363,3
9364,8
9365,21
9366,53
9367,28
9368,22
9369,49
9370,8
9371,36
9372,34
9373,24
9374,7
9375,29
9376,0
9377,37
9378,8
9379,39
9380,37
9381,7
9382,55
9383,1
9384,1
9385,15
9386,53
9387,9
9388,53
9389,30
9390,61
9391,31
9392,1
9393,31
9394,32
9395,5
9396,23
9397,28
9398,43
9399,29
9400,8
9401,0
9402,5
9403,4
9404,7
9405,43
9406,6
9407,0
9408,7
9409,4
9410,36
9411,8
9412,2
9413,4
9414,4
9415,7
9416,4
9417,4
9418,7
9419,24
9420,9
9421,55
9422,2
9423,19
9424,0
9425,8
9426,40
9427,2
9428,4
9429,1
9430,8
9431,19
9432,8
9433,28
9434,3
9435,7
9436,24
9437,27
9438,6
9439,11
9440,3
9441,0
9442,2
9443,0
9444,40
9445,9
9446,24
9447,53
9448,40
9449,9
9450,40
9451,1
9452,5
9453,7
9454,61
9455,8
9456,28
9457,2
9458,2
9459,25
9460,11
9461,24
9462,25
9463,4
9464,7
9465,7
9466,55
9467,1
9468,49
9469,28
9470,18
9471,7
9472,9
9473,23
9474,19
9475,40
9476,1
9477,0
9478,40
9479,4
9480,22
9481,9
9482,34
9483,28
9484,3
9485,43
9486,2
9487,2
9488,6
9489,7
9490,10
9491,24
9492,5
9493,5
9494,47
9495,6
9496,2
9497,39
9498,28
9499,43
9500,1
9501,53
9502,2
9503,3
9504,29
9505,3
9506,28
9507,24
9508,28
9509,26
9510,28
9511,1
9512,23
9513,1
9514,53
9515,5
9516,24
9517,8
9518,0
9519,9
9520,5
9521,34
9522,29
9523,36
9524,23
9525,19
9526,5
9527,28
9528,14
9529,2
9530,1
9531,9
9532,1
9533,30
9534,24
9535,12
9536,4
9537,12
9538,1
9539,3
9540,23
9541,5
9542,24
9543,12
9544,4
9545,2
9546,10
9547,53
9548,3
9549,55
9550,2
9551,49
9552,24
9553,34
9554,39
9555,5
9556,1
9557,9
9558,30
9559,8
9560,5
9561,7
9562,0
9563,36
9564,31
9565,5
9566,4
9567,2
9568,7
9569,4
9570,15
9571,8
9572,25
9573,4
9574,34
9575,55
9576,1
9577,24
9578,0
9579,1
9580,26
9581,7
9582,17
9583,6
9584,19
9585,55
9586,34
9587,15
9588,6
9589,40
9590,9
9591,0
9592,55
9593,2
9594,9
9595,1
9596,2
9597,39
9598,37
9599,1
9600,18
9601,21
9602,28
9603,40
9604,4
9605,8
9606,9
9607,30
9608,31
9609,28
9610,4
9611,25
9612,12
9613,27
9614,9
9615,2
9616,0
9617,31
9618,3
9619,27
9620,4
9621,1
9622,23
9623,21
9624,28
9625,52
9626,40
9627,1
9628,8
9629,42
9630,26
9631,30
9632,5
9633,0
9634,4
9635,0
9636,25
9637,7
9638,0
9639,40
9640,17
9641,4
9642,4
9643,2
9644,7
9645,22
9646,40
9647,15
9648,18
9649,53
9650,5
9651,9
9652,21
9653,0
9654,53
9655,2
9656,5
9657,7
9658,40
9659,6
9660,28
9661,7
9662,1
9663,9
9664,13
9665,25
9666,6
9667,16
9668,18
9669,53
9670,7
9671,24
9672,34
9673,9
9674,55
9675,24
9676,5
9677,8
9678,4
9679,5
9680,61
9681,37
9682,21
9683,40
9684,3
9685,40
9686,0
9687,4
9688,7
9689,58
9690,17
9691,40
9692,9
9693,22
9694,4
9695,8
9696,7
9697,0
9698,23
9699,7
9700,24
9701,5
9702,7
9703,28
9704,24
9705,53
9706,39
9707,28
9708,2
9709,55
9710,2
9711,39
9712,23
9713,7
9714,3
9715,39
9716,3
9717,28
9718,47
9719,22
9720,8
9721,17
9722,34
9723,34
9724,46
9725,7
9726,18
9727,47
9728,27
9729,24
9730,22
9731,7
9732,55
9733,1
9734,8
9735,5
9736,23
9737,8
9738,0
9739,22
9740,25
9741,9
9742,29
9743,23
9744,33
9745,1
9746,12
9747,6
9748,9
9749,30
9750,0
9751,8
9752,9
9753,17
9754,53
9755,5
9756,10
9757,9
9758,3
9759,4
9760,5
9761,1
9762,25
9763,23
9764,40
9765,27
9766,7
9767,5
9768,2
9769,18
9770,40
9771,30
9772,31
9773,24
9774,29
9775,0
9776,15
9777,4
9778,39
9779,2
9780,5
9781,28
9782,4
9783,0
9784,55
9785,25
9786,18
9787,7
9788,40
9789,2
9790,37
9791,3
9792,29
9793,53
9794,2
9795,24
9796,3
9797,27
9798,30
9799,28
9800,10
9801,15
9802,15
9803,9
9804,29
9805,1
9806,7
9807,40
9808,4
9809,40
9810,1
9811,2
9812,8
9813,4
9814,7
9815,7
9816,26
9817,33
9818,8
9819,9
9820,1
9821,5
9822,0
9823,1
9824,6
9825,2
9826,0
9827,9
9828,0
9829,34
9830,6
9831,5
9832,5
9833,8
9834,3
9835,9
9836,7
9837,34
9838,8
9839,2
9840,49
9841,22
9842,22
9843,47
9844,10
9845,2
9846,4
9847,2
9848,33
9849,2
9850,3
9851,9
9852,36
9853,40
9854,31
9855,8
9856,6
9857,24
9858,4
9859,39
9860,56
9861,1
9862,1
9863,0
9864,9
9865,34
9866,4
9867,55
9868,27
9869,3
9870,61
9871,1
9872,29
9873,4
9874,9
9875,31
9876,5
9877,23
9878,9
9879,11
9880,53
9881,8
9882,18
9883,1
9884,24
9885,0
9886,7
9887,3
9888,39
9889,1
9890,55
9891,42
9892,12
9893,1
9894,19
9895,0
9896,28
9897,0
9898,53
9899,15
9900,0
9901,9
9902,15
9903,6
9904,22
9905,46
9906,0
9907,17
9908,43
9909,9
9910,3
9911,53
9912,1
9913,1
9914,10
9915,5
9916,1
9917,0
9918,7
9919,47
9920,8
9921,5
9922,49
9923,12
9924,55
9925,2
9926,49
9927,3
9928,27
9929,55
9930,7
9931,4
9932,26
9933,10
9934,7
9935,55
9936,2
9937,0
9938,2
9939,1
9940,40
9941,20
9942,1
9943,1
9944,1
9945,8
9946,58
9947,14
9948,60
9949,2
9950,4
9951,1
9952,3
9953,28
9954,12
9955,10
9956,3
9957,8
9958,15
9959,9
9960,6
9961,18
9962,29
9963,55
9964,21
9965,39
9966,25
9967,29
9968,55
9969,39
9970,12
9971,40
9972,22
9973,11
9974,2
9975,34
9976,23
9977,24
9978,17
9979,8
9980,53
9981,29
9982,8
9983,9
9984,45
9985,9
9986,2
9987,2
9988,25
9989,6
9990,28
9991,3
9992,24
9993,5
9994,32
9995,1
9996,55
9997,30
9998,9
9999,49
10000,39
10001,8
10002,0
10003,9
10004,55
10005,58
10006,15
10007,6
10008,6
10009,15
10010,0
10011,22
10012,6
10013,19
10014,53
10015,40
10016,29
10017,40
10018,24
10019,2
10020,2
10021,24
10022,40
10023,53
10024,24
10025,8
10026,1
10027,39
10028,43
10029,7
10030,8
10031,4
10032,19
10033,4
10034,39
10035,30
10036,43
10037,3
10038,5
10039,51
10040,2
10041,9
10042,7
10043,28
10044,8
10045,14
10046,1
10047,1
10048,2
10049,36
10050,10
10051,6
10052,24
10053,40
10054,5
10055,40
10056,2
10057,6
10058,1
10059,5
10060,49
10061,2
10062,24
10063,5
10064,24
10065,55
10066,3
10067,7
10068,0
10069,18
10070,2
10071,22
10072,55
10073,53
10074,6
10075,1
10076,7
10077,4
10078,3
10079,22
10080,37
10081,6
10082,5
10083,24
10084,6
10085,2
10086,9
10087,15
10088,12
10089,14
10090,23
10091,29
10092,2
10093,5
10094,34
10095,15
10096,23
10097,24
10098,0
10099,6
10100,8
10101,5
10102,1
10103,40
10104,7
10105,36
10106,28
10107,9
10108,10
10109,0
10110,1
10111,49
10112,3
10113,47
10114,43
10115,6
10116,49
10117,55
10118,5
10119,9
10120,7
10121,1
10122,1
10123,35
10124,15
10125,9
10126,9
10127,1
10128,1
10129,30
10130,15
10131,8
10132,2
10133,30
10134,47
10135,1
10136,22
10137,24
10138,40
10139,3
10140,16
10141,6
10142,0
10143,28
10144,9
10145,24
10146,6
10147,28
10148,39
10149,10
10150,18
10151,8
10152,30
10153,0
10154,31
10155,18
10156,1
10157,8
10158,40
10159,1
10160,47
10161,3
10162,7
10163,1
10164,1
10165,40
10166,1
10167,4
10168,55
10169,8
10170,53
10171,26
10172,25
10173,32
10174,2
10175,2
10176,27
10177,0
10178,16
10179,29
10180,12
10181,20
10182,9
10183,42
10184,28
10185,18
10186,15
10187,9
10188,5
10189,53
10190,4
10191,5
10192,40
10193,1
10194,17
10195,18
10196,5
10197,40
10198,0
10199,0
10200,8
10201,8
10202,3
10203,25
10204,0
10205,55
10206,46
10207,40
10208,22
10209,5
10210,0
10211,0
10212,1
10213,15
10214,7
10215,3
10216,28
10217,12
10218,22
10219,19
10220,1
10221,0
10222,0
10223,15
10224,34
10225,15
10226,3
10227,2
10228,0
10229,4
10230,5
10231,3
10232,40
10233,30
10234,1
10235,61
10236,16
10237,4
10238,53
10239,4
10240,1
10241,2
10242,0
10243,28
10244,5
10245,7
10246,55
10247,55
10248,2
10249,8
10250,1
10251,14
10252,27
10253,25
10254,8
10255,1
10256,4
10257,5
10258,30
10259,8
10260,2
10261,25
10262,4
10263,7
10264,23
10265,25
10266,5
10267,43
10268,1
10269,31
10270,25
10271,30
10272,11
10273,8
10274,32
10275,55
10276,55
10277,1
10278,1
10279,40
10280,3
10281,0
10282,5
10283,24
10284,4
10285,1
10286,40
10287,9
10288,55
10289,58
10290,25
10291,55
10292,3
10293,4
10294,1
10295,9
10296,0
10297,3
10298,43
10299,7
10300,4
10301,6
10302,53
10303,2
10304,1
10305,55
10306,22
10307,36
10308,22
10309,1
10310,34
10311,2
10312,40
10313,18
10314,3
10315,32
10316,1
10317,29
10318,6
10319,1
10320,40
10321,32
10322,30
10323,36
10324,9
10325,6
10326,3
10327,8
10328,4
10329,4
10330,8
10331,9
10332,3
10333,2
10334,36
10335,7
10336,9
10337,1
10338,3
10339,12
10340,18
10341,28
10342,8
10343,2
10344,30
10345,5
10346,28
10347,42
10348,22
10349,40
10350,26
10351,10
10352,24
10353,47
10354,3
10355,0
10356,6
10357,8
10358,28
10359,15
10360,28
10361,6
10362,8
10363,8
10364,8
10365,5
10366,53
10367,15
10368,4
10369,9
10370,2
10371,55
10372,0
10373,40
10374,58
10375,3
10376,3
10377,2
10378,1
10379,15
10380,33
10381,23
10382,26
10383,2
10384,14
10385,7
10386,37
10387,39
10388,2
10389,8
10390,5
10391,1
10392,7
10393,7
10394,2
10395,53
10396,7
10397,9
10398,3
10399,7
10400,7
10401,0
10402,8
10403,3
10404,40
10405,29
10406,0
10407,55
10408,40
10409,15
10410,37
10411,43
10412,43
10413,24
10414,53
10415,1
10416,9
10417,23
10418,7
10419,2
10420,52
10421,9
10422,7
10423,60
10424,8
10425,6
10426,4
10427,28
10428,10
10429,28
10430,31
10431,7
10432,8
10433,0
10434,32
10435,1
10436,28
10437,0
10438,30
10439,40
10440,16
10441,58
10442,23
10443,7
10444,29
10445,40
10446,22
10447,7
10448,25
10449,53
10450,4
10451,36
10452,42
10453,9
10454,37
10455,7
10456,2
10457,40
10458,7
10459,4
10460,9
10461,40
10462,5
10463,53
10464,52
10465,25
10466,1
10467,5
10468,3
10469,44
10470,30
10471,29
10472,9
10473,5
10474,3
10475,2
10476,24
10477,8
10478,3
10479,0
10480,47
10481,53
10482,23
10483,31
10484,8
10485,3
10486,15
10487,43
10488,2
10489,0
10490,8
10491,22
10492,40
10493,3
10494,1
10495,5
10496,12
10497,9
10498,28
10499,61
10500,8
10501,30
10502,3
10503,9
10504,9
10505,4
10506,0
10507,1
10508,22
10509,1
10510,34
10511,36
10512,23
10513,12
10514,1
10515,2
10516,0
10517,7
10518,12
10519,7
10520,15
10521,24
10522,4
10523,36
10524,2
10525,12
10526,58
10527,21
10528,1
10529,2
10530,5
10531,18
10532,18
10533,55
10534,9
10535,40
10536,29
10537,6
10538,6
10539,40
10540,5
10541,0
10542,20
10543,40
10544,53
10545,20
10546,2
10547,49
10548,5
10549,43
10550,5
10551,1
10552,20
10553,15
10554,4
10555,55
10556,6
10557,43
10558,32
10559,1
10560,3
10561,28
10562,5
10563,9
10564,4
10565,45
10566,12
10567,22
10568,23
10569,24
10570,3
10571,7
10572,10
10573,7
10574,3
10575,43
10576,28
10577,8
10578,10
10579,0
10580,20
10581,3
10582,0
10583,6
10584,33
10585,16
10586,30
10587,0
10588,1
10589,0
10590,6
10591,5
10592,22
10593,6
10594,14
10595,7
10596,6
10597,24
10598,49
10599,22
10600,21
10601,1
10602,26
10603,53
10604,3
10605,15
10606,8
10607,17
10608,15
10609,28
10610,27
10611,30
10612,6
10613,26
10614,33
10615,0
10616,9
10617,28
10618,55
10619,7
10620,1
10621,40
10622,12
10623,3
10624,5
10625,3
10626,3
10627,23
10628,24
10629,5
10630,3
10631,60
10632,55
10633,4
10634,1
10635,36
10636,26
10637,4
10638,55
10639,58
10640,49
10641,2
10642,19
10643,8
10644,25
10645,0
10646,4
10647,29
10648,0
10649,6
10650,8
10651,55
10652,4
10653,25
10654,4
10655,58
10656,2
10657,1
10658,4
10659,7
10660,8
10661,11
10662,49
10663,14
10664,2
10665,2
10666,22
10667,1
10668,12
10669,58
10670,3
10671,10
10672,0
10673,24
10674,7
10675,7
10676,18
10677,43
10678,3
10679,7
10680,3
10681,1
10682,2
10683,39
10684,0
10685,2
10686,53
10687,30
10688,5
10689,28
10690,28
10691,4
10692,37
10693,7
10694,40
10695,5
10696,39
10697,0
10698,25
10699,3
10700,10
10701,55
10702,1
10703,40
10704,14
10705,6
10706,5
10707,53
10708,7
10709,59
10710,58
10711,28
10712,24
10713,9
10714,1
10715,2
10716,31
10717,1
10718,1
10719,55
10720,16
10721,18
10722,30
10723,9
10724,6
10725,43
10726,5
10727,4
10728,30
10729,25
10730,39
10731,7
10732,2
10733,19
10734,9
10735,52
10736,1
10737,40
10738,5
10739,25
10740,3
10741,39
10742,24
10743,43
10744,8
10745,47
10746,37
10747,6
10748,5
10749,1
10750,9
10751,20
10752,4
10753,12
10754,0
10755,1
10756,5
10757,40
10758,7
10759,12
10760,9
10761,6
10762,40
10763,23
10764,4
10765,23
10766,37
10767,55
10768,42
10769,1
10770,5
10771,36
10772,31
10773,0
10774,12
10775,59
10776,18
10777,13
10778,5
10779,4
10780,0
10781,7
10782,7
10783,1
10784,0
10785,0
10786,3
10787,29
10788,15
10789,28
10790,40
10791,40
10792,6
10793,9
10794,3
10795,46
10796,7
10797,5
10798,39
10799,8
10800,7
10801,49
10802,1
10803,8
10804,1
10805,6
10806,9
10807,5
10808,7
10809,3
10810,0
10811,9
10812,4
10813,19
10814,49
10815,3
10816,1
10817,2
10818,6
10819,55
10820,37
10821,25
10822,0
10823,15
10824,8
10825,32
10826,15
10827,1
10828,37
10829,4
10830,1
10831,1
10832,2
10833,40
10834,3
10835,17
10836,24
10837,1
10838,16
10839,8
10840,52
10841,31
10842,7
10843,49
10844,53
10845,8
10846,9
10847,6
10848,40
10849,5
10850,8
10851,23
10852,28
10853,36
10854,8
10855,0
10856,1
10857,28
10858,3
10859,0
10860,6
10861,13
10862,3
10863,6
10864,23
10865,4
10866,49
10867,15
10868,18
10869,14
10870,15
10871,15
10872,5
10873,35
10874,8
10875,1
10876,6
10877,0
10878,32
10879,37
10880,0
10881,7
10882,1
10883,28
10884,34
10885,0
10886,40
10887,28
10888,1
10889,47
10890,55
10891,40
10892,3
10893,9
10894,8
10895,40
10896,49
10897,1
10898,9
10899,60
10900,2
10901,1
10902,3
10903,29
10904,4
10905,28
10906,22
10907,0
10908,0
10909,5
10910,0
10911,36
10912,22
10913,35
10914,0
10915,2
10916,46
10917,7
10918,3
10919,30
10920,3
10921,53
10922,55
10923,7
10924,42
10925,8
10926,9
10927,1
10928,7
10929,8
10930,4
10931,7
10932,4
10933,40
10934,22
10935,8
10936,6
10937,32
10938,30
10939,7
10940,28
10941,8
10942,53
10943,9
10944,14
10945,49
10946,1
10947,22
10948,20
10949,55
10950,2
10951,29
10952,7
10953,58
10954,43
10955,1
10956,47
10957,6
10958,7
10959,28
10960,11
10961,31
10962,1
10963,3
10964,49
10965,43
10966,49
10967,1
10968,9
10969,25
10970,5
10971,3
10972,8
10973,30
10974,1
10975,7
10976,8
10977,9
10978,1
10979,4
10980,4
10981,4
10982,40
10983,6
10984,2
10985,3
10986,55
10987,1
10988,1
10989,47
10990,39
10991,23
10992,25
10993,40
10994,7
10995,5
10996,40
10997,22
10998,32
10999,2
11000,5
11001,18
11002,21
11003,3
11004,13
11005,31
11006,7
11007,24
11008,2
11009,1
11010,6
11011,6
11012,6
11013,7
11014,24
11015,10
11016,1
11017,0
11018,52
11019,7
11020,39
11021,30
11022,9
11023,49
11024,40
11025,2
11026,1
11027,49
11028,0
11029,1
11030,2
11031,25
11032,17
11033,55
11034,3
11035,3
11036,36
11037,4
11038,6
11039,24
11040,11
11041,5
11042,5
11043,46
11044,1
11045,43
11046,4
11047,6
11048,24
11049,24
11050,21
11051,36
11052,8
11053,14
11054,3
11055,18
11056,3
11057,40
11058,3
11059,24
11060,43
11061,22
11062,3
11063,18
11064,7
11065,7
11066,1
11067,49
11068,7
11069,28
11070,8
11071,0
11072,55
11073,6
11074,7
11075,9
11076,2
11077,9
11078,13
11079,1
11080,36
11081,2
11082,0
11083,24
11084,40
11085,8
11086,43
11087,28
11088,42
11089,55
11090,24
11091,4
11092,8
11093,12
11094,3
11095,6
11096,31
11097,2
11098,1
11099,6
11100,40
11101,6
11102,22
11103,53
11104,4
11105,9
11106,1
11107,24
11108,29
11109,3
11110,8
11111,2
11112,7
11113,24
11114,39
11115,8
11116,24
11117,39
11118,28
11119,1
11120,8
11121,39
11122,3
11123,5
11124,7
11125,15
11126,6
11127,31
11128,4
11129,1
11130,29
11131,40
11132,43
11133,36
11134,2
11135,24
11136,4
11137,4
11138,9
11139,2
11140,2
11141,2
11142,24
11143,40
11144,0
11145,29
11146,7
11147,2
11148,2
11149,29
11150,28
11151,1
11152,11
11153,9
11154,6
11155,7
11156,55
11157,49
11158,6
11159,1
11160,55
11161,40
11162,30
11163,5
11164,14
11165,24
11166,5
11167,2
11168,3
11169,1
11170,22
11171,4
11172,6
11173,8
11174,39
11175,4
11176,36
11177,4
11178,6
11179,0
11180,27
11181,3
11182,5
11183,40
11184,0
11185,1
11186,9
11187,27
11188,2
11189,0
11190,5
11191,11
11192,36
11193,29
11194,23
11195,40
11196,16
11197,6
11198,0
11199,24
11200,55
11201,5
11202,8
11203,6
11204,3
11205,11
11206,27
11207,5
11208,43
11209,40
11210,2
11211,3
11212,26
11213,24
11214,8
11215,9
11216,7
11217,5
11218,7
11219,4
11220,15
11221,58
11222,28
11223,31
11224,36
11225,39
11226,7
11227,30
11228,8
11229,19
11230,6
11231,13
11232,9
11233,3
11234,48
11235,0
11236,19
11237,1
11238,27
11239,6
11240,55
11241,21
11242,39
11243,0
11244,19
11245,40
11246,5
11247,4
11248,9
11249,40
11250,7
11251,59
11252,39
11253,53
11254,5
11255,30
11256,22
11257,12
11258,3
11259,30
11260,0
11261,28
11262,14
11263,6
11264,5
11265,4
11266,7
11267,6
11268,29
11269,1
11270,3
11271,40
11272,2
11273,40
11274,19
11275,1
11276,2
11277,4
11278,1
11279,12
11280,25
11281,3
11282,3
11283,3
11284,40
11285,12
11286,7
11287,8
11288,15
11289,55
11290,0
11291,5
11292,18
11293,23
11294,0
11295,30
11296,2
11297,7
11298,59
11299,49
11300,35
11301,15
11302,3
11303,6
11304,7
11305,1
11306,25
11307,24
11308,39
11309,9
11310,12
11311,60
11312,40
11313,17
11314,31
11315,5
11316,22
11317,0
11318,3
11319,55
11320,1
11321,9
11322,4
11323,53
11324,3
11325,8
11326,0
11327,0
11328,29
11329,12
11330,28
11331,18
11332,8
11333,0
11334,7
11335,22
11336,4
11337,2
11338,30
11339,14
11340,26
11341,24
11342,58
11343,14
11344,24
11345,10
11346,10
11347,10
11348,0
11349,24
11350,9
11351,55
11352,9
11353,13
11354,6
11355,7
11356,6
11357,36
11358,24
11359,35
11360,1
11361,9
11362,7
11363,12
11364,24
11365,55
11366,3
11367,55
11368,7
11369,30
11370,30
11371,9
11372,4
11373,28
11374,7
11375,6
11376,1
11377,40
11378,19
11379,30
11380,4
11381,2
11382,27
11383,8
11384,30
11385,0
11386,2
11387,9
11388,31
11389,9
11390,25
11391,2
11392,1
11393,39
11394,8
11395,1
11396,36
11397,4
11398,9
11399,3
11400,7
11401,3
11402,55
11403,1
11404,4
11405,49
11406,2
11407,28
11408,9
11409,8
11410,0
11411,4
11412,24
11413,2
11414,21
11415,31
11416,24
11417,1
11418,1
11419,18
11420,2
11421,27
11422,40
11423,43
11424,29
11425,40
11426,4
11427,2
11428,34
11429,53
11430,4
11431,53
11432,2
11433,24
11434,28
11435,57
11436,47
11437,6
11438,4
11439,59
11440,12
11441,5
11442,0
11443,6
11444,53
11445,28
11446,26
11447,34
11448,18
11449,40
11450,1
11451,12
11452,24
11453,49
11454,19
11455,15
11456,1
11457,7
11458,25
11459,6
11460,7
11461,34
11462,6
11463,2
11464,12
11465,27
11466,6
11467,9
11468,3
11469,24
11470,29
11471,30
11472,0
11473,3
11474,9
11475,2
11476,3
11477,1
11478,55
11479,29
11480,6
11481,26
11482,8
11483,4
11484,53
11485,6
11486,24
11487,1
11488,3
11489,1
11490,1
11491,5
11492,5
11493,53
11494,8
11495,4
11496,8
11497,1
11498,15
11499,7
11500,59
11501,0
11502,30
11503,40
11504,11
11505,5
11506,34
11507,4
11508,8
11509,24
11510,40
11511,9
11512,28
11513,1
11514,55
11515,8
11516,29
11517,22
11518,25
11519,2
11520,3
11521,30
11522,28
11523,1
11524,19
11525,24
11526,15
11527,40
11528,52
11529,23
11530,6
11531,6
11532,3
11533,5
11534,28
11535,1
11536,8
11537,28
11538,55
11539,43
11540,8
11541,30
11542,27
11543,4
11544,59
11545,5
11546,24
11547,9
11548,27
11549,24
11550,1
11551,15
11552,28
11553,24
11554,7
11555,7
11556,8
11557,32
11558,29
11559,28
11560,24
11561,8
11562,21
11563,45
11564,1
11565,20
11566,18
11567,0
11568,3
11569,2
11570,40
11571,9
11572,7
11573,25
11574,1
11575,8
11576,1
11577,25
11578,1
11579,7
11580,14
11581,28
11582,28
11583,46
11584,49
11585,37
11586,24
11587,43
11588,6
11589,30
11590,22
11591,22
11592,2
11593,40
11594,2
11595,55
11596,1
11597,1
11598,53
11599,33
11600,4
11601,22
11602,30
11603,36
11604,8
11605,34
11606,2
11607,0
11608,1
11609,36
11610,10
11611,1
11612,26
11613,8
11614,8
11615,8
11616,22
11617,24
11618,0
11619,3
11620,2
11621,12
11622,49
11623,2
11624,9
11625,7
11626,37
11627,17
11628,22
11629,1
11630,9
11631,9
11632,3
11633,36
11634,3
11635,1
11636,3
11637,15
11638,7
11639,29
11640,27
11641,2
11642,6
11643,30
11644,15
11645,58
11646,40
11647,2
11648,40
11649,7
11650,6
11651,6
11652,14
11653,9
11654,6
11655,40
11656,14
11657,8
11658,25
11659,9
11660,30
11661,49
11662,28
11663,3
11664,7
11665,6
11666,2
11667,1
11668,28
11669,4
11670,2
11671,30
11672,1
11673,3
11674,16
11675,2
11676,3
11677,1
11678,4
11679,1
11680,55
11681,1
11682,53
11683,5
11684,28
11685,28
11686,28
11687,53
11688,39
11689,15
11690,30
11691,3
11692,14
11693,1
11694,30
11695,8
11696,2
11697,6
11698,55
11699,3
11700,8
11701,24
11702,30
11703,1
11704,55
11705,29
11706,59
11707,49
11708,6
11709,7
11710,0
11711,4
11712,21
11713,0
11714,21
11715,37
11716,6
11717,55
11718,4
11719,13
11720,30
11721,1
11722,2
11723,6
11724,55
11725,28
11726,59
11727,30
11728,1
11729,40
11730,9
11731,6
11732,40
11733,8
11734,6
11735,2
11736,9
11737,24
11738,1
11739,40
11740,40
11741,9
11742,10
11743,6
11744,2
11745,4
11746,4
11747,7
11748,3
11749,37
11750,1
11751,1
11752,9
11753,3
11754,36
11755,4
11756,23
11757,9
11758,4
11759,0
11760,3
11761,15
11762,37
11763,21
11764,0
11765,29
11766,36
11767,21
11768,55
11769,1
11770,0
11771,24
11772,4
11773,40
11774,43
11775,22
11776,7
11777,24
11778,4
11779,1
11780,28
11781,30
11782,19
11783,1
11784,33
11785,28
11786,18
11787,25
11788,5
11789,39
11790,46
11791,5
11792,5
11793,1
11794,3
11795,24
11796,15
11797,0
11798,36
11799,0
11800,8
11801,7
11802,53
11803,6
11804,8
11805,24
11806,9
11807,2
11808,55
11809,29
11810,23
11811,0
11812,2
11813,39
11814,36
11815,59
11816,43
11817,3
11818,49
11819,32
11820,23
11821,49
11822,7
11823,7
11824,22
11825,27
11826,24
11827,6
11828,40
11829,24
11830,3
11831,1
11832,5
11833,60
11834,61
11835,3
11836,3
11837,39
11838,15
11839,4
11840,3
11841,15
11842,30
11843,8
11844,9
11845,1
11846,40
11847,1
11848,32
11849,37
11850,21
11851,31
11852,9
11853,17
11854,2
11855,18
11856,6
11857,7
11858,8
11859,6
11860,4
11861,6
11862,2
11863,14
11864,22
11865,29
11866,3
11867,2
11868,6
11869,7
11870,39
11871,2
11872,1
11873,1
11874,10
11875,2
11876,3
11877,6
11878,10
11879,7
11880,22
11881,7
11882,6
11883,33
11884,27
11885,36
11886,2
11887,7
11888,6
11889,49
11890,18
11891,8
11892,7
11893,1
11894,1
11895,7
11896,39
11897,1
11898,9
11899,1
11900,14
11901,4
11902,0
11903,2
11904,6
11905,0
11906,5
11907,7
11908,28
11909,8
11910,30
11911,47
11912,4
11913,8
11914,55
11915,30
11916,5
11917,22
11918,11
11919,4
11920,4
11921,22
11922,13
11923,40
11924,1
11925,9
11926,6
11927,28
11928,40
11929,3
11930,0
11931,47
11932,3
11933,31
11934,31
11935,6
11936,0
11937,9
11938,4
11939,43
11940,49
11941,18
11942,6
11943,55
11944,6
11945,28
11946,55
11947,1
11948,7
11949,18
11950,24
11951,7
11952,9
11953,6
11954,0
11955,0
11956,28
11957,28
11958,1
11959,49
11960,12
11961,22
11962,55
11963,9
11964,40
11965,53
11966,2
11967,22
11968,46
11969,21
11970,53
11971,9
11972,28
11973,32
11974,30
11975,39
11976,6
11977,24
11978,6
11979,40
11980,0
11981,12
11982,5
11983,27
11984,49
11985,2
11986,34
11987,21
11988,49
11989,55
11990,4
11991,6
11992,7
11993,4
11994,3
11995,53
11996,15
11997,3
11998,9
11999,5
12000,4
12001,53
12002,31
12003,40
12004,22
12005,39
12006,40
12007,6
12008,1
12009,2
12010,7
12011,1
12012,9
12013,30
12014,9
12015,6
12016,9
12017,3
12018,4
12019,10
12020,0
12021,31
12022,6
12023,18
12024,21
12025,49
12026,4
12027,0
12028,15
12029,22
12030,55
12031,28
12032,10
12033,2
12034,25
12035,27
12036,10
12037,1
12038,0
12039,8
12040,3
12041,39
12042,2
12043,1
12044,31
12045,15
12046,5
12047,28
12048,20
12049,0
12050,1
12051,37
12052,24
12053,15
12054,9
12055,0
12056,20
12057,3
12058,9
12059,7
12060,8
12061,12
12062,5
12063,9
12064,9
12065,1
12066,28
12067,18
12068,2
12069,7
12070,60
12071,5
12072,21
12073,4
12074,5
12075,59
12076,7
12077,6
12078,5
12079,1
12080,1
12081,3
12082,1
12083,12
12084,2
12085,3
12086,3
12087,7
12088,28
12089,1
12090,1
12091,28
12092,4
12093,12
12094,53
12095,23
12096,36
12097,52
12098,7
12099,43
12100,36
12101,1
12102,25
12103,15
12104,7
12105,7
12106,25
12107,1
12108,24
12109,2
12110,19
12111,49
12112,11
12113,0
12114,30
12115,4
12116,0
12117,22
12118,5
12119,4
12120,28
12121,9
12122,46
12123,11
12124,3
12125,26
12126,6
12127,40
12128,28
12129,25
12130,2
12131,0
12132,25
12133,8
12134,21
12135,3
12136,12
12137,8
12138,40
12139,21
12140,6
12141,30
12142,16
12143,7
12144,28
12145,4
12146,1
12147,3
12148,55
12149,23
12150,58
12151,3
12152,5
12153,24
12154,14
12155,29
12156,4
12157,0
12158,0
12159,7
12160,52
12161,8
12162,39
12163,39
12164,13
12165,7
12166,9
12167,3
12168,28
12169,15
12170,0
12171,28
12172,15
12173,9
12174,18
12175,22
12176,5
12177,7
12178,6
12179,10
12180,19
12181,25
12182,30
12183,9
12184,7
12185,55
12186,7
12187,12
12188,22
12189,3
12190,9
12191,0
12192,4
12193,6
12194,12
12195,4
12196,6
12197,7
12198,3
12199,1
12200,2
12201,49
12202,15
12203,12
12204,37
12205,9
12206,49
12207,12
12208,19
12209,4
12210,1
12211,5
12212,1
12213,28
12214,49
12215,27
12216,9
12217,40
12218,9
12219,24
12220,3
12221,42
12222,28
12223,7
12224,12
12225,9
12226,11
12227,3
12228,9
12229,12
12230,49
12231,28
12232,2
12233,28
12234,53
12235,9
12236,9
12237,55
12238,27
12239,0
12240,31
12241,1
12242,4
12243,9
12244,9
12245,2
12246,0
12247,6
12248,0
12249,0
12250,2
12251,6
12252,8
12253,6
12254,7
12255,16
12256,2
12257,5
12258,30
12259,24
12260,8
12261,24
12262,26
12263,7
12264,43
12265,1
12266,2
12267,1
12268,8
12269,7
12270,24
12271,26
12272,1
12273,28
12274,1
12275,36
12276,9
12277,9
12278,46
12279,23
12280,1
12281,23
12282,6
12283,9
12284,8
12285,8
12286,7
12287,9
12288,35
12289,3
12290,5
12291,30
12292,36
12293,5
12294,10
12295,10
12296,6
12297,9
12298,40
12299,53
12300,1
12301,7
12302,2
12303,6
12304,10
12305,9
12306,9
12307,3
12308,5
12309,1
12310,24
12311,28
12312,7
12313,21
12314,3
12315,9
12316,39
12317,8
12318,4
12319,7
12320,7
12321,6
12322,29
12323,1
12324,40
12325,6
12326,53
12327,2
12328,22
12329,12
12330,0
12331,0
12332,25
12333,43
12334,8
12335,6
12336,4
12337,5
12338,4
12339,4
12340,28
12341,7
12342,47
12343,30
12344,40
12345,3
12346,30
12347,18
12348,8
12349,12
12350,8
12351,55
12352,12
12353,32
12354,47
12355,28
12356,4
12357,3
12358,9
12359,0
12360,12
12361,40
12362,1
12363,40
12364,13
12365,3
12366,2
12367,0
12368,1
12369,2
12370,0
12371,1
12372,34
12373,23
12374,25
12375,0
12376,1
12377,9
12378,35
12379,28
12380,4
12381,61
12382,1
12383,7
12384,12
12385,8
12386,40
12387,22
12388,4
12389,12
12390,12
12391,1
12392,4
12393,30
12394,3
12395,8
12396,23
12397,9
12398,23
12399,7
12400,23
12401,42
12402,55
12403,37
12404,9
12405,53
12406,3
12407,23
12408,13
12409,19
12410,46
12411,30
12412,9
12413,1
12414,3
12415,15
12416,1
12417,47
12418,2
12419,18
12420,3
12421,6
12422,3
12423,0
12424,8
12425,55
12426,1
12427,2
12428,24
12429,49
12430,36
12431,15
12432,15
12433,20
12434,2
12435,7
12436,1
12437,55
12438,8
12439,2
12440,29
12441,5
12442,55
12443,4
12444,3
12445,49
12446,1
12447,18
12448,4
12449,19
12450,15
12451,9
12452,7
12453,4
12454,2
12455,3
12456,24
12457,0
12458,1
12459,0
12460,8
12461,1
12462,55
12463,3
12464,25
12465,3
12466,3
12467,1
12468,40
12469,22
12470,22
12471,15
12472,0
12473,18
12474,13
12475,9
12476,23
12477,25
12478,5
12479,24
12480,4
12481,9
12482,30
12483,5
12484,0
12485,0
12486,0
12487,7
12488,28
12489,7
12490,8
12491,16
12492,4
12493,22
12494,5
12495,2
12496,1
12497,6
12498,7
12499,61
12500,1
12501,9
12502,1
12503,3
12504,3
12505,59
12506,8
12507,7
12508,4
12509,36
12510,59
12511,22
12512,28
12513,5
12514,6
12515,1
12516,1
12517,0
12518,5
12519,39
12520,7
12521,4
12522,18
12523,9
12524,5
12525,2
12526,8
12527,40
12528,1
12529,6
12530,59
12531,0
12532,2
12533,19
12534,18
12535,14
12536,4
12537,6
12538,4
12539,1
12540,8
12541,3
12542,5
12543,6
12544,13
12545,15
12546,29
12547,2
12548,29
12549,42
12550,2
12551,28
12552,8
12553,30
12554,1
12555,0
12556,2
12557,32
12558,6
12559,6
12560,9
12561,2
12562,40
12563,8
12564,40
12565,5
12566,59
12567,39
12568,6
12569,8
12570,8
12571,6
12572,30
12573,10
12574,31
12575,18
12576,15
12577,53
12578,30
12579,7
12580,40
12581,1
12582,4
12583,16
12584,5
12585,40
12586,1
12587,25
12588,4
12589,5
12590,3
12591,28
12592,7
12593,7
12594,12
12595,2
12596,1
12597,8
12598,6
12599,31
12600,2
12601,23
12602,33
12603,29
12604,24
12605,22
12606,3
12607,8
12608,0
12609,9
12610,59
12611,13
12612,12
12613,40
12614,1
12615,11
12616,28
12617,37
12618,9
12619,6
12620,39
12621,10
12622,11
12623,25
12624,7
12625,6
12626,2
12627,12
12628,2
12629,40
12630,49
12631,6
12632,53
12633,55
12634,49
12635,0
12636,36
12637,4
12638,0
12639,25
12640,2
12641,9
12642,30
12643,39
12644,4
12645,30
12646,18
12647,1
12648,53
12649,5
12650,11
12651,6
12652,9
12653,27
12654,0
12655,30
12656,3
12657,4
12658,0
12659,0
12660,9
12661,29
12662,5
12663,0
12664,2
12665,55
12666,4
12667,16
12668,8
12669,29
12670,21
12671,28
12672,28
12673,45
12674,19
12675,1
12676,6
12677,22
12678,7
12679,40
12680,9
12681,18
12682,29
12683,8
12684,4
12685,29
12686,9
12687,1
12688,0
12689,46
12690,7
12691,7
12692,15
12693,2
12694,30
12695,5
12696,4
12697,49
12698,5
12699,5
12700,9
12701,8
12702,40
12703,25
12704,24
12705,4
12706,1
12707,37
12708,13
12709,27
12710,28
12711,5
12712,40
12713,22
12714,43
12715,9
12716,28
12717,7
12718,42
12719,32
12720,5
12721,29
12722,47
12723,7
12724,1
12725,42
12726,30
12727,53
12728,7
12729,9
12730,39
12731,17
12732,23
12733,0
12734,27
12735,30
12736,2
12737,24
12738,1
12739,39
12740,5
12741,13
12742,9
12743,8
12744,2
12745,6
12746,2
12747,3
12748,0
12749,28
12750,53
12751,5
12752,9
12753,8
12754,37
12755,36
12756,15
12757,3
12758,5
12759,40
12760,2
12761,40
12762,17
12763,22
12764,32
12765,7
12766,4
12767,31
12768,53
12769,6
12770,31
12771,12
12772,29
12773,3
12774,6
12775,4
12776,0
12777,10
12778,1
12779,2
12780,2
12781,18
12782,8
12783,9
12784,40
12785,29
12786,28
12787,31
12788,2
12789,28
12790,8
12791,6
12792,4
12793,1
12794,9
12795,2
12796,1
12797,9
12798,9
12799,18
12800,3
12801,1
12802,12
12803,0
12804,8
12805,15
12806,0
12807,7
12808,7
12809,15
12810,5
12811,24
12812,5
12813,3
12814,31
12815,4
12816,4
12817,4
12818,8
12819,14
12820,1
12821,3
12822,0
12823,1
12824,12
12825,9
12826,14
12827,5
12828,7
12829,4
12830,2
12831,49
12832,2
12833,6
12834,1
12835,22
12836,3
12837,6
12838,37
12839,9
12840,8
12841,4
12842,3
12843,39
12844,25
12845,9
12846,6
12847,3
12848,3
12849,9
12850,25
12851,22
12852,6
12853,15
12854,7
12855,22
12856,6
12857,2
12858,3
12859,26
12860,25
12861,22
12862,36
12863,32
12864,8
12865,9
12866,8
12867,14
12868,8
12869,1
12870,3
12871,8
12872,2
12873,55
12874,1
12875,14
12876,40
12877,55
12878,29
12879,24
12880,0
12881,19
12882,9
12883,43
12884,24
12885,15
12886,3
12887,35
12888,15
12889,26
12890,18
12891,1
12892,1
12893,2
12894,24
12895,3
12896,6
12897,55
12898,40
12899,53
12900,3
12901,40
12902,0
12903,55
12904,9
12905,15
12906,28
12907,3
12908,3
12909,1
12910,2
12911,33
12912,59
12913,12
12914,28
12915,1
12916,4
12917,25
12918,1
12919,8
12920,28
12921,28
12922,3
12923,40
12924,1
12925,24
12926,4
12927,1
12928,22
12929,0
12930,6
12931,9
12932,0
12933,55
12934,40
12935,15
12936,25
12937,58
12938,24
12939,6
12940,39
12941,0
12942,14
12943,5
12944,14
12945,23
12946,1
12947,23
12948,2
12949,36
12950,36
12951,23
12952,3
12953,12
12954,31
12955,7
12956,49
12957,14
12958,3
12959,7
12960,8
12961,52
12962,2
12963,29
12964,55
12965,12
12966,21
12967,40
12968,5
12969,11
12970,6
12971,23
12972,17
12973,1
12974,24
12975,7
12976,8
12977,55
12978,24
12979,40
12980,36
12981,35
12982,2
12983,4
12984,2
12985,2
12986,9
12987,24
12988,2
12989,3
12990,5
12991,0
12992,6
12993,6
12994,28
12995,61
12996,9
12997,5
12998,3
12999,9
13000,4
13001,28
13002,3
13003,40
13004,53
13005,6
13006,0
13007,24
13008,15
13009,8
13010,4
13011,30
13012,9
13013,22
13014,4
13015,6
13016,3
13017,0
13018,2
13019,3
13020,7
13021,8
13022,55
13023,7
13024,1
13025,43
13026,28
13027,1
13028,2
13029,4
13030,55
13031,0
13032,40
13033,6
13034,33
13035,39
13036,55
13037,8
13038,4
13039,55
13040,5
13041,2
13042,29
13043,12
13044,0
13045,6
13046,30
13047,12
13048,55
13049,9
13050,9
13051,49
13052,23
13053,4
13054,43
13055,6
13056,2
13057,7
13058,1
13059,8
13060,9
13061,21
13062,30
13063,6
13064,0
13065,17
13066,4
13067,9
13068,47
13069,21
13070,24
13071,6
13072,4
13073,22
13074,40
13075,55
13076,27
13077,15
13078,12
13079,1
13080,24
13081,5
13082,15
13083,7
13084,6
13085,0
13086,24
13087,1
13088,3
13089,28
13090,6
13091,24
13092,1
13093,0
13094,27
13095,6
13096,15
13097,5
13098,1
13099,26
13100,8
13101,2
13102,25
13103,6
13104,1
13105,9
13106,9
13107,0
13108,43
13109,6
13110,1
13111,1
13112,7
13113,28
13114,2
13115,8
13116,6
13117,24
13118,8
13119,28
13120,32
13121,7
13122,40
13123,4
13124,30
13125,0
13126,2
13127,6
13128,28
13129,5
13130,0
13131,6
13132,1
13133,40
13134,18
13135,1
13136,2
13137,18
13138,25
13139,9
13140,15
13141,3
13142,8
13143,53
13144,6
13145,14
13146,30
13147,12
13148,23
13149,0
13150,3
13151,15
13152,9
13153,53
13154,55
13155,9
13156,55
13157,8
13158,47
13159,55
13160,8
13161,40
13162,1
13163,22
13164,3
13165,28
13166,39
13167,4
13168,14
13169,9
13170,12
13171,49
13172,7
13173,20
13174,24
13175,7
13176,37
13177,39
13178,47
13179,8
13180,0
13181,39
13182,5
13183,2
13184,5
13185,8
13186,7
13187,1
13188,53
13189,59
13190,49
13191,8
13192,12
13193,0
13194,10
13195,6
13196,33
13197,4
13198,2
13199,10
13200,15
13201,3
13202,1
13203,8
13204,59
13205,3
13206,59
13207,31
13208,47
13209,59
13210,55
13211,24
13212,7
13213,7
13214,6
13215,24
13216,25
13217,24
13218,1
13219,53
13220,1
13221,6
13222,5
13223,4
13224,24
13225,11
13226,5
13227,7
13228,8
13229,2
13230,1
13231,8
13232,3
13233,24
13234,23
13235,19
13236,15
13237,8
13238,3
13239,2
13240,2
13241,9
13242,1
13243,3
13244,42
13245,1
13246,2
13247,13
13248,53
13249,7
13250,43
13251,30
13252,23
13253,0
13254,59
13255,19
13256,30
13257,12
13258,3
13259,49
13260,1
13261,2
13262,26
13263,40
13264,13
13265,37
13266,31
13267,42
13268,7
13269,23
13270,14
13271,5
13272,8
13273,6
13274,40
13275,4
13276,0
13277,2
13278,18
13279,5
13280,40
13281,1
13282,4
13283,8
13284,0
13285,40
13286,4
13287,40
13288,7
13289,53
13290,35
13291,8
13292,6
13293,7
13294,12
13295,24
13296,8
13297,53
13298,14
13299,9
13300,1
13301,8
13302,3
13303,59
13304,37
13305,3
13306,19
13307,47
13308,9
13309,6
13310,29
13311,49
13312,8
13313,58
13314,46
13315,7
13316,4
13317,7
13318,2
13319,30
13320,55
13321,8
13322,3
13323,8
13324,3
13325,36
13326,2
13327,15
13328,12
13329,3
13330,55
13331,1
13332,8
13333,37
13334,43
13335,12
13336,27
13337,24
13338,27
13339,53
13340,1
13341,24
13342,1
13343,55
13344,55
13345,7
13346,1
13347,6
13348,59
13349,3
13350,10
13351,6
13352,37
13353,28
13354,29
13355,5
13356,57
13357,36
13358,3
13359,8
13360,24
13361,59
13362,18
13363,6
13364,5
13365,3
13366,9
13367,2
13368,0
13369,0
13370,28
13371,4
13372,22
13373,4
13374,7
13375,24
13376,1
13377,2
13378,0
13379,29
13380,25
13381,1
13382,12
13383,9
13384,25
13385,43
13386,6
13387,5
13388,1
13389,24
13390,5
13391,5
13392,43
13393,8
13394,39
13395,55
13396,12
13397,0
13398,3
13399,2
13400,4
13401,7
13402,24
13403,29
13404,37
13405,3
13406,2
13407,31
13408,27
13409,9
13410,12
13411,18
13412,7
13413,28
13414,28
13415,25
13416,26
13417,23
13418,2
13419,24
13420,7
13421,40
13422,25
13423,7
13424,28
13425,29
13426,23
13427,1
13428,0
13429,1
13430,1
13431,53
13432,9
13433,7
13434,21
13435,55
13436,40
13437,29
13438,49
13439,4
13440,0
13441,43
13442,3
13443,7
13444,24
13445,27
13446,1
13447,5
13448,25
13449,30
13450,8
13451,55
13452,40
13453,8
13454,24
13455,28
13456,2
13457,40
13458,39
13459,24
13460,6
13461,14
13462,1
13463,22
13464,4
13465,49
13466,37
13467,2
13468,9
13469,31
13470,1
13471,4
13472,55
13473,1
13474,5
13475,9
13476,43
13477,40
13478,7
13479,3
13480,0
13481,55
13482,8
13483,49
13484,9
13485,43
13486,4
13487,24
13488,49
13489,1
13490,0
13491,47
13492,5
13493,7
13494,8
13495,3
13496,21
13497,2
13498,6
13499,12
13500,15
13501,9
13502,40
13503,8
13504,6
13505,0
13506,59
13507,3
13508,8
13509,0
13510,3
13511,43
13512,7
13513,14
13514,28
13515,40
13516,6
13517,4
13518,32
13519,26
13520,42
13521,29
13522,40
13523,29
13524,6
13525,4
13526,40
13527,22
13528,4
13529,6
13530,0
13531,3
13532,2
13533,8
13534,14
13535,6
13536,43
13537,49
13538,1
13539,23
13540,2
13541,52
13542,2
13543,3
13544,1
13545,37
13546,49
13547,15
13548,3
13549,14
13550,59
13551,2
13552,11
13553,0
13554,32
13555,1
13556,6
13557,0
13558,8
13559,0
13560,55
13561,21
13562,7
13563,2
13564,5
13565,32
13566,2
13567,4
13568,2
13569,49
13570,35
13571,43
13572,3
13573,7
13574,1
13575,40
13576,9
13577,7
13578,3
13579,2
13580,4
13581,6
13582,23
13583,35
13584,43
13585,7
13586,7
13587,31
13588,3
13589,53
13590,18
13591,1
13592,8
13593,30
13594,0
13595,9
13596,7
13597,1
13598,15
13599,40
13600,34
13601,21
13602,30
13603,40
13604,2
13605,30
13606,4
13607,43
13608,4
13609,15
13610,7
13611,35
13612,30
13613,8
13614,28
13615,29
13616,53
13617,9
13618,6
13619,1
13620,4
13621,13
13622,12
13623,28
13624,0
13625,3
13626,22
13627,9
13628,35
13629,5
13630,8
13631,8
13632,4
13633,7
13634,60
13635,10
13636,9
13637,24
13638,53
13639,58
13640,55
13641,43
13642,8
13643,4
13644,28
13645,2
13646,28
13647,3
13648,49
13649,5
13650,8
13651,24
13652,1
13653,4
13654,25
13655,29
13656,6
13657,1
13658,47
13659,28
13660,5
13661,24
13662,6
13663,40
13664,9
13665,43
13666,21
13667,24
13668,3
13669,12
13670,10
13671,23
13672,18
13673,33
13674,3
13675,55
13676,4
13677,15
13678,40
13679,24
13680,6
13681,0
13682,2
13683,42
13684,13
13685,40
13686,7
13687,15
13688,7
13689,29
13690,1
13691,28
13692,1
13693,0
13694,53
13695,34
13696,22
13697,6
13698,4
13699,24
13700,0
13701,2
13702,55
13703,9
13704,5
13705,0
13706,4
13707,2
13708,3
13709,39
13710,5
13711,5
13712,9
13713,6
13714,3
13715,2
13716,28
13717,16
13718,55
13719,0
13720,8
13721,8
13722,37
13723,4
13724,31
13725,5
13726,19
13727,22
13728,13
13729,6
13730,24
13731,1
13732,24
13733,2
13734,22
13735,5
13736,12
13737,2
13738,49
13739,2
13740,3
13741,5
13742,7
13743,8
13744,1
13745,12
13746,40
13747,1
13748,23
13749,7
13750,0
13751,7
13752,7
13753,9
13754,23
13755,4
13756,2
13757,3
13758,1
13759,0
13760,3
13761,42
13762,47
13763,6
13764,28
13765,29
13766,7
13767,2
13768,4
13769,32
13770,22
13771,1
13772,20
13773,0
13774,4
13775,25
13776,7
13777,30
13778,4
13779,23
13780,49
13781,39
13782,9
13783,8
13784,24
13785,49
13786,24
13787,3
13788,8
13789,24
13790,2
13791,15
13792,1
13793,8
13794,6
13795,1
13796,30
13797,7
13798,24
13799,13
13800,29
13801,5
13802,25
13803,24
13804,40
13805,13
13806,4
13807,43
13808,1
13809,2
13810,53
13811,11
13812,12
13813,0
13814,43
13815,5
13816,40
13817,28
13818,2
13819,1
13820,10
13821,55
13822,1
13823,2
13824,31
13825,0
13826,23
13827,37
13828,39
13829,42
13830,23
13831,4
13832,36
13833,8
13834,45
13835,8
13836,7
13837,3
13838,12
13839,0
13840,5
13841,23
13842,20
13843,6
13844,36
13845,6
13846,10
13847,55
13848,7
13849,5
13850,30
13851,36
13852,0
13853,25
13854,30
13855,1
13856,3
13857,6
13858,49
13859,47
13860,18
13861,3
13862,49
13863,0
13864,10
13865,39
13866,29
13867,8
13868,1
13869,1
13870,22
13871,7
13872,1
13873,8
13874,0
13875,4
13876,9
13877,49
13878,3
13879,7
13880,2
13881,11
13882,5
13883,2
13884,1
13885,0
13886,7
13887,9
13888,9
13889,1
13890,4
13891,2
13892,9
13893,0
13894,2
13895,30
13896,18
13897,55
13898,0
13899,0
13900,39
13901,6
13902,0
13903,8
13904,31
13905,4
13906,7
13907,1
13908,8
13909,5
13910,12
13911,24
13912,5
13913,4
13914,7
13915,10
13916,3
13917,55
13918,2
13919,0
13920,52
13921,5
13922,52
13923,40
13924,30
13925,5
13926,33
13927,0
13928,0
13929,19
13930,7
13931,1
13932,1
13933,6
13934,2
13935,3
13936,47
13937,24
13938,6
13939,0
13940,40
13941,7
13942,0
13943,9
13944,40
13945,1
13946,4
13947,49
13948,45
13949,1
13950,3
13951,12
13952,25
13953,3
13954,1
13955,0
13956,4
13957,40
13958,5
13959,49
13960,40
13961,8
13962,0
13963,15
13964,19
13965,12
13966,34
13967,7
13968,22
13969,1
13970,1
13971,15
13972,28
13973,3
13974,7
13975,9
13976,0
13977,4
13978,5
13979,34
13980,34
13981,2
13982,40
13983,9
13984,42
13985,30
13986,4
13987,1
13988,49
13989,49
13990,3
13991,7
13992,28
13993,3
13994,7
13995,7
13996,36
13997,1
13998,60
13999,30
14000,21
14001,0
14002,29
14003,43
14004,53
14005,24
14006,9
14007,8
14008,20
14009,5
14010,22
14011,0
14012,5
14013,9
14014,10
14015,25
14016,28
14017,0
14018,2
14019,9
14020,7
14021,7
14022,4
14023,17
14024,0
14025,4
14026,7
14027,29
14028,61
14029,40
14030,7
14031,1
14032,9
14033,7
14034,4
14035,0
14036,55
14037,25
14038,2
14039,28
14040,25
14041,2
14042,3
14043,1
14044,2
14045,8
14046,7
14047,8
14048,8
14049,22
14050,7
14051,0
14052,4
14053,29
14054,6
14055,10
14056,22
14057,22
14058,9
14059,7
14060,40
14061,6
14062,35
14063,55
14064,1
14065,28
14066,3
14067,22
14068,5
14069,30
14070,39
14071,4
14072,24
14073,1
14074,4
14075,49
14076,2
14077,31
14078,39
14079,5
14080,13
14081,39
14082,3
14083,24
14084,9
14085,23
14086,8
14087,1
14088,6
14089,4
14090,2
14091,12
14092,1
14093,0
14094,1
14095,33
14096,25
14097,8
14098,37
14099,30
14100,1
14101,10
14102,22
14103,7
14104,55
14105,8
14106,8
14107,49
14108,9
14109,24
14110,19
14111,3
14112,30
14113,1
14114,36
14115,2
14116,2
14117,4
14118,9
14119,55
14120,1
14121,0
14122,23
14123,28
14124,22
14125,9
14126,1
14127,39
14128,1
14129,21
14130,55
14131,39
14132,28
14133,0
14134,23
14135,49
14136,28
14137,21
14138,0
14139,2
14140,1
14141,2
14142,31
14143,6
14144,43
14145,40
14146,3
14147,1
14148,40
14149,55
14150,1
14151,1
14152,9
14153,9
14154,43
14155,11
14156,24
14157,28
14158,40
14159,8
14160,37
14161,39
14162,10
14163,3
14164,48
14165,6
14166,53
14167,7
14168,1
14169,18
14170,5
14171,6
14172,0
14173,25
14174,22
14175,24
14176,28
14177,7
14178,37
14179,25
14180,15
14181,40
14182,12
14183,1
14184,30
14185,2
14186,33
14187,8
14188,56
14189,39
14190,2
14191,28
14192,40
14193,5
14194,16
14195,9
14196,2
14197,28
14198,15
14199,7
14200,39
14201,6
14202,42
14203,42
14204,3
14205,1
14206,19
14207,9
14208,6
14209,40
14210,34
14211,0
14212,3
14213,43
14214,1
14215,6
14216,15
14217,1
14218,59
14219,6
14220,1
14221,6
14222,5
14223,4
14224,15
14225,9
14226,3
14227,9
14228,49
14229,55
14230,22
14231,31
14232,40
14233,1
14234,6
14235,36
14236,7
14237,1
14238,3
14239,0
14240,9
14241,22
14242,5
14243,1
14244,7
14245,0
14246,28
14247,1
14248,6
14249,53
14250,5
14251,53
14252,42
14253,59
14254,43
14255,4
14256,55
14257,6
14258,9
14259,9
14260,4
14261,4
14262,40
14263,9
14264,9
14265,37
14266,2
14267,39
14268,4
14269,4
14270,2
14271,5
14272,2
14273,37
14274,24
14275,3
14276,24
14277,4
14278,8
14279,1
14280,3
14281,40
14282,8
14283,0
14284,6
14285,1
14286,6
14287,51
14288,5
14289,28
14290,2
14291,28
14292,53
14293,21
14294,19
14295,25
14296,7
14297,28
14298,25
14299,6
14300,47
14301,7
14302,25
14303,29
14304,3
14305,0
14306,30
14307,22
14308,1
14309,2
14310,40
14311,2
14312,20
14313,9
14314,6
14315,28
14316,8
14317,55
14318,0
14319,0
14320,40
14321,4
14322,0
14323,52
14324,0
14325,3
14326,1
14327,1
14328,8
14329,61
14330,2
14331,9
14332,0
14333,29
14334,3
14335,3
14336,25
14337,2
14338,36
14339,7
14340,1
14341,9
14342,36
14343,1
14344,18
14345,4
14346,0
14347,8
14348,53
14349,9
14350,10
14351,39
14352,2
14353,36
14354,12
14355,7
14356,40
14357,12
14358,9
14359,0
14360,3
14361,36
14362,34
14363,18
14364,21
14365,0
14366,1
14367,7
14368,6
14369,2
14370,4
14371,34
14372,55
14373,23
14374,22
14375,55
14376,2
14377,9
14378,24
14379,29
14380,6
14381,2
14382,30
14383,3
14384,3
14385,15
14386,5
14387,10
14388,43
14389,24
14390,40
14391,6
14392,28
14393,24
14394,9
14395,10
14396,34
14397,1
14398,7
14399,40
14400,9
14401,7
14402,7
14403,0
14404,6
14405,3
14406,0
14407,28
14408,6
14409,3
14410,59
14411,4
14412,36
14413,6
14414,0
14415,0
14416,7
14417,28
14418,5
14419,3
14420,3
14421,8
14422,4
14423,49
14424,19
14425,24
14426,36
14427,25
14428,28
14429,2
14430,8
14431,7
14432,3
14433,8
14434,29
14435,3
14436,7
14437,3
14438,24
14439,1
14440,9
14441,40
14442,6
14443,10
14444,9
14445,4
14446,4
14447,11
14448,28
14449,2
14450,34
14451,6
14452,15
14453,39
14454,8
14455,22
14456,25
14457,2
14458,2
14459,1
14460,3
14461,9
14462,0
14463,5
14464,8
14465,0
14466,53
14467,29
14468,8
14469,8
14470,8
14471,3
14472,23
14473,40
14474,1
14475,25
14476,4
14477,49
14478,37
14479,1
14480,4
14481,0
14482,4
14483,40
14484,9
14485,49
14486,5
14487,8
14488,1
14489,0
14490,53
14491,24
14492,5
14493,18
14494,53
14495,11
14496,19
14497,19
14498,5
14499,55
14500,3
14501,55
14502,22
14503,24
14504,24
14505,4
14506,40
14507,9
14508,4
14509,40
14510,7
14511,3
14512,24
14513,29
14514,6
14515,6
14516,0
14517,55
14518,59
14519,1
14520,55
14521,4
14522,36
14523,6
14524,5
14525,3
14526,0
14527,55
14528,2
14529,26
14530,2
14531,30
14532,1
14533,9
14534,5
14535,55
14536,9
14537,35
14538,9
14539,6
14540,0
14541,12
14542,1
14543,1
14544,7
14545,6
14546,9
14547,55
14548,3
14549,1
14550,53
14551,12
14552,47
14553,37
14554,0
14555,0
14556,55
14557,12
14558,49
14559,6
14560,40
14561,53
14562,23
14563,40
14564,40
14565,8
14566,53
14567,1
14568,49
14569,53
14570,53
14571,6
14572,47
14573,8
14574,9
14575,0
14576,7
14577,2
14578,49
14579,43
14580,2
14581,25
14582,7
14583,3
14584,39
14585,8
14586,7
14587,0
14588,24
14589,18
14590,40
14591,28
14592,2
14593,3
14594,8
14595,29
14596,49
14597,18
14598,33
14599,0
14600,6
14601,6
14602,0
14603,8
14604,3
14605,9
14606,31
14607,42
14608,3
14609,4
14610,3
14611,4
14612,2
14613,55
14614,7
14615,33
14616,6
14617,53
14618,1
14619,40
14620,9
14621,7
14622,4
14623,2
14624,9
14625,8
14626,24
14627,1
14628,18
14629,6
14630,53
14631,49
14632,9
14633,2
14634,37
14635,30
14636,1
14637,40
14638,12
14639,5
14640,17
14641,8
14642,2
14643,40
14644,30
14645,11
14646,24
14647,7
14648,4
14649,0
14650,22
14651,30
14652,42
14653,27
14654,24
14655,0
14656,18
14657,4
14658,7
14659,3
14660,21
14661,12
14662,5
14663,9
14664,15
14665,40
14666,40
14667,27
14668,24
14669,1
14670,30
14671,40
14672,7
14673,49
14674,9
14675,31
14676,2
14677,39
14678,2
14679,40
14680,8
14681,0
14682,11
14683,8
14684,19
14685,12
14686,1
14687,37
14688,3
14689,0
14690,47
14691,24
14692,0
14693,28
14694,7
14695,42
14696,10
14697,0
14698,0
14699,3
14700,2
14701,4
14702,40
14703,9
14704,25
14705,28
14706,40
14707,1
14708,6
14709,1
14710,2
14711,39
14712,40
14713,53
14714,2
14715,17
14716,0
14717,15
14718,2
14719,4
14720,32
14721,28
14722,49
14723,18
14724,39
14725,15
14726,28
14727,49
14728,7
14729,15
14730,1
14731,55
14732,33
14733,40
14734,39
14735,7
14736,13
14737,5
14738,34
14739,42
14740,28
14741,61
14742,1
14743,8
14744,1
14745,2
14746,4
14747,40
14748,26
14749,20
14750,8
14751,5
14752,8
14753,6
14754,12
14755,6
14756,0
14757,2
14758,53
14759,5
14760,5
14761,3
14762,55
14763,2
14764,22
14765,1
14766,9
14767,8
14768,40
14769,4
14770,55
14771,22
14772,3
14773,30
14774,30
14775,34
14776,1
14777,8
14778,7
14779,1
14780,1
14781,8
14782,9
14783,1
14784,31
14785,24
14786,3
14787,2
14788,1
14789,55
14790,12
14791,7
14792,4
14793,43
14794,9
14795,13
14796,5
14797,3
14798,3
14799,5
14800,22
14801,7
14802,3
14803,28
14804,28
14805,49
14806,59
14807,1
14808,3
14809,28
14810,6
14811,2
14812,4
14813,1
14814,8
14815,1
14816,28
14817,4
14818,22
14819,15
14820,1
14821,15
14822,1
14823,1
14824,4
14825,55
14826,0
14827,7
14828,8
14829,9
14830,7
14831,5
14832,3
14833,15
14834,22
14835,28
14836,8
14837,7
14838,5
14839,5
14840,25
14841,8
14842,5
14843,25
14844,22
14845,40
14846,0
14847,15
14848,9
14849,4
14850,8
14851,6
14852,25
14853,7
14854,34
14855,8
14856,0
14857,55
14858,26
14859,9
14860,7
14861,20
14862,4
14863,22
14864,5
14865,3
14866,9
14867,9
14868,31
14869,18
14870,51
14871,30
14872,0
14873,12
14874,21
14875,28
14876,5
14877,12
14878,22
14879,24
14880,55
14881,4
14882,40
14883,8
14884,39
14885,22
14886,9
14887,0
14888,5
14889,1
14890,28
14891,15
14892,2
14893,1
14894,7
14895,8
14896,5
14897,0
14898,15
14899,0
14900,29
14901,3
14902,40
14903,0
14904,12
14905,0
14906,1
14907,2
14908,5
14909,1
14910,24
14911,19
14912,6
14913,37
14914,15
14915,0
14916,18
14917,10
14918,55
14919,23
14920,9
14921,18
14922,6
14923,12
14924,1
14925,31
14926,39
14927,4
14928,2
14929,30
14930,2
14931,9
14932,2
14933,24
14934,24
14935,3
14936,15
14937,0
14938,12
14939,23
14940,5
14941,6
14942,43
14943,34
14944,1
14945,25
14946,5
14947,11
14948,28
14949,7
14950,4
14951,2
14952,30
14953,25
14954,3
14955,12
14956,34
14957,6
14958,55
14959,28
14960,2
14961,18
14962,8
14963,44
14964,1
14965,28
14966,5
14967,12
14968,8
14969,40
14970,3
14971,2
14972,24
14973,30
14974,55
14975,4
14976,0
14977,6
14978,9
14979,17
14980,4
14981,23
14982,3
14983,2
14984,25
14985,49
14986,0
14987,7
14988,24
14989,7
14990,17
14991,18
14992,8
14993,6
14994,39
14995,27
14996,8
14997,29
14998,4
14999,6
15000,7
15001,7
15002,8
15003,42
15004,2
15005,28
15006,49
15007,21
15008,14
15009,2
15010,9
15011,1
15012,22
15013,19
15014,0
15015,4
15016,3
15017,25
15018,8
15019,42
15020,8
15021,55
15022,42
15023,23
15024,19
15025,6
15026,7
15027,6
15028,4
15029,1
15030,40
15031,8
15032,5
15033,29
15034,7
15035,0
15036,55
15037,1
15038,1
15039,4
15040,18
15041,1
15042,7
15043,23
15044,0
15045,17
15046,18
15047,22
15048,8
15049,8
15050,8
15051,47
15052,0
15053,12
15054,29
15055,40
15056,29
15057,25
15058,15
15059,59
15060,23
15061,58
15062,8
15063,36
15064,2
15065,9
15066,2
15067,28
15068,49
15069,29
15070,27
15071,53
15072,58
15073,28
15074,2
15075,40
15076,13
15077,10
15078,6
15079,2
15080,40
15081,43
15082,15
15083,2
15084,2
15085,5
15086,7
15087,34
15088,7
15089,4
15090,5
15091,8
15092,25
15093,25
15094,1
15095,3
15096,9
15097,2
15098,4
15099,4
15100,39
15101,4
15102,4
15103,24
15104,52
15105,8
15106,8
15107,4
15108,0
15109,0
15110,5
15111,8
15112,33
15113,40
15114,7
15115,9
15116,1
15117,28
15118,55
15119,3
15120,55
15121,6
15122,39
15123,2
15124,5
15125,2
15126,1
15127,36
15128,55
15129,4
15130,40
15131,40
15132,23
15133,7
15134,0
15135,28
15136,10
15137,55
15138,55
15139,6
15140,6
15141,13
15142,7
15143,51
15144,1
15145,14
15146,20
15147,9
15148,33
15149,5
15150,40
15151,9
15152,0
15153,42
15154,6
15155,2
15156,24
15157,17
15158,9
15159,0
15160,1
15161,28
15162,8
15163,7
15164,3
15165,2
15166,2
15167,3
15168,8
15169,29
15170,5
15171,6
15172,24
15173,24
15174,15
15175,10
15176,9
15177,49
15178,24
15179,0
15180,8
15181,9
15182,17
15183,3
15184,55
15185,29
15186,6
15187,14
15188,0
15189,5
15190,5
15191,6
15192,0
15193,5
15194,40
15195,28
15196,2
15197,6
15198,55
15199,0
15200,28
15201,23
15202,23
15203,7
15204,32
15205,9
15206,1
15207,7
15208,6
15209,6
15210,0
15211,40
15212,28
15213,12
15214,53
15215,0
15216,52
15217,3
15218,1
15219,2
15220,14
15221,1
15222,9
15223,8
15224,8
15225,9
15226,6
15227,39
15228,8
15229,0
15230,6
15231,3
15232,53
15233,6
15234,4
15235,0
15236,3
15237,9
15238,4
15239,30
15240,43
15241,39
15242,1
15243,4
15244,9
15245,3
15246,28
15247,30
15248,10
15249,28
15250,1
15251,19
15252,12
15253,0
15254,7
15255,55
15256,9
15257,2
15258,9
15259,30
15260,30
15261,5
15262,5
15263,3
15264,40
15265,4
15266,9
15267,3
15268,2
15269,5
15270,8
15271,3
15272,7
15273,6
15274,9
15275,31
15276,1
15277,7
15278,43
15279,1
15280,37
15281,40
15282,22
15283,4
15284,36
15285,4
15286,7
15287,10
15288,15
15289,0
15290,25
15291,5
15292,5
15293,3
15294,3
15295,6
15296,7
15297,8
15298,55
15299,9
15300,37
15301,8
15302,22
15303,53
15304,15
15305,53
15306,59
15307,1
15308,24
15309,6
15310,6
15311,36
15312,3
15313,1
15314,49
15315,40
15316,3
15317,21
15318,55
15319,21
15320,0
15321,1
15322,25
15323,23
15324,0
15325,7
15326,22
15327,24
15328,22
15329,5
15330,12
15331,8
15332,6
15333,30
15334,1
15335,0
15336,8
15337,28
15338,15
15339,11
15340,28
15341,4
15342,7
15343,2
15344,24
15345,2
15346,6
15347,1
15348,28
15349,40
15350,19
15351,43
15352,40
15353,40
15354,29
15355,7
15356,5
15357,31
15358,1
15359,12
15360,28
15361,2
15362,53
15363,55
15364,10
15365,27
15366,4
15367,12
15368,0
15369,4
15370,10
15371,28
15372,29
15373,47
15374,55
15375,30
15376,7
15377,43
15378,28
15379,49
15380,36
15381,9
15382,47
15383,8
15384,55
15385,20
15386,12
15387,0
15388,0
15389,15
15390,1
15391,0
15392,5
15393,28
15394,3
15395,0
15396,5
15397,2
15398,2
15399,32
15400,26
15401,16
15402,12
15403,8
15404,4
15405,9
15406,5
15407,29
15408,6
15409,44
15410,7
15411,49
15412,0
15413,6
15414,39
15415,53
15416,6
15417,6
15418,1
15419,9
15420,9
15421,28
15422,7
15423,13
15424,0
15425,4
15426,46
15427,37
15428,6
15429,3
15430,39
15431,1
15432,28
15433,1
15434,4
15435,1
15436,15
15437,15
15438,1
15439,3
15440,7
15441,4
15442,56
15443,55
15444,8
15445,22
15446,42
15447,3
15448,2
15449,8
15450,28
15451,6
15452,3
15453,3
15454,3
15455,32
15456,47
15457,6
15458,28
15459,43
15460,24
15461,61
15462,28
15463,17
15464,27
15465,2
15466,23
15467,40
15468,36
15469,1
15470,2
15471,1
15472,30
15473,22
15474,22
15475,7
15476,4
15477,7
15478,1
15479,8
15480,24
15481,18
15482,18
15483,15
15484,4
15485,5
15486,4
15487,1
15488,6
15489,9
15490,55
15491,28
15492,40
15493,4
15494,55
15495,10
15496,3
15497,0
15498,6
15499,7
15500,0
15501,22
15502,53
15503,30
15504,20
15505,13
15506,6
15507,40
15508,7
15509,9
15510,40
15511,7
15512,24
15513,10
15514,40
15515,23
15516,1
15517,6
15518,43
15519,29
15520,2
15521,0
15522,9
15523,6
15524,1
15525,34
15526,4
15527,40
15528,43
15529,46
15530,11
15531,6
15532,0
15533,4
15534,4
15535,9
15536,4
15537,13
15538,3
15539,25
15540,0
15541,17
15542,9
15543,1
15544,15
15545,24
15546,24
15547,9
15548,47
15549,4
15550,43
15551,3
15552,34
15553,24
15554,2
15555,2
15556,9
15557,1
15558,0
15559,5
15560,1
15561,6
15562,1
15563,0
15564,0
15565,1
15566,12
15567,4
15568,31
15569,27
15570,3
15571,2
15572,18
15573,29
15574,0
15575,1
15576,42
15577,15
15578,7
15579,13
15580,40
15581,1
15582,14
15583,4
15584,28
15585,7
15586,2
15587,7
15588,61
15589,5
15590,5
15591,7
15592,9
15593,47
15594,8
15595,59
15596,7
15597,7
15598,2
15599,40
15600,1
15601,49
15602,1
15603,34
15604,2
15605,7
15606,18
15607,7
15608,43
15609,24
15610,55
15611,0
15612,10
15613,6
15614,40
15615,20
15616,28
15617,20
15618,40
15619,9
15620,2
15621,0
15622,29
15623,12
15624,1
15625,9
15626,3
15627,2
15628,7
15629,0
15630,5
15631,9
15632,15
15633,11
15634,6
15635,24
15636,1
15637,23
15638,2
15639,28
15640,25
15641,0
15642,1
15643,8
15644,0
15645,4
15646,8
15647,6
15648,3
15649,27
15650,1
15651,2
15652,3
15653,18
15654,14
15655,6
15656,8
15657,3
15658,0
15659,7
15660,4
15661,9
15662,3
15663,33
15664,39
15665,6
15666,9
15667,9
15668,43
15669,24
15670,33
15671,21
15672,26
15673,0
15674,1
15675,53
15676,9
15677,15
15678,2
15679,17
15680,5
15681,4
15682,6
15683,39
15684,3
15685,7
15686,3
15687,12
15688,4
15689,31
15690,44
15691,6
15692,12
15693,5
15694,1
15695,40
15696,1
15697,16
15698,30
15699,58
15700,55
15701,10
15702,9
15703,6
15704,1
15705,27
15706,24
15707,24
15708,55
15709,9
15710,15
15711,0
15712,30
15713,29
15714,31
15715,22
15716,1
15717,47
15718,8
15719,19
15720,9
15721,5
15722,4
15723,8
15724,1
15725,7
15726,24
15727,1
15728,2
15729,22
15730,1
15731,9
15732,55
15733,40
15734,10
15735,28
15736,2
15737,8
15738,1
15739,10
15740,1
15741,39
15742,3
15743,40
15744,28
15745,28
15746,4
15747,6
15748,3
15749,29
15750,10
15751,4
15752,9
15753,7
15754,25
15755,3
15756,4
15757,7
15758,22
15759,26
15760,20
15761,6
15762,1
15763,30
15764,6
15765,60
15766,18
15767,14
15768,3
15769,12
15770,6
15771,8
15772,12
15773,30
15774,2
15775,7
15776,1
15777,9
15778,16
15779,6
15780,0
15781,6
15782,56
15783,2
15784,43
15785,0
15786,59
15787,3
15788,15
15789,7
15790,2
15791,40
15792,31
15793,9
15794,45
15795,36
15796,11
15797,15
15798,31
15799,1
15800,24
15801,6
15802,4
15803,1
15804,31
15805,18
15806,25
15807,40
15808,40
15809,23
15810,18
15811,24
15812,3
15813,8
15814,23
15815,25
15816,30
15817,40
15818,4
15819,5
15820,31
15821,55
15822,14
15823,8
15824,3
15825,34
15826,1
15827,55
15828,0
15829,6
15830,40
15831,33
15832,32
15833,19
15834,22
15835,3
15836,29
15837,43
15838,12
15839,8
15840,5
15841,5
15842,2
15843,6
15844,5
15845,5
15846,0
15847,7
15848,24
15849,32
15850,4
15851,9
15852,2
15853,7
15854,7
15855,34
15856,24
15857,40
15858,25
15859,4
15860,36
15861,8
15862,10
15863,3
15864,8
15865,1
15866,5
15867,6
15868,12
15869,49
15870,5
15871,4
15872,4
15873,1
15874,1
15875,29
15876,34
15877,8
15878,1
15879,9
15880,30
15881,49
15882,3
15883,21
15884,1
15885,9
15886,28
15887,18
15888,7
15889,1
15890,29
15891,9
15892,48
15893,36
15894,0
15895,6
15896,24
15897,16
15898,16
15899,28
15900,60
15901,25
15902,9
15903,51
15904,6
15905,1
15906,15
15907,5
15908,27
15909,1
15910,58
15911,16
15912,28
15913,24
15914,1
15915,10
15916,24
15917,2
15918,2
15919,0
15920,34
15921,0
15922,39
15923,35
15924,22
15925,6
15926,5
15927,7
15928,5
15929,40
15930,59
15931,53
15932,31
15933,8
15934,1
15935,22
15936,24
15937,15
15938,6
15939,53
15940,14
15941,6
15942,40
15943,1
15944,1
15945,25
15946,37
15947,40
15948,53
15949,1
15950,7
15951,12
15952,6
15953,3
15954,55
15955,31
15956,1
15957,6
15958,28
15959,3
15960,31
15961,3
15962,4
15963,55
15964,7
15965,15
15966,1
15967,24
15968,7
15969,0
15970,4
15971,2
15972,6
15973,0
15974,12
15975,9
15976,31
15977,9
15978,21
15979,3
15980,40
15981,15
15982,32
15983,0
15984,15
15985,8
15986,7
15987,40
15988,40
15989,14
15990,28
15991,2
15992,22
15993,48
15994,1
15995,3
15996,31
15997,9
15998,40
15999,37
16000,0
16001,10
16002,36
16003,4
16004,4
16005,5
16006,55
16007,39
16008,1
16009,4
16010,7
16011,40
16012,61
16013,9
16014,30
16015,49
16016,30
16017,5
16018,40
16019,33
16020,4
16021,2
16022,1
16023,43
16024,0
16025,22
16026,55
16027,8
16028,4
16029,15
16030,14
16031,25
16032,4
16033,23
16034,7
16035,9
16036,1
16037,7
16038,30
16039,36
16040,9
16041,4
16042,55
16043,7
16044,0
16045,7
16046,4
16047,7
16048,9
16049,0
16050,1
16051,31
16052,5
16053,15
16054,1
16055,36
16056,3
16057,4
16058,49
16059,7
16060,9
16061,0
16062,22
16063,16
16064,3
16065,0
16066,1
16067,12
16068,55
16069,8
16070,29
16071,28
16072,24
16073,24
16074,40
16075,39
16076,39
16077,6
16078,8
16079,55
16080,3
16081,6
16082,0
16083,18
16084,3
16085,3
16086,1
16087,53
16088,28
16089,2
16090,2
16091,5
16092,1
16093,30
16094,20
16095,9
16096,12
16097,55
16098,36
16099,1
16100,24
16101,24
16102,17
16103,6
16104,33
16105,24
16106,60
16107,6
16108,12
16109,4
16110,26
16111,8
16112,1
16113,34
16114,55
16115,28
16116,2
16117,29
16118,3
16119,1
16120,0
16121,55
16122,40
16123,2
16124,23
16125,21
16126,2
16127,47
16128,24
16129,6
16130,7
16131,35
16132,7
16133,5
16134,9
16135,7
16136,2
16137,9
16138,6
16139,53
16140,25
16141,1
16142,6
16143,3
16144,19
16145,23
16146,31
16147,22
16148,40
16149,29
16150,2
16151,24
16152,40
16153,3
16154,22
16155,6
16156,43
16157,3
16158,5
16159,33
16160,17
16161,36
16162,49
16163,28
16164,5
16165,7
16166,31
16167,26
16168,36
16169,12
16170,29
16171,9
16172,4
16173,8
16174,9
16175,2
16176,9
16177,2
16178,29
16179,6
16180,55
16181,2
16182,4
16183,25
16184,34
16185,4
16186,18
16187,0
16188,29
16189,3
16190,4
16191,0
16192,1
16193,28
16194,30
16195,13
16196,28
16197,6
16198,10
16199,47
16200,12
16201,3
16202,8
16203,39
16204,25
16205,9
16206,1
16207,7
16208,18
16209,28
16210,6
16211,28
16212,31
16213,1
16214,7
16215,30
16216,18
16217,35
16218,47
16219,6
16220,4
16221,8
16222,49
16223,40
16224,40
16225,53
16226,9
16227,53
16228,5
16229,55
16230,1
16231,40
16232,21
16233,2
16234,36
16235,6
16236,9
16237,8
16238,1
16239,0
16240,6
16241,55
16242,1
16243,3
16244,53
16245,0
16246,5
16247,4
16248,18
16249,21
16250,6
16251,3
16252,6
16253,39
16254,1
16255,22
16256,2
16257,13
16258,7
16259,1
16260,1
16261,3
16262,40
16263,8
16264,3
16265,55
16266,10
16267,8
16268,6
16269,9
16270,4
16271,4
16272,0
16273,8
16274,18
16275,8
16276,1
16277,33
16278,7
16279,18
16280,6
16281,28
16282,6
16283,1
16284,23
16285,0
16286,37
16287,27
16288,0
16289,23
16290,15
16291,6
16292,53
16293,0
16294,6
16295,40
16296,11
16297,5
16298,40
16299,15
16300,8
16301,53
16302,8
16303,19
16304,44
16305,39
16306,1
16307,31
16308,7
16309,3
16310,59
16311,5
16312,0
16313,1
16314,5
16315,1
16316,5
16317,34
16318,4
16319,9
16320,46
16321,21
16322,23
16323,15
16324,15
16325,61
16326,7
16327,4
16328,31
16329,15
16330,15
16331,4
16332,8
16333,1
16334,47
16335,20
16336,9
16337,1
16338,28
16339,34
16340,4
16341,12
16342,6
16343,2
16344,1
16345,13
16346,0
16347,6
16348,35
16349,30
16350,4
16351,0
16352,4
16353,28
16354,40
16355,2
16356,15
16357,0
16358,12
16359,30
16360,9
16361,8
16362,8
16363,36
16364,1
16365,14
16366,1
16367,1
16368,0
16369,31
16370,0
16371,21
16372,7
16373,1
16374,8
16375,21
16376,10
16377,53
16378,3
16379,13
16380,25
16381,0
16382,0
16383,2
16384,2
16385,36
16386,9
16387,14
16388,37
16389,11
16390,0
16391,18
16392,6
16393,9
16394,5
16395,55
16396,28
16397,49
16398,3
16399,49
16400,0
16401,7
16402,7
16403,40
16404,3
16405,7
16406,10
16407,39
16408,6
16409,46
16410,30
16411,30
16412,0
16413,11
16414,39
16415,24
16416,0
16417,31
16418,2
16419,13
16420,7
16421,5
16422,24
16423,4
16424,29
16425,29
16426,14
16427,9
16428,30
16429,55
16430,49
16431,5
16432,5
16433,10
16434,6
16435,30
16436,4
16437,7
16438,29
16439,4
16440,0
16441,2
16442,21
16443,4
16444,7
16445,9
16446,0
16447,42
16448,53
16449,1
16450,0
16451,28
16452,40
16453,9
16454,25
16455,8
16456,4
16457,1
16458,24
16459,55
16460,7
16461,3
16462,55
16463,55
16464,2
16465,56
16466,39
16467,28
16468,10
16469,35
16470,7
16471,18
16472,4
16473,26
16474,0
16475,2
16476,53
16477,28
16478,43
16479,3
16480,7
16481,9
16482,24
16483,28
16484,39
16485,39
16486,4
16487,26
16488,49
16489,6
16490,25
16491,24
16492,3
16493,53
16494,2
16495,2
16496,24
16497,55
16498,8
16499,3
16500,4
16501,1
16502,5
16503,7
16504,2
16505,8
16506,6
16507,49
16508,1
16509,1
16510,5
16511,0
16512,30
16513,8
16514,0
16515,2
16516,6
16517,7
16518,29
16519,7
16520,60
16521,3
16522,1
16523,2
16524,24
16525,28
16526,2
16527,23
16528,29
16529,7
16530,24
16531,40
16532,28
16533,16
16534,2
16535,11
16536,0
16537,5
16538,39
16539,3
16540,21
16541,1
16542,2
16543,0
16544,17
16545,49
16546,40
16547,37
16548,19
16549,8
16550,28
16551,9
16552,28
16553,31
16554,40
16555,3
16556,40
16557,3
16558,4
16559,45
16560,29
16561,2
16562,1
16563,1
16564,12
16565,45
16566,23
16567,1
16568,39
16569,30
16570,7
16571,18
16572,2
16573,4
16574,7
16575,2
16576,40
16577,22
16578,6
16579,2
16580,1
16581,2
16582,29
16583,6
16584,22
16585,42
16586,43
16587,16
16588,31
16589,30
16590,1
16591,0
16592,43
16593,39
16594,1
16595,1
16596,22
16597,18
16598,32
16599,1
16600,23
16601,3
16602,1
16603,0
16604,9
16605,6
16606,9
16607,36
16608,17
16609,18
16610,3
16611,43
16612,6
16613,5
16614,8
16615,7
16616,9
16617,15
16618,25
16619,8
16620,6
16621,10
16622,4
16623,1
16624,31
16625,18
16626,8
16627,8
16628,10
16629,24
16630,11
16631,2
16632,5
16633,28
16634,25
16635,0
16636,1
16637,17
16638,3
16639,3
16640,4
16641,3
16642,10
16643,43
16644,12
16645,7
16646,28
16647,9
16648,1
16649,36
16650,36
16651,28
16652,14
16653,2
16654,4
16655,3
16656,8
16657,7
16658,34
16659,36
16660,29
16661,1
16662,55
16663,3
16664,55
16665,24
16666,8
16667,19
16668,1
16669,2
16670,4
16671,27
16672,0
16673,3
16674,39
16675,43
16676,1
16677,53
16678,0
16679,55
16680,40
16681,40
16682,39
16683,12
16684,39
16685,1
16686,29
16687,44
16688,4
16689,40
16690,31
16691,18
16692,6
16693,25
16694,9
16695,37
16696,4
16697,2
16698,1
16699,23
16700,49
16701,7
16702,4
16703,0
16704,15
16705,4
16706,3
16707,0
16708,29
16709,7
16710,8
16711,29
16712,24
16713,12
16714,3
16715,4
16716,39
16717,22
16718,5
16719,25
16720,6
16721,6
16722,49
16723,55
16724,12
16725,3
16726,53
16727,0
16728,24
16729,31
16730,1
16731,9
16732,25
16733,28
16734,55
16735,8
16736,55
16737,9
16738,9
16739,4
16740,12
16741,40
16742,28
16743,3
16744,6
16745,18
16746,7
16747,24
16748,8
16749,9
16750,31
16751,40
16752,36
16753,2
16754,17
16755,39
16756,12
16757,4
16758,25
16759,0
16760,3
16761,43
16762,6
16763,3
16764,4
16765,40
16766,6
16767,49
16768,40
16769,9
16770,28
16771,4
16772,1
16773,3
16774,22
16775,2
16776,12
16777,6
16778,24
16779,0
16780,4
16781,1
16782,4
16783,26
16784,40
16785,4
16786,6
16787,30
16788,6
16789,39
16790,0
16791,31
16792,2
16793,17
16794,7
16795,7
16796,4
16797,3
16798,47
16799,12
16800,59
16801,9
16802,3
16803,6
16804,28
16805,4
16806,7
16807,55
16808,9
16809,2
16810,29
16811,34
16812,23
16813,4
16814,46
16815,3
16816,9
16817,51
16818,17
16819,24
16820,40
16821,53
16822,7
16823,1
16824,22
16825,6
16826,36
16827,1
16828,8
16829,23
16830,8
16831,28
16832,55
16833,17
16834,28
16835,3
16836,1
16837,9
16838,5
16839,28
16840,12
16841,0
16842,22
16843,49
16844,46
16845,7
16846,0
16847,24
16848,30
16849,9
16850,1
16851,29
16852,28
16853,18
16854,24
16855,28
16856,39
16857,49
16858,1
16859,0
16860,22
16861,58
16862,8
16863,2
16864,8
16865,22
16866,9
16867,5
16868,40
16869,25
16870,34
16871,53
16872,55
16873,24
16874,28
16875,1
16876,7
16877,6
16878,24
16879,24
16880,24
16881,1
16882,2
16883,26
16884,39
16885,3
16886,3
16887,1
16888,2
16889,1
16890,45
16891,0
16892,39
16893,6
16894,5
16895,15
16896,25
16897,1
16898,12
16899,9
16900,4
16901,9
16902,40
16903,24
16904,1
16905,0
16906,3
16907,24
16908,6
16909,5
16910,5
16911,30
16912,3
16913,4
16914,1
16915,31
16916,0
16917,59
16918,5
16919,24
16920,0
16921,2
16922,0
16923,19
16924,22
16925,1
16926,40
16927,18
16928,2
16929,4
16930,4
16931,24
16932,3
16933,39
16934,4
16935,0
16936,32
16937,18
16938,2
16939,4
16940,3
16941,28
16942,49
16943,8
16944,55
16945,9
16946,0
16947,2
16948,45
16949,4
16950,1
16951,10
16952,1
16953,24
16954,5
16955,39
16956,5
16957,4
16958,1
16959,9
16960,0
16961,1
16962,4
16963,30
16964,8
16965,61
16966,19
16967,40
16968,4
16969,8
16970,0
16971,53
16972,39
16973,2
16974,4
16975,22
16976,58
16977,3
16978,39
16979,53
16980,19
16981,30
16982,6
16983,6
16984,9
16985,59
16986,43
16987,16
16988,8
16989,56
16990,7
16991,23
16992,6
16993,7
16994,28
16995,55
16996,5
16997,25
16998,52
16999,15
17000,8
17001,24
17002,5
17003,0
17004,42
17005,39
17006,23
17007,3
17008,23
17009,5
17010,52
17011,25
17012,1
17013,25
17014,5
17015,31
17016,55
17017,11
17018,1
17019,2
17020,15
17021,53
17022,24
17023,4
17024,43
17025,4
17026,0
17027,23
17028,28
17029,0
17030,11
17031,14
17032,15
17033,0
17034,25
17035,1
17036,53
17037,36
17038,11
17039,8
17040,25
17041,1
17042,37
17043,7
17044,2
17045,5
17046,34
17047,28
17048,1
17049,24
17050,28
17051,3
17052,5
17053,10
17054,27
17055,49
17056,6
17057,4
17058,2
17059,4
17060,1
17061,3
17062,36
17063,0
17064,8
17065,3
17066,24
17067,32
17068,1
17069,29
17070,3
17071,0
17072,46
17073,12
17074,22
17075,1
17076,6
17077,8
17078,1
17079,26
17080,3
17081,6
17082,36
17083,0
17084,2
17085,40
17086,0
17087,3
17088,14
17089,39
17090,58
17091,7
17092,5
17093,9
17094,49
17095,0
17096,28
17097,40
17098,40
17099,2
17100,16
17101,29
17102,5
17103,8
17104,7
17105,11
17106,0
17107,23
17108,23
17109,1
17110,57
17111,4
17112,5
17113,7
17114,2
17115,18
17116,5
17117,4
17118,1
17119,1
17120,3
17121,0
17122,5
17123,3
17124,8
17125,24
17126,24
17127,25
17128,43
17129,23
17130,55
17131,0
17132,14
17133,39
17134,12
17135,20
17136,5
17137,53
17138,1
17139,7
17140,9
17141,59
17142,1
17143,24
17144,8
17145,8
17146,30
17147,35
17148,11
17149,0
17150,9
17151,15
17152,0
17153,24
17154,6
17155,4
17156,22
17157,9
17158,55
17159,8
17160,34
17161,5
17162,9
17163,53
17164,7
17165,31
17166,13
17167,7
17168,5
17169,22
17170,46
17171,0
17172,30
17173,8
17174,5
17175,6
17176,0
17177,55
17178,7
17179,8
17180,7
17181,7
17182,0
17183,6
17184,43
17185,8
17186,4
17187,4
17188,0
17189,4
17190,5
17191,1
17192,9
17193,12
17194,8
17195,0
17196,0
17197,7
17198,20
17199,12
17200,1
17201,7
17202,7
17203,3
17204,2
17205,4
17206,1
17207,49
17208,49
17209,2
17210,9
17211,1
17212,30
17213,2
17214,3
17215,10
17216,27
17217,9
17218,24
17219,4
17220,40
17221,3
17222,1
17223,21
17224,30
17225,24
17226,5
17227,1
17228,1
17229,1
17230,22
17231,43
17232,0
17233,6
17234,40
17235,1
17236,37
17237,10
17238,5
17239,4
17240,21
17241,24
17242,22
17243,4
17244,28
17245,28
17246,1
17247,36
17248,9
17249,3
17250,1
17251,9
17252,24
17253,28
17254,24
17255,9
17256,9
17257,0
17258,6
17259,1
17260,6
17261,4
17262,55
17263,5
17264,9
17265,39
17266,36
17267,28
17268,22
17269,35
17270,2
17271,6
17272,28
17273,4
17274,3
17275,39
17276,7
17277,2
17278,7
17279,7
17280,2
17281,40
17282,0
17283,2
17284,12
17285,5
17286,36
17287,1
17288,14
17289,11
17290,43
17291,2
17292,1
17293,19
17294,61
17295,40
17296,55
17297,3
17298,2
17299,32
17300,9
17301,5
17302,8
17303,4
17304,9
17305,55
17306,6
17307,0
17308,30
17309,1
17310,13
17311,28
17312,28
17313,15
17314,22
17315,8
17316,13
17317,0
17318,6
17319,21
17320,5
17321,53
17322,10
17323,4
17324,27
17325,39
17326,0
17327,3
17328,2
17329,0
17330,2
17331,9
17332,15
17333,24
17334,1
17335,24
17336,6
17337,1
17338,5
17339,18
17340,4
17341,0
17342,19
17343,1
17344,1
17345,41
17346,21
17347,2
17348,15
17349,3
17350,3
17351,28
17352,40
17353,31
17354,2
17355,6
17356,0
17357,5
17358,3
17359,24
17360,7
17361,29
17362,1
17363,28
17364,23
17365,9
17366,58
17367,2
17368,23
17369,53
17370,7
17371,9
17372,30
17373,53
17374,9
17375,8
17376,59
17377,46
17378,5
17379,27
17380,49
17381,1
17382,1
17383,6
17384,4
17385,40
17386,9
17387,58
17388,36
17389,3
17390,24
17391,1
17392,1
17393,25
17394,10
17395,40
17396,49
17397,40
17398,0
17399,1
17400,3
17401,53
17402,1
17403,7
17404,15
17405,9
17406,1
17407,24
17408,5
17409,3
17410,40
17411,28
17412,55
17413,7
17414,61
17415,28
17416,8
17417,27
17418,28
17419,37
17420,3
17421,8
17422,3
17423,1
17424,6
17425,59
17426,46
17427,49
17428,28
17429,15
17430,53
17431,1
17432,43
17433,43
17434,40
17435,40
17436,2
17437,6
17438,7
17439,30
17440,28
17441,7
17442,29
17443,8
17444,28
17445,22
17446,12
17447,53
17448,0
17449,5
17450,6
17451,6
17452,7
17453,40
17454,8
17455,30
17456,1
17457,16
17458,26
17459,0
17460,19
17461,16
17462,0
17463,0
17464,44
17465,5
17466,15
17467,9
17468,9
17469,3
17470,7
17471,28
17472,12
17473,40
17474,2
17475,2
17476,0
17477,10
17478,3
17479,6
17480,3
17481,6
17482,24
17483,5
17484,1
17485,14
17486,7
17487,39
17488,24
17489,40
17490,0
17491,49
17492,0
17493,25
17494,49
17495,0
17496,15
17497,6
17498,20
17499,0
17500,8
17501,9
17502,40
17503,4
17504,28
17505,24
17506,8
17507,25
17508,4
17509,9
17510,2
17511,15
17512,15
17513,15
17514,0
17515,59
17516,7
17517,0
17518,53
17519,7
17520,4
17521,1
17522,23
17523,9
17524,7
17525,28
17526,5
17527,8
17528,2
17529,15
17530,6
17531,5
17532,7
17533,2
17534,3
17535,14
17536,2
17537,3
17538,28
17539,2
17540,25
17541,2
17542,1
17543,10
17544,4
17545,5
17546,8
17547,20
17548,28
17549,8
17550,7
17551,3
17552,1
17553,55
17554,2
17555,47
17556,1
17557,10
17558,6
17559,4
17560,49
17561,30
17562,6
17563,24
17564,31
17565,1
17566,6
17567,3
17568,3
17569,36
17570,12
17571,56
17572,9
17573,20
17574,1
17575,6
17576,9
17577,8
17578,30
17579,49
17580,26
17581,15
17582,7
17583,1
17584,0
17585,31
17586,0
17587,24
17588,53
17589,22
17590,5
17591,23
17592,55
17593,55
17594,3
17595,3
17596,4
17597,2
17598,9
17599,9
17600,2
17601,6
17602,24
17603,10
17604,7
17605,55
17606,43
17607,1
17608,22
17609,13
17610,4
17611,35
17612,2
17613,1
17614,9
17615,33
17616,4
17617,30
17618,5
17619,30
17620,20
17621,25
17622,13
17623,0
17624,2
17625,5
17626,5
17627,18
17628,2
17629,18
17630,28
17631,22
17632,2
17633,9
17634,9
17635,4
17636,4
17637,43
17638,55
17639,45
17640,55
17641,42
17642,1
17643,8
17644,58
17645,53
17646,1
17647,6
17648,6
17649,10
17650,8
17651,29
17652,5
17653,4
17654,25
17655,15
17656,40
17657,23
17658,3
17659,4
17660,7
17661,0
17662,7
17663,4
17664,30
17665,49
17666,6
17667,59
17668,9
17669,28
17670,2
17671,40
17672,9
17673,6
17674,7
17675,4
17676,28
17677,9
17678,37
17679,47
17680,1
17681,4
17682,8
17683,22
17684,24
17685,28
17686,1
17687,29
17688,4
17689,0
17690,3
17691,26
17692,10
17693,2
17694,3
17695,25
17696,18
17697,40
17698,8
17699,3
17700,5
17701,19
17702,6
17703,39
17704,4
17705,36
17706,40
17707,5
17708,4
17709,49
17710,3
17711,1
17712,36
17713,3
17714,24
17715,24
17716,6
17717,6
17718,31
17719,39
17720,2
17721,2
17722,53
17723,28
17724,6
17725,1
17726,5
17727,7
17728,40
17729,55
17730,1
17731,2
17732,3
17733,1
17734,48
17735,5
17736,17
17737,53
17738,6
17739,0
17740,7
17741,1
17742,24
17743,49
17744,40
17745,15
17746,32
17747,9
17748,3
17749,4
17750,29
17751,46
17752,5
17753,5
17754,1
17755,23
17756,12
17757,28
17758,31
17759,8
17760,12
17761,55
17762,49
17763,40
17764,29
17765,36
17766,9
17767,55
17768,9
17769,52
17770,13
17771,0
17772,34
17773,22
17774,18
17775,2
17776,12
17777,4
17778,15
17779,5
17780,36
17781,7
17782,34
17783,9
17784,37
17785,30
17786,5
17787,7
17788,7
17789,8
17790,18
17791,59
17792,8
17793,15
17794,1
17795,6
17796,40
17797,24
17798,7
17799,29
17800,30
17801,8
17802,18
17803,59
17804,1
17805,1
17806,9
17807,3
17808,43
17809,1
17810,57
17811,55
17812,53
17813,30
17814,9
17815,1
17816,19
17817,3
17818,4
17819,3
17820,1
17821,2
17822,3
17823,1
17824,9
17825,34
17826,33
17827,24
17828,4
17829,9
17830,7
17831,30
17832,7
17833,6
17834,3
17835,30
17836,1
17837,37
17838,24
17839,6
17840,40
17841,4
17842,2
17843,0
17844,1
17845,55
17846,3
17847,0
17848,3
17849,1
17850,28
17851,0
17852,12
17853,7
17854,61
17855,60
17856,8
17857,5
17858,24
17859,7
17860,30
17861,49
17862,0
17863,5
17864,1
17865,22
17866,29
17867,2
17868,7
17869,24
17870,3
17871,16
17872,3
17873,6
17874,24
17875,24
17876,53
17877,7
17878,48
17879,6
17880,5
17881,12
17882,0
17883,8
17884,24
17885,8
17886,0
17887,7
17888,8
17889,28
17890,55
17891,4
17892,0
17893,55
17894,7
17895,0
17896,15
17897,40
17898,30
17899,41
17900,29
17901,31
17902,3
17903,7
17904,4
17905,5
17906,2
17907,1
17908,6
17909,10
17910,28
17911,0
17912,0
17913,5
17914,40
17915,1
17916,9
17917,6
17918,49
17919,29
17920,53
17921,6
17922,4
17923,55
17924,1
17925,3
17926,4
17927,1
17928,1
17929,0
17930,28
17931,24
17932,23
17933,20
17934,7
17935,2
17936,37
17937,2
17938,22
17939,29
17940,53
17941,43
17942,6
17943,2
17944,30
17945,9
17946,7
17947,44
17948,8
17949,19
17950,29
17951,0
17952,17
17953,15
17954,9
17955,49
17956,24
17957,4
17958,45
17959,9
17960,40
17961,25
17962,2
17963,0
17964,40
17965,30
17966,39
17967,55
17968,3
17969,7
17970,6
17971,1
17972,2
17973,22
17974,2
17975,47
17976,8
17977,0
17978,3
17979,40
17980,34
17981,18
17982,10
17983,27
17984,3
17985,0
17986,30
17987,5
17988,13
17989,35
17990,1
17991,24
17992,4
17993,25
17994,6
17995,7
17996,36
17997,2
17998,11
17999,6
18000,7
18001,1
18002,2
18003,8
18004,40
18005,24
18006,24
18007,33
18008,1
18009,6
18010,1
18011,3
18012,1
18013,49
18014,1
18015,53
18016,3
18017,28
18018,2
18019,1
18020,5
18021,0
18022,43
18023,14
18024,7
18025,28
18026,6
18027,24
18028,28
18029,61
18030,40
18031,8
18032,40
18033,8
18034,30
18035,9
18036,9
18037,1
18038,7
18039,8
18040,43
18041,36
18042,0
18043,8
18044,4
18045,53
18046,18
18047,7
18048,15
18049,3
18050,7
18051,30
18052,3
18053,9
18054,32
18055,18
18056,1
18057,1
18058,55
18059,7
18060,28
18061,1
18062,47
18063,7
18064,24
18065,26
18066,21
18067,15
18068,28
18069,5
18070,40
18071,1
18072,5
18073,0
18074,55
18075,3
18076,43
18077,24
18078,8
18079,7
18080,9
18081,7
18082,6
18083,30
18084,5
18085,2
18086,31
18087,4
18088,24
18089,17
18090,1
18091,5
18092,4
18093,1
18094,8
18095,55
18096,5
18097,0
18098,49
18099,9
18100,32
18101,0
18102,24
18103,8
18104,15
18105,2
18106,9
18107,30
18108,21
18109,9
18110,36
18111,24
18112,4
18113,3
18114,18
18115,1
18116,28
18117,8
18118,43
18119,2
18120,4
18121,7
18122,40
18123,0
18124,2
18125,30
18126,8
18127,40
18128,7
18129,6
18130,25
18131,7
18132,15
18133,5
18134,6
18135,28
18136,58
18137,3
18138,1
18139,3
18140,6
18141,8
18142,28
18143,8
18144,15
18145,4
18146,7
18147,35
18148,15
18149,7
18150,3
18151,4
18152,34
18153,49
18154,22
18155,15
18156,9
18157,39
18158,9
18159,4
18160,1
18161,8
18162,5
18163,1
18164,33
18165,5
18166,6
18167,18
18168,5
18169,53
18170,8
18171,7
18172,0
18173,43
18174,8
18175,0
18176,5
18177,4
18178,58
18179,42
18180,39
18181,4
18182,28
18183,9
18184,3
18185,8
18186,40
18187,6
18188,7
18189,27
18190,2
18191,0
18192,7
18193,13
18194,14
18195,3
18196,40
18197,49
18198,3
18199,37
18200,12
18201,8
18202,12
18203,8
18204,4
18205,3
18206,24
18207,29
18208,9
18209,7
18210,6
18211,7
18212,58
18213,2
18214,23
18215,31
18216,15
18217,40
18218,34
18219,43
18220,13
18221,29
18222,8
18223,28
18224,2
18225,5
18226,5
18227,40
18228,7
18229,11
18230,2
18231,3
18232,24
18233,12
18234,23
18235,47
18236,40
18237,5
18238,21
18239,21
18240,8
18241,30
18242,14
18243,3
18244,1
18245,7
18246,7
18247,6
18248,2
18249,6
18250,49
18251,0
18252,9
18253,42
18254,40
18255,0
18256,9
18257,8
18258,32
18259,12
18260,5
18261,49
18262,27
18263,2
18264,24
18265,47
18266,8
18267,40
18268,0
18269,23
18270,1
18271,4
18272,28
18273,0
18274,1
18275,7
18276,0
18277,2
18278,7
18279,39
18280,4
18281,10
18282,34
18283,36
18284,2
18285,9
18286,55
18287,4
18288,0
18289,29
18290,1
18291,9
18292,6
18293,5
18294,6
18295,1
18296,0
18297,6
18298,27
18299,10
18300,17
18301,1
18302,24
18303,18
18304,58
18305,8
18306,27
18307,5
18308,10
18309,45
18310,7
18311,0
18312,23
18313,40
18314,40
18315,3
18316,5
18317,1
18318,7
18319,1
18320,15
18321,36
18322,34
18323,49
18324,24
18325,49
18326,1
18327,7
18328,0
18329,3
18330,31
18331,1
18332,8
18333,24
18334,6
18335,2
18336,25
18337,7
18338,16
18339,31
18340,3
18341,4
18342,0
18343,8
18344,17
18345,3
18346,37
18347,7
18348,1
18349,7
18350,2
18351,0
18352,7
18353,2
18354,28
18355,8
18356,39
18357,2
18358,44
18359,23
18360,3
18361,9
18362,2
18363,24
18364,24
18365,20
18366,22
18367,10
18368,7
18369,43
18370,9
18371,53
18372,0
18373,12
18374,0
18375,0
18376,43
18377,5
18378,40
18379,1
18380,52
18381,42
18382,1
18383,6
18384,4
18385,40
18386,2
18387,12
18388,13
18389,49
18390,11
18391,28
18392,28
18393,28
18394,7
18395,0
18396,49
18397,0
18398,12
18399,2
18400,28
18401,61
18402,47
18403,0
18404,12
18405,23
18406,55
18407,2
18408,7
18409,31
18410,8
18411,1
18412,9
18413,7
18414,1
18415,0
18416,55
18417,28
18418,5
18419,0
18420,0
18421,18
18422,34
18423,6
18424,35
18425,8
18426,3
18427,28
18428,6
18429,1
18430,1
18431,14
18432,32
18433,1
18434,58
18435,8
18436,53
18437,6
18438,0
18439,15
18440,8
18441,53
18442,7
18443,6
18444,0
18445,1
18446,7
18447,4
18448,16
18449,58
18450,0
18451,19
18452,9
18453,42
18454,25
18455,1
18456,31
18457,8
18458,9
18459,3
18460,4
18461,31
18462,1
18463,3
18464,59
18465,4
18466,4
18467,24
18468,40
18469,2
18470,4
18471,3
18472,28
18473,2
18474,0
18475,14
18476,0
18477,55
18478,6
18479,46
18480,14
18481,9
18482,21
18483,2
18484,29
18485,53
18486,6
18487,2
18488,6
18489,53
18490,18
18491,0
18492,2
18493,15
18494,0
18495,19
18496,25
18497,58
18498,9
18499,9
18500,0
18501,3
18502,10
18503,11
18504,33
18505,2
18506,7
18507,16
18508,53
18509,0
18510,1
18511,28
18512,1
18513,0
18514,8
18515,45
18516,19
18517,1
18518,1
18519,4
18520,13
18521,28
18522,9
18523,10
18524,9
18525,8
18526,3
18527,22
18528,12
18529,12
18530,6
18531,53
18532,5
18533,40
18534,1
18535,24
18536,1
18537,3
18538,55
18539,5
18540,1
18541,22
18542,0
18543,20
18544,36
18545,36
18546,11
18547,58
18548,13
18549,28
18550,6
18551,8
18552,5
18553,1
18554,40
18555,12
18556,42
18557,0
18558,12
18559,24
18560,32
18561,55
18562,53
18563,4
18564,4
18565,8
18566,5
18567,2
18568,1
18569,40
18570,23
18571,12
18572,28
18573,8
18574,2
18575,55
18576,5
18577,6
18578,24
18579,28
18580,18
18581,9
18582,13
18583,2
18584,4
18585,4
18586,0
18587,7
18588,4
18589,3
18590,32
18591,7
18592,0
18593,7
18594,15
18595,1
18596,4
18597,9
18598,23
18599,2
18600,14
18601,30
18602,55
18603,24
18604,53
18605,3
18606,55
18607,49
18608,7
18609,4
18610,28
18611,39
18612,43
18613,43
18614,61
18615,24
18616,39
18617,0
18618,23
18619,52
18620,0
18621,1
18622,8
18623,2
18624,55
18625,28
18626,3
18627,12
18628,43
18629,1
18630,13
18631,61
18632,49
18633,3
18634,12
18635,15
18636,0
18637,40
18638,29
18639,1
18640,24
18641,28
18642,23
18643,9
18644,53
18645,7
18646,15
18647,2
18648,20
18649,2
18650,3
18651,56
18652,55
18653,24
18654,5
18655,55
18656,25
18657,9
18658,2
18659,2
18660,6
18661,37
18662,19
18663,28
18664,30
18665,4
18666,6
18667,28
18668,12
18669,30
18670,28
18671,1
18672,4
18673,8
18674,40
18675,6
18676,28
18677,25
18678,3
18679,13
18680,53
18681,31
18682,27
18683,2
18684,9
18685,21
18686,6
18687,53
18688,2
18689,5
18690,53
18691,30
18692,9
18693,6
18694,9
18695,20
18696,39
18697,6
18698,43
18699,23
18700,2
18701,7
18702,0
18703,6
18704,40
18705,9
18706,25
18707,1
18708,1
18709,27
18710,4
18711,2
18712,5
18713,3
18714,4
18715,2
18716,58
18717,7
18718,34
18719,21
18720,28
18721,10
18722,5
18723,7
18724,46
18725,43
18726,2
18727,5
18728,6
18729,2
18730,1
18731,4
18732,0
18733,29
18734,1
18735,1
18736,1
18737,55
18738,39
18739,36
18740,58
18741,40
18742,5
18743,40
18744,40
18745,1
18746,28
18747,28
18748,28
18749,8
18750,43
18751,4
18752,40
18753,29
18754,0
18755,53
18756,4
18757,9
18758,8
18759,1
18760,7
18761,7
18762,29
18763,4
18764,2
18765,17
18766,2
18767,7
18768,43
18769,35
18770,20
18771,53
18772,6
18773,49
18774,7
18775,4
18776,3
18777,3
18778,28
18779,40
18780,59
18781,27
18782,25
18783,36
18784,3
18785,30
18786,53
18787,7
18788,8
18789,2
18790,7
18791,8
18792,31
18793,12
18794,53
18795,1
18796,37
18797,55
18798,4
18799,43
18800,18
18801,30
18802,4
18803,20
18804,28
18805,0
18806,1
18807,1
18808,18
18809,10
18810,35
18811,5
18812,1
18813,36
18814,6
18815,8
18816,12
18817,28
18818,48
18819,33
18820,40
18821,40
18822,7
18823,15
18824,4
18825,2
18826,53
18827,59
18828,59
18829,31
18830,1
18831,40
18832,7
18833,37
18834,3
18835,23
18836,43
18837,58
18838,29
18839,18
18840,2
18841,1
18842,4
18843,1
18844,29
18845,24
18846,40
18847,29
18848,55
18849,6
18850,15
18851,28
18852,9
18853,10
18854,22
18855,9
18856,2
18857,9
18858,55
18859,7
18860,9
18861,6
18862,24
18863,31
18864,10
18865,28
18866,1
18867,7
18868,40
18869,0
18870,18
18871,0
18872,5
18873,1
18874,25
18875,55
18876,39
18877,28
18878,30
18879,1
18880,22
18881,10
18882,53
18883,8
18884,1
18885,0
18886,25
18887,16
18888,0
18889,3
18890,9
18891,59
18892,36
18893,40
18894,12
18895,9
18896,8
18897,28
18898,11
18899,18
18900,49
18901,1
18902,22
18903,4
18904,3
18905,55
18906,1
18907,7
18908,31
18909,7
18910,0
18911,2
18912,0
18913,42
18914,28
18915,6
18916,4
18917,22
18918,15
18919,8
18920,24
18921,6
18922,5
18923,24
18924,1
18925,20
18926,28
18927,19
18928,1
18929,6
18930,2
18931,29
18932,9
18933,0
18934,7
18935,8
18936,12
18937,47
18938,22
18939,11
18940,7
18941,0
18942,6
18943,7
18944,2
18945,51
18946,23
18947,21
18948,25
18949,43
18950,49
18951,22
18952,28
18953,15
18954,40
18955,49
18956,37
18957,0
18958,36
18959,36
18960,5
18961,3
18962,53
18963,4
18964,8
18965,43
18966,8
18967,0
18968,6
18969,2
18970,9
18971,3
18972,36
18973,8
18974,53
18975,15
18976,3
18977,39
18978,3
18979,36
18980,1
18981,9
18982,5
18983,43
18984,46
18985,9
18986,0
18987,8
18988,28
18989,43
18990,7
18991,8
18992,1
18993,6
18994,7
18995,5
18996,4
18997,6
18998,9
18999,31
19000,5
19001,8
19002,42
19003,6
19004,13
19005,30
19006,5
19007,8
19008,0
19009,31
19010,30
19011,3
19012,29
19013,55
19014,5
19015,6
19016,31
19017,39
19018,15
19019,24
19020,5
19021,1
19022,12
19023,9
19024,1
19025,10
19026,15
19027,18
19028,1
19029,3
19030,25
19031,6
19032,36
19033,24
19034,36
19035,39
19036,4
19037,55
19038,39
19039,28
19040,12
19041,5
19042,0
19043,9
19044,2
19045,5
19046,2
19047,9
19048,33
19049,18
19050,8
19051,40
19052,55
19053,2
19054,3
19055,55
19056,40
19057,18
19058,24
19059,2
19060,2
19061,25
19062,7
19063,30
19064,0
19065,40
19066,53
19067,24
19068,1
19069,29
19070,0
19071,1
19072,4
19073,5
19074,2
19075,58
19076,5
19077,18
19078,0
19079,1
19080,53
19081,43
19082,24
19083,47
19084,46
19085,15
19086,3
19087,0
19088,6
19089,0
19090,21
19091,9
19092,22
19093,53
19094,7
19095,28
19096,16
19097,1
19098,43
19099,1
19100,39
19101,5
19102,25
19103,2
19104,1
19105,14
19106,21
19107,18
19108,9
19109,2
19110,2
19111,30
19112,7
19113,55
19114,6
19115,25
19116,31
19117,39
19118,24
19119,49
19120,12
19121,9
19122,0
19123,40
19124,28
19125,6
19126,12
19127,21
19128,23
19129,5
19130,30
19131,1
19132,0
19133,0
19134,3
19135,1
19136,2
19137,22
19138,49
19139,39
19140,7
19141,28
19142,33
19143,24
19144,8
19145,7
19146,2
19147,7
19148,55
19149,3
19150,40
19151,1
19152,7
19153,37
19154,3
19155,30
19156,5
19157,24
19158,2
19159,0
19160,23
19161,31
19162,49
19163,7
19164,3
19165,24
19166,9
19167,58
19168,5
19169,23
19170,8
19171,31
19172,39
19173,6
19174,8
19175,7
19176,28
19177,4
19178,0
19179,28
19180,3
19181,3
19182,0
19183,4
19184,4
19185,9
19186,0
19187,58
19188,1
19189,40
19190,0
19191,36
19192,13
19193,1
19194,25
19195,40
19196,5
19197,36
19198,39
19199,43
19200,21
19201,4
19202,12
19203,10
19204,3
19205,29
19206,6
19207,2
19208,49
19209,21
19210,29
19211,7
19212,55
19213,9
19214,13
19215,5
19216,4
19217,5
19218,55
19219,7
19220,2
19221,28
19222,1
19223,2
19224,23
19225,4
19226,5
19227,22
19228,7
19229,55
19230,7
19231,6
19232,26
19233,9
19234,8
19235,24
19236,5
19237,5
19238,2
19239,15
19240,1
19241,0
19242,28
19243,8
19244,31
19245,5
19246,7
19247,6
19248,12
19249,9
19250,3
19251,5
19252,49
19253,4
19254,3
19255,6
19256,0
19257,1
19258,9
19259,2
19260,36
19261,5
19262,15
19263,0
19264,39
19265,53
19266,9
19267,30
19268,9
19269,7
19270,5
19271,27
19272,12
19273,39
19274,27
19275,27
19276,7
19277,4
19278,4
19279,28
19280,6
19281,9
19282,16
19283,8
19284,1
19285,40
19286,1
19287,4
19288,58
19289,2
19290,7
19291,8
19292,7
19293,9
19294,40
19295,0
19296,1
19297,7
19298,28
19299,40
19300,9
19301,0
19302,39
19303,15
19304,13
19305,6
19306,30
19307,23
19308,9
19309,9
19310,0
19311,7
19312,9
19313,25
19314,1
19315,2
19316,3
19317,2
19318,6
19319,28
19320,22
19321,28
19322,15
19323,1
19324,4
19325,24
19326,28
19327,24
19328,37
19329,23
19330,26
19331,22
19332,1
19333,7
19334,7
19335,8
19336,1
19337,18
19338,22
19339,3
19340,53
19341,6
19342,58
19343,10
19344,29
19345,40
19346,0
19347,4
19348,55
19349,55
19350,58
19351,4
19352,24
19353,3
19354,9
19355,9
19356,3
19357,1
19358,24
19359,4
19360,43
19361,30
19362,1
19363,8
19364,53
19365,36
19366,36
19367,0
19368,1
19369,11
19370,9
19371,39
19372,55
19373,9
19374,49
19375,0
19376,5
19377,56
19378,18
19379,58
19380,22
19381,7
19382,2
19383,1
19384,26
19385,4
19386,4
19387,6
19388,7
19389,39
19390,49
19391,2
19392,49
19393,2
19394,3
19395,22
19396,28
19397,3
19398,3
19399,23
19400,6
19401,4
19402,7
19403,4
19404,24
19405,5
19406,24
19407,18
19408,25
19409,8
19410,22
19411,24
19412,8
19413,1
19414,28
19415,25
19416,49
19417,53
19418,22
19419,4
19420,12
19421,5
19422,15
19423,7
19424,2
19425,7
19426,9
19427,49
19428,44
19429,28
19430,43
19431,25
19432,6
19433,55
19434,3
19435,2
19436,24
19437,28
19438,5
19439,29
19440,24
19441,3
19442,9
19443,5
19444,2
19445,55
19446,0
19447,7
19448,3
19449,3
19450,18
19451,6
19452,40
19453,36
19454,31
19455,8
19456,3
19457,2
19458,37
19459,4
19460,9
19461,3
19462,2
19463,49
19464,3
19465,18
19466,58
19467,3
19468,4
19469,5
19470,49
19471,1
19472,24
19473,53
19474,0
19475,4
19476,5
19477,8
19478,39
19479,4
19480,4
19481,0
19482,28
19483,6
19484,23
19485,22
19486,9
19487,9
19488,1
19489,22
19490,28
19491,7
19492,39
19493,1
19494,42
19495,2
19496,9
19497,8
19498,39
19499,3
19500,12
19501,32
19502,2
19503,42
19504,9
19505,1
19506,20
19507,8
19508,9
19509,8
19510,1
19511,7
19512,43
19513,9
19514,5
19515,6
19516,53
19517,6
19518,29
19519,40
19520,12
19521,6
19522,18
19523,0
19524,29
19525,43
19526,17
19527,3
19528,3
19529,5
19530,24
19531,3
19532,30
19533,28
19534,1
19535,40
19536,7
19537,24
19538,5
19539,40
19540,7
19541,1
19542,37
19543,7
19544,5
19545,8
19546,0
19547,49
19548,17
19549,9
19550,4
19551,28
19552,45
19553,11
19554,0
19555,24
19556,9
19557,9
19558,5
19559,1
19560,1
19561,7
19562,0
19563,28
19564,3
19565,10
19566,26
19567,40
19568,18
19569,9
19570,1
19571,24
19572,3
19573,0
19574,1
19575,2
19576,1
19577,40
19578,30
19579,40
19580,7
19581,8
19582,3
19583,49
19584,7
19585,37
19586,0
19587,28
19588,1
19589,18
19590,8
19591,4
19592,7
19593,19
19594,47
19595,6
19596,12
19597,7
19598,5
19599,28
19600,8
19601,28
19602,1
19603,23
19604,40
19605,8
19606,28
19607,28
19608,28
19609,27
19610,36
19611,3
19612,4
19613,58
19614,8
19615,35
19616,23
19617,9
19618,15
19619,5
19620,12
19621,55
19622,7
19623,7
19624,39
19625,39
19626,2
19627,15
19628,12
19629,39
19630,36
19631,1
19632,17
19633,2
19634,18
19635,36
19636,16
19637,23
19638,6
19639,3
19640,3
19641,10
19642,8
19643,24
19644,1
19645,18
19646,25
19647,4
19648,0
19649,28
19650,0
19651,1
19652,8
19653,7
19654,33
19655,3
19656,5
19657,9
19658,49
19659,28
19660,28
19661,13
19662,18
19663,12
19664,33
19665,2
19666,40
19667,14
19668,2
19669,36
19670,49
19671,5
19672,1
19673,26
19674,6
19675,8
19676,40
19677,12
19678,30
19679,6
19680,1
19681,30
19682,8
19683,22
19684,1
19685,53
19686,3
19687,8
19688,43
19689,6
19690,5
19691,43
19692,53
19693,3
19694,8
19695,2
19696,2
19697,14
19698,0
19699,49
19700,39
19701,4
19702,0
19703,18
19704,24
19705,19
19706,32
19707,1
19708,7
19709,0
19710,9
19711,11
19712,23
19713,5
19714,30
19715,0
19716,28
19717,4
19718,2
19719,6
19720,0
19721,36
19722,6
19723,36
19724,3
19725,1
19726,49
19727,39
19728,9
19729,28
19730,8
19731,4
19732,24
19733,32
19734,29
19735,24
19736,24
19737,4
19738,8
19739,55
19740,2
19741,36
19742,8
19743,9
19744,22
19745,5
19746,1
19747,55
19748,2
19749,39
19750,1
19751,19
19752,2
19753,9
19754,9
19755,9
19756,53
19757,2
19758,3
19759,33
19760,24
19761,8
19762,15
19763,30
19764,53
19765,43
19766,0
19767,27
19768,49
19769,8
19770,7
19771,5
19772,9
19773,53
19774,7
19775,29
19776,18
19777,47
19778,7
19779,30
19780,3
19781,9
19782,3
19783,40
19784,8
19785,7
19786,9
19787,22
19788,21
19789,7
19790,39
19791,19
19792,55
19793,53
19794,55
19795,2
19796,4
19797,0
19798,47
19799,8
19800,1
19801,2
19802,0
19803,0
19804,30
19805,22
19806,2
19807,2
19808,43
19809,49
19810,0
19811,1
19812,7
19813,9
19814,27
19815,11
19816,36
19817,28
19818,0
19819,1
19820,34
19821,58
19822,2
19823,0
19824,18
19825,1
19826,5
19827,28
19828,27
19829,1
19830,5
19831,28
19832,2
19833,40
19834,7
19835,7
19836,30
19837,7
19838,1
19839,32
19840,19
19841,2
19842,40
19843,53
19844,23
19845,30
19846,58
19847,29
19848,0
19849,4
19850,28
19851,0
19852,3
19853,24
19854,8
19855,0
19856,6
19857,4
19858,21
19859,39
19860,14
19861,22
19862,1
19863,0
19864,12
19865,3
19866,30
19867,6
19868,9
19869,53
19870,28
19871,28
19872,1
19873,40
19874,35
19875,47
19876,6
19877,18
19878,8
19879,7
19880,40
19881,24
19882,8
19883,53
19884,28
19885,36
19886,39
19887,5
19888,28
19889,55
19890,7
19891,4
19892,7
19893,6
19894,5
19895,3
19896,43
19897,49
19898,1
19899,28
19900,4
19901,5
19902,8
19903,7
19904,22
19905,30
19906,40
19907,3
19908,4
19909,1
19910,20
19911,12
19912,3
19913,4
19914,5
19915,7
19916,1
19917,2
19918,9
19919,6
19920,14
19921,9
19922,47
19923,27
19924,25
19925,6
19926,9
19927,7
19928,3
19929,3
19930,0
19931,0
19932,9
19933,2
19934,39
19935,9
19936,61
19937,15
19938,1
19939,10
19940,39
19941,8
19942,3
19943,53
19944,59
19945,8
19946,10
19947,22
19948,1
19949,0
19950,9
19951,7
19952,1
19953,24
19954,9
19955,4
19956,55
19957,4
19958,0
19959,1
19960,12
19961,8
19962,2
19963,14
19964,5
19965,28
19966,1
19967,3
19968,9
19969,30
19970,3
19971,37
19972,2
19973,26
19974,5
19975,2
19976,31
19977,1
19978,1
19979,6
19980,1
19981,55
19982,22
19983,1
19984,5
19985,28
19986,40
19987,7
19988,6
19989,12
19990,25
19991,22
19992,9
19993,20
19994,2
19995,28
19996,5
19997,39
19998,4
19999,18
20000,23
20001,58
20002,2
20003,3
20004,32
20005,24
20006,39
20007,43
20008,24
20009,24
20010,37
20011,7
20012,4
20013,49
20014,29
20015,53
20016,4
20017,6
20018,9
20019,34
20020,36
20021,1
20022,53
20023,14
20024,4
20025,4
20026,9
20027,59
20028,18
20029,6
20030,8
20031,8
20032,23
20033,10
20034,3
20035,60
20036,24
20037,3
20038,6
20039,55
20040,7
20041,29
20042,15
20043,12
20044,18
20045,1
20046,0
20047,1
20048,2
20049,5
20050,3
20051,58
20052,3
20053,6
20054,7
20055,30
20056,36
20057,8
20058,46
20059,1
20060,1
20061,53
20062,1
20063,40
20064,28
20065,25
20066,30
20067,32
20068,2
20069,0
20070,7
20071,36
20072,24
20073,25
20074,37
20075,40
20076,6
20077,2
20078,5
20079,9
20080,0
20081,3
20082,0
20083,49
20084,28
20085,30
20086,1
20087,53
20088,7
20089,37
20090,13
20091,40
20092,9
20093,5
20094,24
20095,0
20096,31
20097,12
20098,1
20099,9
20100,7
20101,1
20102,26
20103,3
20104,5
20105,2
20106,36
20107,1
20108,4
20109,25
20110,3
20111,30
20112,40
20113,26
20114,6
20115,7
20116,1
20117,43
20118,3
20119,24
20120,9
20121,24
20122,29
20123,4
20124,10
20125,2
20126,7
20127,28
20128,16
20129,0
20130,1
20131,7
20132,0
20133,6
20134,25
20135,24
20136,35
20137,0
20138,58
20139,6
20140,7
20141,7
20142,5
20143,12
20144,5
20145,7
20146,5
20147,5
20148,8
20149,39
20150,13
20151,58
20152,33
20153,19
20154,7
20155,18
20156,8
20157,28
20158,7
20159,2
20160,2
20161,18
20162,3
20163,9
20164,29
20165,16
20166,7
20167,24
20168,5
20169,0
20170,10
20171,11
20172,4
20173,1
20174,3
20175,37
20176,3
20177,3
20178,1
20179,2
20180,1
20181,7
20182,18
20183,9
20184,2
20185,8
20186,7
20187,28
20188,40
20189,7
20190,28
20191,8
20192,1
20193,1
20194,20
20195,0
20196,3
20197,19
20198,44
20199,10
20200,7
20201,30
20202,61
20203,7
20204,7
20205,46
20206,6
20207,24
20208,4
20209,36
20210,30
20211,18
20212,36
20213,43
20214,6
20215,8
20216,5
20217,27
20218,1
20219,28
20220,9
20221,3
20222,2
20223,40
20224,22
20225,22
20226,0
20227,2
20228,9
20229,8
20230,24
20231,0
20232,9
20233,15
20234,12
20235,7
20236,3
20237,9
20238,24
20239,18
20240,2
20241,12
20242,40
20243,9
20244,0
20245,9
20246,8
20247,12
20248,3
20249,22
20250,7
20251,9
20252,5
20253,40
20254,44
20255,18
20256,14
20257,1
20258,24
20259,1
20260,6
20261,24
20262,9
20263,18
20264,55
20265,1
20266,4
20267,6
20268,2
20269,7
20270,7
20271,55
20272,9
20273,7
20274,1
20275,6
20276,37
20277,23
20278,0
20279,49
20280,8
20281,6
20282,39
20283,27
20284,0
20285,2
20286,14
20287,37
20288,1
20289,0
20290,59
20291,4
20292,53
20293,40
20294,27
20295,53
20296,8
20297,5
20298,47
20299,3
20300,7
20301,9
20302,21
20303,24
20304,5
20305,40
20306,11
20307,6
20308,53
20309,7
20310,24
20311,6
20312,55
20313,28
20314,28
20315,55
20316,55
20317,12
20318,4
20319,7
20320,9
20321,23
20322,7
20323,1
20324,9
20325,3
20326,7
20327,30
20328,28
20329,6
20330,53
20331,15
20332,22
20333,29
20334,8
20335,22
20336,0
20337,1
20338,1
20339,13
20340,25
20341,56
20342,8
20343,6
20344,6
20345,49
20346,1
20347,28
20348,22
20349,1
20350,40
20351,4
20352,3
20353,4
20354,32
20355,0
20356,8
20357,9
20358,1
20359,3
20360,6
20361,45
20362,24
20363,5
20364,0
20365,5
20366,49
20367,1
20368,4
20369,5
20370,6
20371,3
20372,3
20373,9
20374,7
20375,12
20376,26
20377,0
20378,0
20379,28
20380,36
20381,2
20382,23
20383,16
20384,6
20385,55
20386,27
20387,7
20388,25
20389,40
20390,3
20391,28
20392,27
20393,18
20394,0
20395,29
20396,24
20397,35
20398,37
20399,40
20400,0
20401,5
20402,39
20403,25
20404,17
20405,18
20406,61
20407,0
20408,18
20409,4
20410,45
20411,43
20412,6
20413,36
20414,1
20415,30
20416,4
20417,8
20418,53
20419,11
20420,39
20421,24
20422,32
20423,7
20424,39
20425,1
20426,1
20427,9
20428,7
20429,5
20430,28
20431,31
20432,30
20433,9
20434,40
20435,43
20436,11
20437,24
20438,10
20439,39
20440,40
20441,1
20442,22
20443,6
20444,24
20445,8
20446,46
20447,9
20448,10
20449,29
20450,23
20451,6
20452,49
20453,40
20454,55
20455,5
20456,42
20457,7
20458,24
20459,8
20460,40
20461,55
20462,28
20463,0
20464,1
20465,9
20466,7
20467,24
20468,9
20469,20
20470,55
20471,14
20472,23
20473,2
20474,18
20475,1
20476,0
20477,0
20478,0
20479,10
20480,30
20481,43
20482,7
20483,3
20484,9
20485,5
20486,0
20487,8
20488,2
20489,0
20490,18
20491,12
20492,15
20493,0
20494,1
20495,8
20496,19
20497,2
20498,6
20499,49
20500,21
20501,27
20502,25
20503,22
20504,31
20505,6
20506,3
20507,36
20508,4
20509,1
20510,15
20511,40
20512,7
20513,8
20514,5
20515,31
20516,14
20517,4
20518,2
20519,9
20520,43
20521,1
20522,24
20523,36
20524,7
20525,4
20526,22
20527,0
20528,11
20529,11
20530,0
20531,24
20532,2
20533,22
20534,55
20535,33
20536,1
20537,3
20538,40
20539,9
20540,43
20541,53
20542,49
20543,49
20544,8
20545,24
20546,47
20547,5
20548,0
20549,7
20550,55
20551,28
20552,30
20553,18
20554,7
20555,18
20556,39
20557,30
20558,17
20559,9
20560,28
20561,35
20562,18
20563,1
20564,8
20565,0
20566,13
20567,3
20568,8
20569,2
20570,47
20571,6
20572,0
20573,8
20574,45
20575,5
20576,49
20577,22
20578,25
20579,18
20580,18
20581,1
20582,1
20583,10
20584,18
20585,2
20586,10
20587,2
20588,43
20589,3
20590,5
20591,46
20592,9
20593,18
20594,55
20595,8
20596,1
20597,24
20598,37
20599,6
20600,2
20601,53
20602,40
20603,6
20604,18
20605,3
20606,7
20607,49
20608,46
20609,18
20610,4
20611,9
20612,1
20613,40
20614,14
20615,40
20616,28
20617,40
20618,2
20619,1
20620,5
20621,1
20622,7
20623,24
20624,1
20625,20
20626,4
20627,9
20628,36
20629,8
20630,1
20631,49
20632,8
20633,24
20634,5
20635,6
20636,39
20637,3
20638,28
20639,7
20640,35
20641,53
20642,25
20643,0
20644,0
20645,6
20646,3
20647,0
20648,6
20649,3
20650,8
20651,40
20652,23
20653,15
20654,1
20655,47
20656,9
20657,1
20658,1
20659,36
20660,2
20661,25
20662,49
20663,55
20664,7
20665,53
20666,1
20667,36
20668,9
20669,3
20670,29
20671,43
20672,2
20673,40
20674,6
20675,24
20676,49
20677,17
20678,0
20679,5
20680,18
20681,5
20682,3
20683,1
20684,7
20685,5
20686,3
20687,0
20688,22
20689,55
20690,23
20691,7
20692,3
20693,29
20694,7
20695,8
20696,36
20697,22
20698,9
20699,29
20700,7
20701,2
20702,9
20703,2
20704,23
20705,3
20706,4
20707,5
20708,24
20709,2
20710,31
20711,6
20712,7
20713,6
20714,36
20715,1
20716,6
20717,4
20718,18
20719,0
20720,25
20721,1
20722,49
20723,3
20724,43
20725,18
20726,5
20727,39
20728,1
20729,24
20730,4
20731,6
20732,8
20733,1
20734,8
20735,1
20736,2
20737,55
20738,4
20739,21
20740,30
20741,39
20742,39
20743,42
20744,25
20745,9
20746,59
20747,4
20748,4
20749,1
20750,7
20751,8
20752,53
20753,8
20754,1
20755,10
20756,1
20757,39
20758,7
20759,0
20760,1
20761,37
20762,1
20763,40
20764,34
20765,60
20766,4
20767,9
20768,5
20769,12
20770,0
20771,1
20772,2
20773,3
20774,15
20775,47
20776,56
20777,2
20778,53
20779,3
20780,23
20781,30
20782,28
20783,8
20784,8
20785,7
20786,18
20787,4
20788,9
20789,4
20790,1
20791,40
20792,1
20793,7
20794,7
20795,1
20796,2
20797,29
20798,12
20799,8
20800,2
20801,6
20802,5
20803,24
20804,15
20805,25
20806,6
20807,8
20808,5
20809,11
20810,36
20811,49
20812,9
20813,53
20814,2
20815,4
20816,43
20817,13
20818,22
20819,43
20820,7
20821,1
20822,28
20823,16
20824,28
20825,0
20826,55
20827,4
20828,9
20829,2
20830,7
20831,4
20832,5
20833,6
20834,5
20835,55
20836,0
20837,36
20838,23
20839,22
20840,1
20841,40
20842,1
20843,56
20844,20
20845,11
20846,4
20847,5
20848,0
20849,6
20850,3
20851,42
20852,28
20853,1
20854,36
20855,36
20856,5
20857,9
20858,1
20859,4
20860,0
20861,35
20862,31
20863,49
20864,12
20865,0
20866,6
20867,28
20868,53
20869,17
20870,0
20871,28
20872,8
20873,1
20874,5
20875,4
20876,40
20877,2
20878,37
20879,42
20880,4
20881,34
20882,1
20883,15
20884,4
20885,6
20886,9
20887,6
20888,11
20889,22
20890,12
20891,21
20892,27
20893,15
20894,7
20895,1
20896,7
20897,1
20898,1
20899,40
20900,12
20901,36
20902,39
20903,5
20904,20
20905,2
20906,24
20907,0
20908,2
20909,7
20910,1
20911,2
20912,28
20913,37
20914,7
20915,49
20916,1
20917,6
20918,2
20919,40
20920,5
20921,1
20922,7
20923,4
20924,1
20925,55
20926,2
20927,3
20928,4
20929,9
20930,1
20931,31
20932,33
20933,39
20934,1
20935,36
20936,28
20937,2
20938,7
20939,39
20940,2
20941,2
20942,40
20943,1
20944,5
20945,1
20946,3
20947,1
20948,40
20949,9
20950,3
20951,0
20952,0
20953,25
20954,0
20955,53
20956,7
20957,8
20958,4
20959,4
20960,4
20961,1
20962,9
20963,9
20964,1
20965,1
20966,30
20967,9
20968,29
20969,57
20970,9
20971,44
20972,24
20973,28
20974,15
20975,17
20976,1
20977,1
20978,2
20979,53
20980,55
20981,21
20982,24
20983,4
20984,0
20985,4
20986,39
20987,60
20988,6
20989,42
20990,23
20991,55
20992,53
20993,6
20994,53
20995,23
20996,7
20997,3
20998,39
20999,24
21000,1
21001,28
21002,9
21003,23
21004,55
21005,31
21006,1
21007,16
21008,7
21009,5
21010,40
21011,4
21012,9
21013,49
21014,3
21015,55
21016,0
21017,7
21018,7
21019,8
21020,30
21021,42
21022,4
21023,1
21024,0
21025,8
21026,23
21027,9
21028,1
21029,6
21030,34
21031,8
21032,7
21033,4
21034,26
21035,9
21036,0
21037,6
21038,39
21039,28
21040,40
21041,8
21042,1
21043,36
21044,7
21045,2
21046,7
21047,3
21048,36
21049,55
21050,29
21051,39
21052,24
21053,31
21054,7
21055,1
21056,6
21057,9
21058,2
21059,32
21060,17
21061,8
21062,1
21063,2
21064,0
21065,25
21066,9
21067,1
21068,30
21069,59
21070,47
21071,6
21072,43
21073,23
21074,5
21075,3
21076,39
21077,2
21078,26
21079,1
21080,8
21081,19
21082,8
21083,7
21084,9
21085,61
21086,5
21087,6
21088,23
21089,36
21090,15
21091,24
21092,0
21093,0
21094,4
21095,30
21096,36
21097,5
21098,43
21099,49
21100,32
21101,1
21102,19
21103,31
21104,46
21105,22
21106,12
21107,22
21108,0
21109,43
21110,39
21111,25
21112,3
21113,1
21114,28
21115,53
21116,0
21117,1
21118,3
21119,6
21120,22
21121,11
21122,24
21123,24
21124,28
21125,9
21126,49
21127,15
21128,8
21129,7
21130,3
21131,6
21132,12
21133,9
21134,9
21135,1
21136,19
21137,31
21138,28
21139,0
21140,42
21141,12
21142,14
21143,7
21144,29
21145,22
21146,49
21147,16
21148,0
21149,37
21150,34
21151,5
21152,40
21153,47
21154,28
21155,40
21156,15
21157,0
21158,1
21159,9
21160,28
21161,40
21162,40
21163,9
21164,28
21165,61
21166,9
21167,3
21168,42
21169,53
21170,0
21171,43
21172,4
21173,7
21174,14
21175,12
21176,4
21177,36
21178,10
21179,9
21180,5
21181,9
21182,55
21183,1
21184,8
21185,8
21186,29
21187,39
21188,9
21189,2
21190,4
21191,12
21192,7
21193,7
21194,0
21195,12
21196,5
21197,9
21198,3
21199,29
21200,2
21201,23
21202,7
21203,53
21204,7
21205,3
21206,58
21207,4
21208,49
21209,6
21210,5
21211,6
21212,5
21213,52
21214,4
21215,25
21216,22
21217,55
21218,1
21219,3
21220,24
21221,53
21222,6
21223,55
21224,9
21225,44
21226,34
21227,7
21228,40
21229,24
21230,2
21231,8
21232,3
21233,2
21234,30
21235,4
21236,5
21237,28
21238,7
21239,40
21240,22
21241,47
21242,16
21243,4
21244,25
21245,7
21246,1
21247,1
21248,39
21249,55
21250,9
21251,55
21252,55
21253,13
21254,22
21255,6
21256,4
21257,6
21258,55
21259,12
21260,1
21261,1
21262,3
21263,4
21264,20
21265,6
21266,0
21267,24
21268,3
21269,2
21270,2
21271,2
21272,0
21273,22
21274,0
21275,29
21276,29
21277,8
21278,55
21279,0
21280,0
21281,4
21282,6
21283,24
21284,25
21285,4
21286,53
21287,14
21288,7
21289,61
21290,7
21291,31
21292,22
21293,0
21294,1
21295,49
21296,1
21297,0
21298,27
21299,0
21300,4
21301,35
21302,24
21303,3
21304,17
21305,2
21306,58
21307,2
21308,1
21309,7
21310,4
21311,47
21312,32
21313,28
21314,4
21315,7
21316,29
21317,6
21318,0
21319,3
21320,24
21321,18
21322,12
21323,12
21324,30
21325,0
21326,49
21327,55
21328,22
21329,9
21330,30
21331,2
21332,1
21333,24
21334,40
21335,43
21336,23
21337,21
21338,1
21339,3
21340,5
21341,9
21342,4
21343,18
21344,40
21345,17
21346,30
21347,8
21348,53
21349,49
21350,1
21351,0
21352,28
21353,49
21354,28
21355,19
21356,36
21357,15
21358,5
21359,8
21360,3
21361,55
21362,17
21363,0
21364,19
21365,55
21366,39
21367,0
21368,14
21369,37
21370,55
21371,43
21372,6
21373,6
21374,26
21375,55
21376,3
21377,31
21378,55
21379,24
21380,0
21381,22
21382,8
21383,3
21384,4
21385,15
21386,6
21387,28
21388,28
21389,49
21390,31
21391,1
21392,7
21393,3
21394,5
21395,15
21396,9
21397,53
21398,1
21399,51
21400,2
21401,0
21402,4
21403,1
21404,24
21405,30
21406,49
21407,28
21408,1
21409,0
21410,0
21411,7
21412,8
21413,9
21414,0
21415,1
21416,1
21417,11
21418,30
21419,40
21420,28
21421,24
21422,2
21423,34
21424,60
21425,6
21426,5
21427,6
21428,25
21429,40
21430,53
21431,36
21432,26
21433,13
21434,40
21435,24
21436,1
21437,4
21438,30
21439,1
21440,23
21441,9
21442,2
21443,28
21444,35
21445,37
21446,9
21447,30
21448,9
21449,7
21450,28
21451,11
21452,6
21453,55
21454,24
21455,39
21456,39
21457,1
21458,9
21459,4
21460,8
21461,7
21462,1
21463,3
21464,1
21465,53
21466,35
21467,7
21468,21
21469,24
21470,55
21471,6
21472,40
21473,40
21474,40
21475,28
21476,3
21477,1
21478,53
21479,40
21480,12
21481,3
21482,3
21483,8
21484,34
21485,2
21486,2
21487,32
21488,22
21489,8
21490,1
21491,12
21492,24
21493,7
21494,30
21495,1
21496,18
21497,13
21498,18
21499,15
21500,8
21501,7
21502,9
21503,53
21504,40
21505,20
21506,3
21507,3
21508,0
21509,43
21510,12
21511,9
21512,55
21513,40
21514,1
21515,1
21516,22
21517,40
21518,23
21519,49
21520,0
21521,2
21522,43
21523,24
21524,6
21525,40
21526,37
21527,24
21528,0
21529,1
21530,15
21531,6
21532,1
21533,7
21534,12
21535,1
21536,30
21537,4
21538,24
21539,5
21540,9
21541,1
21542,40
21543,35
21544,31
21545,9
21546,2
21547,6
21548,10
21549,4
21550,7
21551,9
21552,28
21553,2
21554,27
21555,24
21556,1
21557,8
21558,7
21559,40
21560,23
21561,28
21562,9
21563,3
21564,15
21565,4
21566,2
21567,1
21568,43
21569,24
21570,14
21571,28
21572,39
21573,1
21574,6
21575,47
21576,5
21577,1
21578,24
21579,6
21580,25
21581,0
21582,3
21583,8
21584,7
21585,0
21586,7
21587,1
21588,58
21589,36
21590,9
21591,6
21592,31
21593,30
21594,8
21595,8
21596,2
21597,8
21598,6
21599,24
21600,5
21601,4
21602,6
21603,3
21604,20
21605,5
21606,19
21607,0
21608,25
21609,40
21610,15
21611,9
21612,12
21613,4
21614,18
21615,15
21616,23
21617,5
21618,4
21619,8
21620,8
21621,21
21622,4
21623,37
21624,1
21625,4
21626,55
21627,9
21628,6
21629,29
21630,8
21631,1
21632,1
21633,7
21634,3
21635,37
21636,55
21637,2
21638,5
21639,6
21640,8
21641,24
21642,40
21643,7
21644,24
21645,9
21646,2
21647,31
21648,58
21649,53
21650,37
21651,17
21652,9
21653,8
21654,7
21655,4
21656,3
21657,8
21658,24
21659,15
21660,9
21661,32
21662,22
21663,55
21664,11
21665,6
21666,30
21667,3
21668,3
21669,23
21670,21
21671,37
21672,9
21673,2
21674,24
21675,59
21676,2
21677,22
21678,4
21679,49
21680,39
21681,5
21682,8
21683,4
21684,8
21685,53
21686,8
21687,22
21688,7
21689,29
21690,1
21691,18
21692,1
21693,1
21694,9
21695,1
21696,20
21697,8
21698,7
21699,24
21700,9
21701,9
21702,14
21703,0
21704,22
21705,29
21706,1
21707,58
21708,0
21709,6
21710,28
21711,43
21712,3
21713,42
21714,12
21715,12
21716,15
21717,58
21718,12
21719,28
21720,6
21721,14
21722,0
21723,40
21724,6
21725,5
21726,5
21727,0
21728,17
21729,9
21730,36
21731,30
21732,9
21733,40
21734,2
21735,6
21736,2
21737,8
21738,40
21739,1
21740,2
21741,42
21742,46
21743,12
21744,30
21745,55
21746,6
21747,4
21748,6
21749,1
21750,22
21751,6
21752,3
21753,3
21754,2
21755,28
21756,6
21757,7
21758,40
21759,39
21760,14
21761,8
21762,2
21763,37
21764,49
21765,28
21766,6
21767,1
21768,6
21769,1
21770,1
21771,6
21772,47
21773,12
21774,55
21775,4
21776,3
21777,13
21778,40
21779,16
21780,15
21781,9
21782,28
21783,9
21784,0
21785,60
21786,39
21787,30
21788,12
21789,0
21790,1
21791,7
21792,40
21793,55
21794,2
21795,55
21796,17
21797,1
21798,24
21799,6
21800,25
21801,36
21802,14
21803,0
21804,1
21805,21
21806,40
21807,31
21808,15
21809,40
21810,1
21811,5
21812,1
21813,7
21814,31
21815,55
21816,2
21817,0
21818,5
21819,23
21820,24
21821,1
21822,55
21823,2
21824,24
21825,2
21826,1
21827,30
21828,0
21829,7
21830,4
21831,9
21832,49
21833,1
21834,29
21835,32
21836,4
21837,53
21838,8
21839,2
21840,2
21841,2
21842,0
21843,3
21844,4
21845,40
21846,53
21847,3
21848,9
21849,0
21850,1
21851,24
21852,35
21853,31
21854,28
21855,15
21856,27
21857,2
21858,15
21859,28
21860,9
21861,0
21862,7
21863,40
21864,3
21865,15
21866,30
21867,40
21868,4
21869,45
21870,30
21871,9
21872,21
21873,12
21874,28
21875,2
21876,1
21877,7
21878,55
21879,1
21880,2
21881,6
21882,40
21883,24
21884,31
21885,8
21886,23
21887,21
21888,9
21889,1
21890,1
21891,49
21892,2
21893,4
21894,2
21895,30
21896,5
21897,24
21898,0
21899,5
21900,4
21901,6
21902,9
21903,7
21904,4
21905,5
21906,39
21907,12
21908,5
21909,5
21910,35
21911,55
21912,3
21913,3
21914,27
21915,15
21916,1
21917,49
21918,0
21919,9
21920,34
21921,3
21922,9
21923,3
21924,37
21925,1
21926,9
21927,8
21928,23
21929,3
21930,0
21931,24
21932,1
21933,34
21934,18
21935,6
21936,3
21937,32
21938,5
21939,4
21940,15
21941,6
21942,9
21943,0
21944,4
21945,3
21946,0
21947,6
21948,8
21949,55
21950,5
21951,9
21952,3
21953,5
21954,0
21955,1
21956,24
21957,21
21958,0
21959,1
21960,39
21961,8
21962,1
21963,15
21964,5
21965,12
21966,8
21967,8
21968,11
21969,9
21970,3
21971,29
21972,3
21973,2
21974,5
21975,4
21976,8
21977,9
21978,2
21979,2
21980,6
21981,22
21982,40
21983,2
21984,0
21985,40
21986,4
21987,28
21988,40
21989,37
21990,12
21991,11
21992,1
21993,6
21994,12
21995,40
21996,1
21997,12
21998,6
21999,2
22000,3
22001,1
22002,7
22003,9
22004,6
22005,6
22006,0
22007,0
22008,0
22009,1
22010,27
22011,25
22012,1
22013,13
22014,11
22015,27
22016,43
22017,30
22018,2
22019,28
22020,1
22021,1
22022,2
22023,9
22024,8
22025,53
22026,0
22027,49
22028,1
22029,2
22030,3
22031,47
22032,40
22033,3
22034,3
22035,25
22036,37
22037,2
22038,25
22039,34
22040,15
22041,1
22042,24
22043,7
22044,24
22045,49
22046,1
22047,3
22048,8
22049,55
22050,40
22051,53
22052,4
22053,5
22054,24
22055,3
22056,7
22057,1
22058,13
22059,8
22060,6
22061,1
22062,3
22063,32
22064,27
22065,8
22066,4
22067,6
22068,30
22069,49
22070,40
22071,2
22072,19
22073,1
22074,7
22075,58
22076,4
22077,8
22078,6
22079,1
22080,1
22081,28
22082,1
22083,6
22084,23
22085,36
22086,9
22087,23
22088,7
22089,53
22090,2
22091,4
22092,59
22093,40
22094,2
22095,36
22096,30
22097,49
22098,8
22099,55
22100,24
22101,17
22102,7
22103,1
22104,25
22105,2
22106,5
22107,53
22108,1
22109,55
22110,4
22111,29
22112,8
22113,12
22114,8
22115,28
22116,6
22117,22
22118,55
22119,6
22120,3
22121,59
22122,39
22123,53
22124,22
22125,3
22126,18
22127,0
22128,4
22129,2
22130,2
22131,5
22132,24
22133,2
22134,37
22135,3
22136,32
22137,1
22138,1
22139,49
22140,7
22141,0
22142,22
22143,1
22144,23
22145,7
22146,28
22147,0
22148,43
22149,49
22150,9
22151,1
22152,18
22153,5
22154,59
22155,9
22156,25
22157,1
22158,5
22159,2
22160,1
22161,60
22162,3
22163,9
22164,9
22165,2
22166,4
22167,53
22168,1
22169,6
22170,9
22171,21
22172,40
22173,3
22174,2
22175,8
22176,1
22177,0
22178,2
22179,5
22180,6
22181,7
22182,58
22183,34
22184,28
22185,12
22186,40
22187,49
22188,36
22189,5
22190,22
22191,40
22192,5
22193,32
22194,40
22195,29
22196,58
22197,24
22198,5
22199,7
22200,32
22201,8
22202,4
22203,5
22204,2
22205,8
22206,6
22207,9
22208,21
22209,2
22210,28
22211,8
22212,8
22213,8
22214,6
22215,3
22216,7
22217,2
22218,12
22219,6
22220,40
22221,12
22222,55
22223,8
22224,5
22225,49
22226,5
22227,53
22228,40
22229,5
22230,19
22231,3
22232,39
22233,28
22234,55
22235,8
22236,10
22237,53
22238,10
22239,3
22240,0
22241,7
22242,19
22243,6
22244,11
22245,40
22246,0
22247,4
22248,6
22249,37
22250,55
22251,3
22252,7
22253,14
22254,36
22255,22
22256,22
22257,13
22258,53
22259,18
22260,9
22261,10
22262,55
22263,23
22264,42
22265,55
22266,6
22267,59
22268,3
22269,11
22270,5
22271,4
22272,3
22273,4
22274,3
22275,7
22276,39
22277,36
22278,7
22279,36
22280,6
22281,5
22282,3
22283,55
22284,39
22285,7
22286,28
22287,1
22288,0
22289,7
22290,49
22291,23
22292,3
22293,32
22294,4
22295,2
22296,1
22297,11
22298,49
22299,1
22300,35
22301,24
22302,15
22303,7
22304,10
22305,3
22306,29
22307,5
22308,24
22309,45
22310,43
22311,47
22312,1
22313,1
22314,31
22315,42
22316,9
22317,4
22318,20
22319,32
22320,31
22321,36
22322,30
22323,21
22324,55
22325,3
22326,3
22327,5
22328,30
22329,28
22330,2
22331,2
22332,4
22333,40
22334,15
22335,40
22336,0
22337,43
22338,2
22339,6
22340,30
22341,15
22342,3
22343,6
22344,40
22345,12
22346,25
22347,1
22348,23
22349,22
22350,6
22351,46
22352,61
22353,55
22354,0
22355,0
22356,6
22357,40
22358,1
22359,18
22360,8
22361,2
22362,8
22363,55
22364,5
22365,1
22366,8
22367,9
22368,5
22369,24
22370,2
22371,28
22372,15
22373,39
22374,22
22375,36
22376,14
22377,19
22378,1
22379,30
22380,10
22381,5
22382,6
22383,25
22384,8
22385,20
22386,9
22387,40
22388,7
22389,46
22390,28
22391,1
22392,5
22393,7
22394,8
22395,15
22396,0
22397,5
22398,9
22399,4
22400,7
22401,37
22402,1
22403,15
22404,4
22405,8
22406,4
22407,5
22408,24
22409,14
22410,29
22411,2
22412,5
22413,9
22414,34
22415,2
22416,55
22417,1
22418,59
22419,53
22420,0
22421,30
22422,0
22423,4
22424,40
22425,8
22426,1
22427,8
22428,32
22429,0
22430,28
22431,25
22432,2
22433,42
22434,0
22435,12
22436,30
22437,28
22438,1
22439,40
22440,28
22441,37
22442,0
22443,16
22444,9
22445,3
22446,9
22447,5
22448,28
22449,53
22450,55
22451,11
22452,30
22453,8
22454,55
22455,5
22456,40
22457,36
22458,0
22459,0
22460,6
22461,52
22462,8
22463,6
22464,16
22465,6
22466,9
22467,1
22468,40
22469,12
22470,10
22471,31
22472,9
22473,49
22474,7
22475,22
22476,9
22477,31
22478,7
22479,2
22480,40
22481,49
22482,1
22483,4
22484,3
22485,7
22486,4
22487,2
22488,8
22489,0
22490,2
22491,40
22492,5
22493,0
22494,1
22495,25
22496,1
22497,5
22498,1
22499,2
22500,8
22501,5
22502,1
22503,6
22504,23
22505,18
22506,36
22507,39
22508,6
22509,17
22510,0
22511,5
22512,2
22513,12
22514,4
22515,8
22516,0
22517,7
22518,1
22519,0
22520,29
22521,7
22522,0
22523,1
22524,8
22525,8
22526,49
22527,17
22528,15
22529,25
22530,6
22531,43
22532,6
22533,36
22534,2
22535,47
22536,24
22537,45
22538,0
22539,40
22540,15
22541,16
22542,32
22543,9
22544,29
22545,8
22546,31
22547,8
22548,21
22549,59
22550,9
22551,55
22552,2
22553,2
22554,9
22555,21
22556,43
22557,47
22558,0
22559,7
22560,5
22561,40
22562,1
22563,22
22564,47
22565,32
22566,8
22567,9
22568,25
22569,2
22570,27
22571,24
22572,26
22573,8
22574,24
22575,24
22576,1
22577,1
22578,7
22579,30
22580,2
22581,0
22582,30
22583,7
22584,6
22585,22
22586,8
22587,28
22588,22
22589,3
22590,34
22591,2
22592,29
22593,9
22594,9
22595,53
22596,6
22597,1
22598,1
22599,55
22600,0
22601,12
22602,20
22603,36
22604,5
22605,1
22606,11
22607,2
22608,3
22609,6
22610,6
22611,0
22612,7
22613,9
22614,6
22615,47
22616,28
22617,1
22618,27
22619,3
22620,30
22621,24
22622,25
22623,0
22624,1
22625,9
22626,28
22627,43
22628,9
22629,30
22630,2
22631,12
22632,2
22633,53
22634,24
22635,2
22636,28
22637,0
22638,8
22639,1
22640,35
22641,55
22642,0
22643,0
22644,7
22645,5
22646,4
22647,8
22648,22
22649,1
22650,43
22651,40
22652,8
22653,4
22654,8
22655,7
22656,43
22657,27
22658,55
22659,6
22660,6
22661,9
22662,0
22663,0
22664,43
22665,7
22666,7
22667,18
22668,22
22669,10
22670,22
22671,10
22672,0
22673,1
22674,30
22675,35
22676,6
22677,40
22678,36
22679,6
22680,6
22681,8
22682,6
22683,3
22684,43
22685,37
22686,8
22687,28
22688,3
22689,4
22690,21
22691,28
22692,9
22693,4
22694,39
22695,1
22696,0
22697,5
22698,18
22699,12
22700,2
22701,12
22702,5
22703,21
22704,0
22705,25
22706,28
22707,33
22708,28
22709,7
22710,7
22711,25
22712,8
22713,28
22714,0
22715,29
22716,21
22717,1
22718,0
22719,6
22720,49
22721,10
22722,9
22723,1
22724,24
22725,3
22726,8
22727,36
22728,1
22729,2
22730,23
22731,19
22732,36
22733,4
22734,1
22735,9
22736,2
22737,6
22738,11
22739,6
22740,53
22741,4
22742,3
22743,26
22744,1
22745,39
22746,1
22747,3
22748,3
22749,9
22750,20
22751,53
22752,5
22753,3
22754,37
22755,1
22756,9
22757,30
22758,0
22759,3
22760,53
22761,24
22762,55
22763,7
22764,6
22765,55
22766,47
22767,39
22768,55
22769,40
22770,31
22771,5
22772,7
22773,23
22774,5
22775,0
22776,0
22777,5
22778,0
22779,0
22780,6
22781,15
22782,53
22783,2
22784,2
22785,1
22786,7
22787,1
22788,8
22789,44
22790,55
22791,36
22792,0
22793,16
22794,6
22795,15
22796,7
22797,3
22798,6
22799,2
22800,7
22801,9
22802,2
22803,28
22804,24
22805,23
22806,8
22807,24
22808,1
22809,1
22810,2
22811,9
22812,1
22813,40
22814,39
22815,6
22816,31
22817,39
22818,11
22819,0
22820,1
22821,61
22822,8
22823,9
22824,40
22825,13
22826,36
22827,7
22828,5
22829,29
22830,4
22831,1
22832,40
22833,30
22834,1
22835,30
22836,6
22837,2
22838,30
22839,7
22840,4
22841,2
22842,53
22843,9
22844,2
22845,28
22846,7
22847,6
22848,9
22849,27
22850,0
22851,9
22852,49
22853,30
22854,9
22855,18
22856,9
22857,18
22858,10
22859,15
22860,0
22861,2
22862,4
22863,28
22864,36
22865,40
22866,28
22867,6
22868,40
22869,4
22870,0
22871,4
22872,8
22873,55
22874,28
22875,49
22876,8
22877,9
22878,0
22879,9
22880,1
22881,22
22882,9
22883,22
22884,6
22885,31
22886,7
22887,22
22888,5
22889,24
22890,0
22891,61
22892,31
22893,9
22894,55
22895,2
22896,9
22897,9
22898,14
22899,27
22900,39
22901,12
22902,24
22903,49
22904,6
22905,2
22906,2
22907,1
22908,2
22909,36
22910,3
22911,3
22912,53
22913,29
22914,5
22915,6
22916,8
22917,3
22918,10
22919,28
22920,53
22921,6
22922,59
22923,8
22924,5
22925,19
22926,30
22927,24
22928,55
22929,2
22930,28
22931,3
22932,6
22933,31
22934,9
22935,9
22936,7
22937,6
22938,55
22939,2
22940,15
22941,11
22942,9
22943,5
22944,2
22945,0
22946,18
22947,7
22948,4
22949,53
22950,1
22951,3
22952,24
22953,30
22954,5
22955,6
22956,22
22957,31
22958,6
22959,9
22960,9
22961,18
22962,31
22963,3
22964,2
22965,6
22966,9
22967,3
22968,1
22969,28
22970,53
22971,30
22972,7
22973,5
22974,37
22975,5
22976,49
22977,9
22978,4
22979,2
22980,20
22981,7
22982,2
22983,49
22984,49
22985,36
22986,13
22987,6
22988,17
22989,8
22990,15
22991,29
22992,12
22993,39
22994,43
22995,32
22996,31
22997,1
22998,0
22999,53
23000,2
23001,29
23002,24
23003,36
23004,22
23005,17
23006,55
23007,6
23008,0
23009,18
23010,7
23011,1
23012,9
23013,0
23014,14
23015,2
23016,28
23017,5
23018,2
23019,4
23020,53
23021,57
23022,1
23023,49
23024,60
23025,40
23026,0
23027,1
23028,23
23029,13
23030,55
23031,14
23032,10
23033,7
23034,27
23035,13
23036,22
23037,6
23038,7
23039,7
23040,43
23041,4
23042,53
23043,0
23044,1
23045,5
23046,55
23047,15
23048,8
23049,8
23050,22
23051,3
23052,49
23053,27
23054,8
23055,40
23056,9
23057,9
23058,4
23059,15
23060,31
23061,55
23062,2
23063,34
23064,25
23065,36
23066,23
23067,24
23068,0
23069,0
23070,0
23071,18
23072,1
23073,7
23074,36
23075,3
23076,31
23077,11
23078,18
23079,25
23080,27
23081,0
23082,0
23083,49
23084,55
23085,39
23086,29
23087,1
23088,3
23089,3
23090,39
23091,6
23092,5
23093,53
23094,1
23095,12
23096,7
23097,28
23098,36
23099,20
23100,4
23101,39
23102,3
23103,8
23104,1
23105,39
23106,33
23107,22
23108,5
23109,8
23110,61
23111,58
23112,7
23113,5
23114,40
23115,34
23116,3
23117,12
23118,24
23119,22
23120,4
23121,6
23122,2
23123,2
23124,24
23125,3
23126,12
23127,29
23128,53
23129,10
23130,24
23131,46
23132,55
23133,7
23134,41
23135,6
23136,44
23137,6
23138,12
23139,6
23140,40
23141,4
23142,12
23143,4
23144,7
23145,1
23146,0
23147,9
23148,49
23149,4
23150,53
23151,7
23152,15
23153,6
23154,5
23155,1
23156,4
23157,12
23158,29
23159,55
23160,55
23161,46
23162,8
23163,19
23164,4
23165,14
23166,8
23167,27
23168,4
23169,10
23170,37
23171,30
23172,22
23173,3
23174,2
23175,61
23176,7
23177,49
23178,5
23179,1
23180,0
23181,27
23182,23
23183,53
23184,0
23185,3
23186,2
23187,55
23188,1
23189,1
23190,1
23191,3
23192,5
23193,0
23194,3
23195,40
23196,5
23197,31
23198,1
23199,60
23200,26
23201,4
23202,1
23203,1
23204,26
23205,24
23206,2
23207,15
23208,39
23209,30
23210,2
23211,1
23212,4
23213,0
23214,7
23215,0
23216,1
23217,3
23218,49
23219,12
23220,55
23221,3
23222,3
23223,3
23224,8
23225,5
23226,4
23227,12
23228,4
23229,5
23230,21
23231,2
23232,1
23233,15
23234,49
23235,46
23236,0
23237,6
23238,12
23239,0
23240,8
23241,39
23242,7
23243,0
23244,5
23245,43
23246,3
23247,14
23248,13
23249,4
23250,5
23251,15
23252,4
23253,25
23254,49
23255,5
23256,25
23257,42
23258,1
23259,7
23260,4
23261,9
23262,55
23263,15
23264,1
23265,15
23266,5
23267,32
23268,40
23269,21
23270,8
23271,23
23272,8
23273,19
23274,4
23275,30
23276,22
23277,3
23278,17
23279,4
23280,13
23281,7
23282,24
23283,55
23284,57
23285,37
23286,5
23287,1
23288,24
23289,25
23290,0
23291,0
23292,55
23293,3
23294,3
23295,43
23296,0
23297,24
23298,7
23299,30
23300,2
23301,6
23302,8
23303,2
23304,13
23305,0
23306,4
23307,5
23308,30
23309,11
23310,32
23311,30
23312,3
23313,0
23314,28
23315,5
23316,6
23317,3
23318,30
23319,8
23320,29
23321,28
23322,6
23323,1
23324,3
23325,9
23326,3
23327,8
23328,7
23329,7
23330,40
23331,1
23332,53
23333,27
23334,5
23335,6
23336,7
23337,8
23338,0
23339,7
23340,12
23341,9
23342,46
23343,6
23344,30
23345,22
23346,24
23347,9
23348,39
23349,40
23350,4
23351,7
23352,6
23353,15
23354,4
23355,6
23356,25
23357,3
23358,3
23359,28
23360,7
23361,7
23362,1
23363,42
23364,37
23365,0
23366,32
23367,6
23368,40
23369,0
23370,30
23371,0
23372,0
23373,1
23374,5
23375,59
23376,0
23377,8
23378,8
23379,6
23380,32
23381,37
23382,24
23383,5
23384,5
23385,0
23386,12
23387,55
23388,39
23389,2
23390,8
23391,40
23392,6
23393,30
23394,9
23395,4
23396,2
23397,3
23398,47
23399,5
23400,0
23401,13
23402,24
23403,39
23404,1
23405,39
23406,0
23407,18
23408,12
23409,2
23410,45
23411,0
23412,4
23413,44
23414,4
23415,22
23416,7
23417,2
23418,3
23419,0
23420,1
23421,3
23422,55
23423,6
23424,24
23425,53
23426,0
23427,6
23428,6
23429,40
23430,28
23431,7
23432,40
23433,9
23434,1
23435,34
23436,3
23437,24
23438,1
23439,1
23440,5
23441,9
23442,0
23443,36
23444,8
23445,1
23446,40
23447,5
23448,2
23449,15
23450,0
23451,55
23452,0
23453,28
23454,4
23455,8
23456,7
23457,30
23458,53
23459,42
23460,24
23461,8
23462,42
23463,34
23464,53
23465,3
23466,1
23467,40
23468,3
23469,8
23470,30
23471,15
23472,17
23473,3
23474,58
23475,3
23476,5
23477,1
23478,3
23479,39
23480,2
23481,36
23482,2
23483,6
23484,1
23485,49
23486,53
23487,9
23488,3
23489,6
23490,14
23491,28
23492,44
23493,1
23494,31
23495,9
23496,12
23497,0
23498,22
23499,8
23500,30
23501,16
23502,24
23503,9
23504,36
23505,30
23506,32
23507,7
23508,7
23509,22
23510,30
23511,8
23512,1
23513,27
23514,5
23515,0
23516,23
23517,5
23518,36
23519,52
23520,18
23521,6
23522,49
23523,18
23524,40
23525,12
23526,17
23527,8
23528,4
23529,44
23530,6
23531,1
23532,24
23533,6
23534,1
23535,1
23536,1
23537,13
23538,7
23539,8
23540,6
23541,28
23542,1
23543,1
23544,39
23545,5
23546,9
23547,8
23548,22
23549,4
23550,22
23551,25
23552,30
23553,0
23554,40
23555,40
23556,47
23557,29
23558,3
23559,3
23560,37
23561,12
23562,1
23563,12
23564,3
23565,36
23566,30
23567,6
23568,2
23569,30
23570,28
23571,3
23572,31
23573,9
23574,0
23575,8
23576,3
23577,2
23578,1
23579,27
23580,8
23581,7
23582,39
23583,8
23584,28
23585,3
23586,1
23587,5
23588,55
23589,2
23590,0
23591,6
23592,40
23593,6
23594,17
23595,1
23596,0
23597,0
23598,2
23599,7
23600,43
23601,1
23602,43
23603,30
23604,28
23605,10
23606,0
23607,9
23608,2
23609,0
23610,18
23611,3
23612,9
23613,4
23614,53
23615,0
23616,6
23617,3
23618,37
23619,26
23620,24
23621,47
23622,55
23623,3
23624,28
23625,12
23626,0
23627,0
23628,3
23629,24
23630,22
23631,9
23632,13
23633,7
23634,1
23635,1
23636,9
23637,24
23638,7
23639,55
23640,9
23641,6
23642,52
23643,0
23644,0
23645,5
23646,5
23647,9
23648,8
23649,5
23650,6
23651,9
23652,15
23653,1
23654,6
23655,4
23656,34
23657,59
23658,22
23659,4
23660,2
23661,1
23662,3
23663,2
23664,0
23665,1
23666,39
23667,15
23668,60
23669,9
23670,47
23671,58
23672,6
23673,7
23674,6
23675,8
23676,42
23677,39
23678,1
23679,2
23680,9
23681,8
23682,8
23683,28
23684,5
23685,8
23686,61
23687,6
23688,17
23689,2
23690,1
23691,1
23692,28
23693,28
23694,55
23695,25
23696,1
23697,4
23698,25
23699,9
23700,53
23701,3
23702,9
23703,59
23704,53
23705,7
23706,23
23707,53
23708,18
23709,1
23710,8
23711,3
23712,30
23713,3
23714,3
23715,1
23716,40
23717,12
23718,0
23719,2
23720,53
23721,18
23722,34
23723,25
23724,3
23725,9
23726,36
23727,1
23728,49
23729,1
23730,6
23731,47
23732,15
23733,7
23734,53
23735,6
23736,49
23737,4
23738,6
23739,9
23740,9
23741,15
23742,2
23743,0
23744,28
23745,4
23746,1
23747,6
23748,1
23749,12
23750,13
23751,5
23752,1
23753,1
23754,1
23755,4
23756,39
23757,11
23758,2
23759,0
23760,22
23761,40
23762,9
23763,8
23764,6
23765,59
23766,0
23767,3
23768,13
23769,15
23770,25
23771,3
23772,30
23773,49
23774,4
23775,17
23776,42
23777,9
23778,19
23779,28
23780,24
23781,6
23782,4
23783,28
23784,3
23785,24
23786,7
23787,14
23788,9
23789,59
23790,7
23791,0
23792,18
23793,24
23794,9
23795,0
23796,24
23797,9
23798,4
23799,17
23800,1
23801,9
23802,1
23803,35
23804,15
23805,4
23806,8
23807,9
23808,28
23809,40
23810,7
23811,3
23812,8
23813,4
23814,8
23815,8
23816,55
23817,2
23818,27
23819,6
23820,7
23821,28
23822,12
23823,36
23824,5
23825,8
23826,1
23827,6
23828,26
23829,3
23830,23
23831,4
23832,7
23833,23
23834,3
23835,7
23836,22
23837,8
23838,6
23839,32
23840,43
23841,55
23842,55
23843,39
23844,8
23845,22
23846,3
23847,8
23848,6
23849,7
23850,25
23851,8
23852,24
23853,29
23854,0
23855,35
23856,43
23857,55
23858,28
23859,0
23860,3
23861,3
23862,28
23863,32
23864,23
23865,1
23866,55
23867,0
23868,18
23869,2
23870,0
23871,16
23872,9
23873,6
23874,5
23875,31
23876,5
23877,4
23878,1
23879,15
23880,55
23881,20
23882,28
23883,15
23884,20
23885,7
23886,0
23887,32
23888,3
23889,12
23890,22
23891,1
23892,28
23893,30
23894,7
23895,15
23896,37
23897,47
23898,28
23899,35
23900,0
23901,2
23902,27
23903,2
23904,15
23905,40
23906,3
23907,0
23908,9
23909,4
23910,3
23911,30
23912,21
23913,15
23914,1
23915,39
23916,9
23917,1
23918,7
23919,6
23920,28
23921,22
23922,55
23923,7
23924,28
23925,15
23926,13
23927,28
23928,4
23929,12
23930,28
23931,3
23932,0
23933,7
23934,7
23935,9
23936,0
23937,1
23938,9
23939,3
23940,6
23941,6
23942,30
23943,28
23944,8
23945,6
23946,24
23947,24
23948,33
23949,1
23950,0
23951,22
23952,55
23953,7
23954,5
23955,21
23956,2
23957,42
23958,3
23959,1
23960,55
23961,3
23962,5
23963,24
23964,40
23965,18
23966,7
23967,53
23968,30
23969,1
23970,30
23971,3
23972,44
23973,56
23974,10
23975,4
23976,6
23977,28
23978,18
23979,39
23980,3
23981,18
23982,9
23983,2
23984,12
23985,21
23986,2
23987,7
23988,8
23989,6
23990,3
23991,8
23992,3
23993,12
23994,40
23995,36
23996,12
23997,28
23998,9
23999,9
24000,5
24001,5
24002,3
24003,1
24004,18
24005,25
24006,40
24007,24
24008,6
24009,28
24010,6
24011,20
24012,5
24013,18
24014,1
24015,15
24016,55
24017,24
24018,4
24019,46
24020,0
24021,9
24022,43
24023,1
24024,36
24025,1
24026,3
24027,9
24028,2
24029,52
24030,11
24031,9
24032,1
24033,9
24034,0
24035,0
24036,12
24037,20
24038,7
24039,1
24040,7
24041,8
24042,14
24043,28
24044,40
24045,36
24046,12
24047,4
24048,49
24049,59
24050,45
24051,55
24052,8
24053,46
24054,28
24055,33
24056,30
24057,5
24058,2
24059,4
24060,3
24061,7
24062,55
24063,12
24064,5
24065,5
24066,10
24067,4
24068,1
24069,1
24070,39
24071,9
24072,59
24073,1
24074,5
24075,40
24076,9
24077,0
24078,32
24079,11
24080,6
24081,7
24082,9
24083,1
24084,59
24085,5
24086,1
24087,8
24088,3
24089,40
24090,28
24091,1
24092,0
24093,1
24094,5
24095,1
24096,5
24097,40
24098,40
24099,43
24100,5
24101,2
24102,6
24103,6
24104,7
24105,0
24106,18
24107,24
24108,6
24109,3
24110,0
24111,1
24112,6
24113,42
24114,6
24115,4
24116,3
24117,4
24118,14
24119,43
24120,31
24121,28
24122,7
24123,32
24124,49
24125,24
24126,1
24127,12
24128,5
24129,9
24130,30
24131,4
24132,24
24133,0
24134,55
24135,8
24136,6
24137,6
24138,40
24139,55
24140,49
24141,58
24142,24
24143,56
24144,1
24145,53
24146,4
24147,0
24148,9
24149,31
24150,3
24151,53
24152,47
24153,2
24154,18
24155,30
24156,34
24157,2
24158,40
24159,9
24160,28
24161,1
24162,9
24163,0
24164,8
24165,1
24166,8
24167,7
24168,12
24169,7
24170,3
24171,30
24172,39
24173,5
24174,28
24175,58
24176,40
24177,0
24178,7
24179,6
24180,7
24181,0
24182,40
24183,1
24184,23
24185,24
24186,12
24187,24
24188,3
24189,3
24190,9
24191,8
24192,0
24193,53
24194,40
24195,1
24196,4
24197,49
24198,53
24199,5
24200,1
24201,23
24202,1
24203,24
24204,5
24205,40
24206,9
24207,40
24208,15
24209,9
24210,36
24211,22
24212,6
24213,30
24214,2
24215,7
24216,2
24217,24
24218,6
24219,4
24220,42
24221,25
24222,2
24223,53
24224,55
24225,40
24226,1
24227,9
24228,2
24229,55
24230,0
24231,6
24232,5
24233,1
24234,5
24235,40
24236,8
24237,23
24238,1
24239,1
24240,40
24241,4
24242,24
24243,53
24244,9
24245,5
24246,4
24247,6
24248,8
24249,3
24250,1
24251,6
24252,2
24253,1
24254,18
24255,16
24256,2
24257,7
24258,4
24259,5
24260,12
24261,7
24262,28
24263,2
24264,22
24265,0
24266,14
24267,8
24268,55
24269,12
24270,9
24271,37
24272,1
24273,8
24274,9
24275,7
24276,1
24277,55
24278,53
24279,24
24280,8
24281,12
24282,1
24283,1
24284,0
24285,4
24286,0
24287,15
24288,46
24289,9
24290,0
24291,55
24292,25
24293,4
24294,7
24295,12
24296,40
24297,7
24298,36
24299,55
24300,2
24301,29
24302,18
24303,7
24304,15
24305,2
24306,22
24307,28
24308,2
24309,1
24310,18
24311,5
24312,28
24313,3
24314,7
24315,16
24316,0
24317,24
24318,1
24319,3
24320,49
24321,4
24322,15
24323,6
24324,36
24325,22
24326,7
24327,22
24328,40
24329,21
24330,55
24331,7
24332,4
24333,36
24334,53
24335,24
24336,9
24337,43
24338,39
24339,1
24340,53
24341,1
24342,40
24343,5
24344,9
24345,0
24346,23
24347,3
24348,19
24349,2
24350,10
24351,4
24352,7
24353,30
24354,30
24355,25
24356,3
24357,40
24358,1
24359,12
24360,5
24361,39
24362,28
24363,7
24364,4
24365,0
24366,40
24367,53
24368,2
24369,4
24370,55
24371,8
24372,32
24373,22
24374,14
24375,12
24376,7
24377,6
24378,7
24379,39
24380,39
24381,9
24382,43
24383,55
24384,6
24385,10
24386,23
24387,2
24388,4
24389,25
24390,3
24391,18
24392,0
24393,8
24394,30
24395,6
24396,14
24397,1
24398,7
24399,4
24400,6
24401,1
24402,5
24403,7
24404,10
24405,36
24406,4
24407,9
24408,4
24409,9
24410,1
24411,1
24412,55
24413,6
24414,7
24415,7
24416,60
24417,5
24418,5
24419,32
24420,25
24421,8
24422,27
24423,43
24424,9
24425,34
24426,59
24427,0
24428,16
24429,9
24430,4
24431,8
24432,1
24433,4
24434,7
24435,12
24436,4
24437,0
24438,31
24439,1
24440,40
24441,23
24442,7
24443,4
24444,8
24445,30
24446,53
24447,49
24448,4
24449,2
24450,24
24451,4
24452,10
24453,28
24454,22
24455,1
24456,25
24457,40
24458,1
24459,1
24460,7
24461,4
24462,58
24463,1
24464,1
24465,9
24466,40
24467,0
24468,4
24469,24
24470,53
24471,5
24472,22
24473,40
24474,28
24475,9
24476,28
24477,0
24478,7
24479,8
24480,17
24481,1
24482,28
24483,10
24484,2
24485,7
24486,25
24487,55
24488,7
24489,23
24490,23
24491,1
24492,4
24493,3
24494,12
24495,2
24496,34
24497,25
24498,12
24499,1
24500,5
24501,21
24502,30
24503,9
24504,0
24505,9
24506,7
24507,13
24508,39
24509,43
24510,3
24511,21
24512,2
24513,1
24514,2
24515,16
24516,2
24517,21
24518,40
24519,49
24520,28
24521,28
24522,39
24523,19
24524,6
24525,30
24526,55
24527,7
24528,3
24529,55
24530,5
24531,25
24532,4
24533,6
24534,39
24535,6
24536,31
24537,39
24538,55
24539,40
24540,9
24541,0
24542,3
24543,1
24544,6
24545,6
24546,5
24547,1
24548,1
24549,37
24550,3
24551,9
24552,16
24553,9
24554,5
24555,15
24556,7
24557,12
24558,15
24559,20
24560,16
24561,36
24562,2
24563,34
24564,9
24565,40
24566,1
24567,30
24568,55
24569,6
24570,9
24571,28
24572,8
24573,2
24574,17
24575,24
24576,6
24577,40
24578,59
24579,2
24580,10
24581,31
24582,2
24583,30
24584,1
24585,4
24586,12
24587,9
24588,4
24589,55
24590,0
24591,9
24592,28
24593,7
24594,28
24595,2
24596,3
24597,0
24598,1
24599,3
24600,8
24601,5
24602,25
24603,53
24604,55
24605,25
24606,1
24607,57
24608,30
24609,42
24610,1
24611,4
24612,3
24613,7
24614,3
24615,47
24616,36
24617,7
24618,28
24619,6
24620,15
24621,30
24622,8
24623,0
24624,6
24625,40
24626,1
24627,12
24628,36
24629,31
24630,55
24631,12
24632,6
24633,0
24634,53
24635,3
24636,3
24637,15
24638,1
24639,40
24640,20
24641,40
24642,60
24643,9
24644,33
24645,0
24646,12
24647,40
24648,12
24649,5
24650,0
24651,7
24652,1
24653,5
24654,22
24655,43
24656,5
24657,24
24658,6
24659,30
24660,2
24661,1
24662,32
24663,40
24664,3
24665,4
24666,40
24667,6
24668,1
24669,9
24670,28
24671,55
24672,5
24673,40
24674,55
24675,9
24676,8
24677,9
24678,40
24679,1
24680,40
24681,9
24682,2
24683,1
24684,37
24685,7
24686,7
24687,55
24688,40
24689,23
24690,12
24691,7
24692,4
24693,24
24694,53
24695,24
24696,3
24697,2
24698,9
24699,29
24700,1
24701,4
24702,0
24703,1
24704,40
24705,29
24706,28
24707,40
24708,8
24709,18
24710,5
24711,27
24712,53
24713,4
24714,24
24715,18
24716,9
24717,1
24718,49
24719,6
24720,4
24721,36
24722,1
24723,9
24724,6
24725,28
24726,17
24727,39
24728,32
24729,8
24730,14
24731,14
24732,2
24733,8
24734,19
24735,5
24736,3
24737,0
24738,59
24739,0
24740,39
24741,2
24742,5
24743,9
24744,6
24745,5
24746,55
24747,23
24748,30
24749,7
24750,9
24751,30
24752,53
24753,3
24754,4
24755,12
24756,61
24757,8
24758,6
24759,1
24760,49
24761,22
24762,1
24763,55
24764,30
24765,6
24766,2
24767,55
24768,9
24769,12
24770,1
24771,8
24772,61
24773,4
24774,36
24775,7
24776,9
24777,2
24778,39
24779,52
24780,1
24781,53
24782,7
24783,1
24784,55
24785,40
24786,1
24787,6
24788,55
24789,30
24790,8
24791,2
24792,37
24793,40
24794,3
24795,46
24796,22
24797,15
24798,6
24799,2
24800,55
24801,21
24802,29
24803,25
24804,39
24805,29
24806,40
24807,49
24808,49
24809,23
24810,7
24811,1
24812,42
24813,5
24814,16
24815,5
24816,8
24817,24
24818,22
24819,9
24820,25
24821,5
24822,49
24823,31
24824,6
24825,37
24826,49
24827,0
24828,2
24829,28
24830,3
24831,6
24832,21
24833,28
24834,5
24835,24
24836,14
24837,5
24838,19
24839,44
24840,1
24841,28
24842,4
24843,6
24844,28
24845,22
24846,18
24847,6
24848,8
24849,9
24850,34
24851,27
24852,56
24853,9
24854,31
24855,5
24856,8
24857,3
24858,22
24859,7
24860,6
24861,1
24862,6
24863,24
24864,39
24865,24
24866,1
24867,24
24868,28
24869,18
24870,2
24871,53
24872,5
24873,8
24874,24
24875,0
24876,19
24877,4
24878,28
24879,1
24880,36
24881,24
24882,49
24883,13
24884,2
24885,30
24886,1
24887,3
24888,5
24889,28
24890,28
24891,30
24892,9
24893,2
24894,28
24895,8
24896,13
24897,4
24898,1
24899,9
24900,9
24901,5
24902,9
24903,5
24904,1
24905,4
24906,1
24907,1
24908,53
24909,8
24910,28
24911,12
24912,49
24913,1
24914,55
24915,2
24916,0
24917,29
24918,6
24919,9
24920,1
24921,3
24922,22
24923,18
24924,4
24925,49
24926,0
24927,2
24928,40
24929,0
24930,47
24931,1
24932,28
24933,5
24934,3
24935,8
24936,3
24937,18
24938,4
24939,8
24940,46
24941,27
24942,9
24943,10
24944,15
24945,19
24946,46
24947,30
24948,18
24949,32
24950,27
24951,30
24952,28
24953,0
24954,29
24955,10
24956,31
24957,7
24958,30
24959,36
24960,28
24961,34
24962,33
24963,8
24964,28
24965,1
24966,0
24967,18
24968,24
24969,53
24970,30
24971,7
24972,3
24973,9
24974,19
24975,7
24976,9
24977,1
24978,12
24979,6
24980,25
24981,28
24982,2
24983,4
24984,18
24985,1
24986,5
24987,2
24988,25
24989,7
24990,16
24991,55
24992,53
24993,39
24994,10
24995,30
24996,9
24997,22
24998,3
24999,31
25000,1
25001,1
25002,6
25003,49
25004,19
25005,0
25006,4
25007,7
25008,0
25009,7
25010,15
25011,4
25012,24
25013,28
25014,53
25015,3
25016,7
25017,40
25018,49
25019,7
25020,7
25021,39
25022,3
25023,19
25024,40
25025,2
25026,22
25027,9
25028,8
25029,2
25030,18
25031,24
25032,6
25033,1
25034,15
25035,7
25036,15
25037,43
25038,1
25039,9
25040,12
25041,24
25042,13
25043,28
25044,4
25045,7
25046,30
25047,18
25048,28
25049,53
25050,24
25051,53
25052,28
25053,40
25054,33
25055,25
25056,28
25057,31
25058,40
25059,25
25060,2
25061,7
25062,37
25063,43
25064,7
25065,55
25066,34
25067,0
25068,3
25069,31
25070,0
25071,36
25072,11
25073,14
25074,7
25075,29
25076,8
25077,24
25078,2
25079,8
25080,6
25081,1
25082,5
25083,3
25084,5
25085,39
25086,7
25087,2
25088,6
25089,8
25090,8
25091,1
25092,4
25093,1
25094,6
25095,15
25096,53
25097,11
25098,34
25099,3
25100,9
25101,8
25102,1
25103,4
25104,4
25105,0
25106,2
25107,6
25108,7
25109,53
25110,1
25111,47
25112,8
25113,10
25114,1
25115,2
25116,7
25117,0
25118,25
25119,31
25120,7
25121,25
25122,11
25123,1
25124,9
25125,29
25126,3
25127,12
25128,21
25129,4
25130,24
25131,6
25132,0
25133,12
25134,29
25135,55
25136,1
25137,47
25138,28
25139,7
25140,31
25141,0
25142,28
25143,55
25144,40
25145,8
25146,9
25147,6
25148,43
25149,55
25150,40
25151,3
25152,22
25153,8
25154,40
25155,5
25156,5
25157,4
25158,46
25159,5
25160,7
25161,55
25162,3
25163,1
25164,8
25165,3
25166,1
25167,3
25168,28
25169,8
25170,0
25171,7
25172,34
25173,40
25174,13
25175,6
25176,8
25177,9
25178,1
25179,7
25180,8
25181,23
25182,0
25183,0
25184,23
25185,42
25186,1
25187,15
25188,23
25189,15
25190,9
25191,2
25192,14
25193,2
25194,40
25195,9
25196,23
25197,0
25198,9
25199,1
25200,6
25201,3
25202,4
25203,8
25204,5
25205,4
25206,0
25207,18
25208,40
25209,3
25210,7
25211,4
25212,35
25213,55
25214,44
25215,40
25216,40
25217,40
25218,25
25219,27
25220,53
25221,29
25222,7
25223,44
25224,9
25225,40
25226,10
25227,28
25228,6
25229,8
25230,55
25231,2
25232,18
25233,49
25234,5
25235,29
25236,53
25237,0
25238,0
25239,6
25240,30
25241,3
25242,1
25243,7
25244,5
25245,1
25246,4
25247,8
25248,34
25249,3
25250,6
25251,24
25252,18
25253,7
25254,22
25255,25
25256,9
25257,53
25258,2
25259,13
25260,1
25261,34
25262,14
25263,30
25264,24
25265,55
25266,29
25267,3
25268,7
25269,28
25270,7
25271,4
25272,25
25273,24
25274,6
25275,48
25276,34
25277,39
25278,2
25279,0
25280,10
25281,12
25282,42
25283,7
25284,12
25285,6
25286,24
25287,1
25288,9
25289,24
25290,59
25291,1
25292,8
25293,4
25294,12
25295,7
25296,21
25297,7
25298,6
25299,55
25300,9
25301,7
25302,5
25303,32
25304,9
25305,20
25306,53
25307,2
25308,43
25309,53
25310,53
25311,53
25312,29
25313,6
25314,3
25315,8
25316,40
25317,12
25318,1
25319,55
25320,0
25321,40
25322,14
25323,5
25324,7
25325,13
25326,2
25327,43
25328,49
25329,29
25330,2
25331,28
25332,3
25333,2
25334,28
25335,10
25336,8
25337,8
25338,2
25339,3
25340,15
25341,1
25342,1
25343,46
25344,47
25345,18
25346,6
25347,40
25348,59
25349,0
25350,3
25351,2
25352,55
25353,51
25354,53
25355,21
25356,1
25357,9
25358,40
25359,25
25360,30
25361,25
25362,4
25363,24
25364,9
25365,53
25366,7
25367,30
25368,4
25369,9
25370,28
25371,7
25372,43
25373,0
25374,23
25375,22
25376,18
25377,15
25378,4
25379,39
25380,3
25381,7
25382,4
25383,5
25384,47
25385,17
25386,49
25387,49
25388,26
25389,53
25390,32
25391,24
25392,4
25393,2
25394,4
25395,30
25396,7
25397,4
25398,12
25399,6
25400,0
25401,61
25402,40
25403,17
25404,2
25405,22
25406,7
25407,9
25408,3
25409,4
25410,7
25411,8
25412,55
25413,9
25414,15
25415,4
25416,7
25417,30
25418,40
25419,26
25420,49
25421,8
25422,1
25423,7
25424,39
25425,11
25426,4
25427,0
25428,28
25429,7
25430,59
25431,4
25432,8
25433,8
25434,55
25435,8
25436,28
25437,3
25438,53
25439,34
25440,53
25441,8
25442,36
25443,19
25444,9
25445,0
25446,1
25447,21
25448,30
25449,12
25450,32
25451,7
25452,17
25453,2
25454,5
25455,10
25456,0
25457,14
25458,49
25459,28
25460,29
25461,55
25462,5
25463,55
25464,8
25465,2
25466,24
25467,4
25468,24
25469,59
25470,55
25471,10
25472,53
25473,23
25474,40
25475,37
25476,1
25477,11
25478,32
25479,39
25480,60
25481,4
25482,0
25483,6
25484,4
25485,30
25486,2
25487,0
25488,28
25489,1
25490,43
25491,3
25492,59
25493,24
25494,1
25495,59
25496,24
25497,10
25498,10
25499,9
25500,1
25501,1
25502,12
25503,5
25504,19
25505,28
25506,40
25507,5
25508,2
25509,9
25510,11
25511,1
25512,8
25513,0
25514,29
25515,9
25516,37
25517,19
25518,2
25519,4
25520,3
25521,8
25522,2
25523,9
25524,9
25525,9
25526,10
25527,39
25528,40
25529,6
25530,7
25531,4
25532,15
25533,2
25534,53
25535,3
25536,6
25537,5
25538,4
25539,4
25540,27
25541,24
25542,40
25543,28
25544,7
25545,1
25546,22
25547,28
25548,9
25549,24
25550,24
25551,7
25552,12
25553,4
25554,7
25555,29
25556,17
25557,35
25558,0
25559,28
25560,7
25561,1
25562,7
25563,4
25564,53
25565,22
25566,15
25567,4
25568,36
25569,61
25570,24
25571,7
25572,55
25573,37
25574,25
25575,3
25576,5
25577,43
25578,31
25579,34
25580,22
25581,5
25582,2
25583,4
25584,1
25585,34
25586,8
25587,9
25588,4
25589,30
25590,29
25591,14
25592,1
25593,18
25594,5
25595,40
25596,1
25597,28
25598,25
25599,4
25600,12
25601,7
25602,7
25603,12
25604,1
25605,8
25606,2
25607,6
25608,19
25609,3
25610,6
25611,11
25612,8
25613,29
25614,4
25615,12
25616,19
25617,29
25618,24
25619,2
25620,8
25621,7
25622,36
25623,40
25624,33
25625,53
25626,2
25627,0
25628,23
25629,3
25630,40
25631,25
25632,3
25633,2
25634,11
25635,58
25636,10
25637,55
25638,24
25639,16
25640,1
25641,5
25642,0
25643,4
25644,6
25645,12
25646,40
25647,0
25648,36
25649,1
25650,36
25651,3
25652,6
25653,10
25654,6
25655,37
25656,1
25657,2
25658,27
25659,7
25660,5
25661,1
25662,10
25663,1
25664,10
25665,40
25666,3
25667,1
25668,22
25669,40
25670,1
25671,9
25672,6
25673,7
25674,3
25675,3
25676,6
25677,28
25678,24
25679,12
25680,5
25681,2
25682,7
25683,18
25684,31
25685,43
25686,6
25687,1
25688,5
25689,34
25690,27
25691,8
25692,22
25693,43
25694,55
25695,18
25696,9
25697,1
25698,24
25699,30
25700,1
25701,25
25702,21
25703,1
25704,53
25705,4
25706,31
25707,2
25708,49
25709,23
25710,23
25711,31
25712,6
25713,6
25714,0
25715,9
25716,53
25717,6
25718,40
25719,35
25720,8
25721,5
25722,11
25723,14
25724,28
25725,13
25726,9
25727,25
25728,25
25729,53
25730,25
25731,4
25732,18
25733,4
25734,6
25735,8
25736,1
25737,4
25738,1
25739,25
25740,12
25741,9
25742,10
25743,9
25744,6
25745,2
25746,2
25747,6
25748,30
25749,3
25750,40
25751,2
25752,0
25753,7
25754,25
25755,5
25756,5
25757,6
25758,30
25759,9
25760,12
25761,9
25762,3
25763,1
25764,8
25765,18
25766,7
25767,4
25768,55
25769,7
25770,47
25771,5
25772,39
25773,7
25774,30
25775,13
25776,25
25777,20
25778,36
25779,61
25780,4
25781,6
25782,2
25783,42
25784,21
25785,1
25786,42
25787,7
25788,23
25789,45
25790,12
25791,15
25792,29
25793,19
25794,40
25795,53
25796,6
25797,1
25798,3
25799,8
25800,24
25801,28
25802,28
25803,42
25804,2
25805,6
25806,9
25807,26
25808,1
25809,7
25810,4
25811,43
25812,30
25813,1
25814,28
25815,30
25816,7
25817,4
25818,58
25819,7
25820,3
25821,40
25822,0
25823,24
25824,43
25825,37
25826,4
25827,18
25828,53
25829,43
25830,17
25831,4
25832,2
25833,0
25834,53
25835,8
25836,32
25837,40
25838,28
25839,36
25840,4
25841,2
25842,4
25843,9
25844,37
25845,3
25846,1
25847,39
25848,8
25849,6
25850,3
25851,7
25852,5
25853,1
25854,8
25855,39
25856,23
25857,7
25858,53
25859,7
25860,23
25861,12
25862,40
25863,24
25864,6
25865,53
25866,53
25867,30
25868,29
25869,35
25870,5
25871,9
25872,25
25873,49
25874,23
25875,30
25876,0
25877,8
25878,7
25879,1
25880,3
25881,1
25882,3
25883,18
25884,55
25885,49
25886,5
25887,0
25888,2
25889,11
25890,53
25891,4
25892,1
25893,3
25894,29
25895,2
25896,2
25897,1
25898,3
25899,1
25900,7
25901,0
25902,12
25903,8
25904,2
25905,1
25906,2
25907,25
25908,7
25909,30
25910,6
25911,24
25912,22
25913,36
25914,5
25915,9
25916,7
25917,28
25918,6
25919,47
25920,7
25921,36
25922,6
25923,30
25924,4
25925,15
25926,40
25927,61
25928,5
25929,6
25930,30
25931,7
25932,40
25933,3
25934,12
25935,0
25936,53
25937,46
25938,4
25939,40
25940,3
25941,18
25942,24
25943,6
25944,6
25945,6
25946,8
25947,1
25948,0
25949,3
25950,55
25951,7
25952,24
25953,9
25954,9
25955,8
25956,3
25957,0
25958,36
25959,39
25960,8
25961,22
25962,3
25963,0
25964,3
25965,0
25966,5
25967,49
25968,25
25969,34
25970,3
25971,2
25972,24
25973,10
25974,9
25975,24
25976,9
25977,5
25978,25
25979,31
25980,28
25981,1
25982,8
25983,7
25984,7
25985,30
25986,29
25987,3
25988,0
25989,60
25990,18
25991,3
25992,49
25993,24
25994,1
25995,30
25996,43
25997,8
25998,1
25999,9
26000,10
26001,29
26002,6
26003,13
26004,8
26005,15
26006,28
26007,6
26008,52
26009,40
26010,40
26011,29
26012,25
26013,3
26014,8
26015,44
26016,9
26017,17
26018,52
26019,24
26020,30
26021,6
26022,7
26023,25
26024,3
26025,6
26026,55
26027,0
26028,3
26029,7
26030,12
26031,6
26032,8
26033,1
26034,17
26035,24
26036,28
26037,12
26038,2
26039,0
26040,15
26041,15
26042,9
26043,40
26044,49
26045,40
26046,55
26047,46
26048,28
26049,1
26050,28
26051,12
26052,25
26053,61
26054,40
26055,4
26056,25
26057,10
26058,59
26059,24
26060,12
26061,1
26062,4
26063,29
26064,40
26065,5
26066,61
26067,40
26068,0
26069,31
26070,34
26071,1
26072,5
26073,40
26074,22
26075,34
26076,28
26077,29
26078,28
26079,0
26080,2
26081,3
26082,40
26083,36
26084,2
26085,7
26086,24
26087,2
26088,8
26089,6
26090,25
26091,3
26092,1
26093,0
26094,3
26095,24
26096,24
26097,6
26098,53
26099,3
26100,7
26101,22
26102,8
26103,7
26104,59
26105,4
26106,6
26107,4
26108,5
26109,34
26110,0
26111,24
26112,55
26113,22
26114,1
26115,24
26116,30
26117,7
26118,53
26119,42
26120,39
26121,40
26122,17
26123,49
26124,24
26125,55
26126,6
26127,7
26128,31
26129,1
26130,7
26131,9
26132,27
26133,28
26134,40
26135,1
26136,1
26137,55
26138,12
26139,12
26140,4
26141,9
26142,36
26143,10
26144,8
26145,36
26146,47
26147,14
26148,28
26149,24
26150,9
26151,2
26152,0
26153,49
26154,40
26155,40
26156,10
26157,37
26158,44
26159,1
26160,1
26161,18
26162,53
26163,31
26164,9
26165,9
26166,5
26167,40
26168,31
26169,0
26170,3
26171,9
26172,27
26173,1
26174,25
26175,29
26176,9
26177,7
26178,43
26179,3
26180,17
26181,4
26182,6
26183,5
26184,36
26185,24
26186,1
26187,1
26188,19
26189,3
26190,12
26191,55
26192,28
26193,1
26194,0
26195,4
26196,8
26197,9
26198,49
26199,18
26200,59
26201,43
26202,0
26203,12
26204,2
26205,4
26206,2
26207,1
26208,1
26209,1
26210,0
26211,40
26212,15
26213,43
26214,6
26215,49
26216,1
26217,1
26218,13
26219,8
26220,7
26221,31
26222,27
26223,9
26224,60
26225,49
26226,8
26227,3
26228,0
26229,8
26230,22
26231,2
26232,3
26233,4
26234,3
26235,6
26236,9
26237,5
26238,10
26239,53
26240,2
26241,39
26242,6
26243,6
26244,0
26245,2
26246,1
26247,9
26248,36
26249,3
26250,22
26251,19
26252,6
26253,2
26254,3
26255,30
26256,49
26257,44
26258,3
26259,5
26260,40
26261,2
26262,1
26263,15
26264,7
26265,3
26266,0
26267,8
26268,15
26269,7
26270,12
26271,1
26272,12
26273,6
26274,53
26275,24
26276,6
26277,9
26278,28
26279,7
26280,27
26281,23
26282,8
26283,1
26284,22
26285,31
26286,0
26287,29
26288,10
26289,49
26290,3
26291,55
26292,49
26293,3
26294,7
26295,58
26296,0
26297,55
26298,49
26299,22
26300,25
26301,1
26302,5
26303,9
26304,22
26305,9
26306,32
26307,23
26308,19
26309,25
26310,7
26311,39
26312,2
26313,28
26314,2
26315,1
26316,28
26317,5
26318,9
26319,6
26320,10
26321,5
26322,55
26323,1
26324,2
26325,0
26326,2
26327,43
26328,12
26329,40
26330,28
26331,29
26332,28
26333,25
26334,0
26335,28
26336,5
26337,39
26338,1
26339,7
26340,30
26341,30
26342,44
26343,7
26344,8
26345,1
26346,12
26347,1
26348,4
26349,1
26350,8
26351,2
26352,7
26353,40
26354,4
26355,31
26356,18
26357,2
26358,0
26359,55
26360,23
26361,28
26362,3
26363,11
26364,7
26365,4
26366,1
26367,5
26368,53
26369,34
26370,28
26371,3
26372,2
26373,22
26374,4
26375,1
26376,15
26377,43
26378,6
26379,0
26380,12
26381,7
26382,17
26383,7
26384,1
26385,30
26386,7
26387,55
26388,28
26389,1
26390,6
26391,0
26392,5
26393,40
26394,53
26395,47
26396,3
26397,61
26398,1
26399,11
26400,18
26401,4
26402,3
26403,21
26404,9
26405,3
26406,30
26407,7
26408,13
26409,18
26410,1
26411,6
26412,39
26413,28
26414,24
26415,8
26416,43
26417,8
26418,6
26419,2
26420,34
26421,53
26422,55
26423,0
26424,24
26425,6
26426,2
26427,40
26428,6
26429,1
26430,6
26431,36
26432,0
26433,0
26434,39
26435,1
26436,52
26437,20
26438,22
26439,31
26440,7
26441,5
26442,5
26443,6
26444,6
26445,39
26446,43
26447,6
26448,8
26449,49
26450,3
26451,22
26452,35
26453,2
26454,11
26455,4
26456,3
26457,24
26458,8
26459,6
26460,0
26461,55
26462,5
26463,36
26464,55
26465,0
26466,4
26467,18
26468,9
26469,7
26470,55
26471,1
26472,7
26473,21
26474,8
26475,1
26476,25
26477,11
26478,5
26479,24
26480,9
26481,8
26482,15
26483,9
26484,19
26485,4
26486,29
26487,24
26488,29
26489,1
26490,3
26491,2
26492,7
26493,8
26494,26
26495,8
26496,12
26497,40
26498,2
26499,3
26500,22
26501,8
26502,7
26503,30
26504,7
26505,7
26506,1
26507,9
26508,30
26509,9
26510,30
26511,30
26512,3
26513,5
26514,23
26515,59
26516,47
26517,2
26518,55
26519,14
26520,2
26521,30
26522,0
26523,37
26524,4
26525,1
26526,12
26527,31
26528,37
26529,4
26530,3
26531,28
26532,39
26533,49
26534,39
26535,8
26536,6
26537,36
26538,18
26539,8
26540,28
26541,4
26542,7
26543,2
26544,25
26545,12
26546,31
26547,4
26548,28
26549,53
26550,1
26551,1
26552,12
26553,55
26554,4
26555,36
26556,9
26557,13
26558,5
26559,1
26560,30
26561,40
26562,1
26563,1
26564,40
26565,3
26566,55
26567,9
26568,8
26569,5
26570,12
26571,2
26572,5
26573,25
26574,9
26575,18
26576,59
26577,21
26578,4
26579,0
26580,0
26581,21
26582,31
26583,11
26584,4
26585,5
26586,4
26587,0
26588,0
26589,7
26590,7
26591,59
26592,4
26593,4
26594,39
26595,2
26596,28
26597,55
26598,3
26599,5
26600,21
26601,36
26602,23
26603,1
26604,2
26605,8
26606,36
26607,23
26608,7
26609,7
26610,1
26611,3
26612,4
26613,23
26614,9
26615,5
26616,0
26617,7
26618,5
26619,2
26620,6
26621,24
26622,43
26623,27
26624,3
26625,1
26626,2
26627,28
26628,1
26629,6
26630,20
26631,28
26632,28
26633,5
26634,13
26635,14
26636,0
26637,22
26638,1
26639,28
26640,1
26641,8
26642,5
26643,35
26644,1
26645,28
26646,9
26647,46
26648,21
26649,3
26650,30
26651,5
26652,30
26653,55
26654,53
26655,19
26656,46
26657,5
26658,9
26659,9
26660,6
26661,9
26662,2
26663,4
26664,55
26665,19
26666,6
26667,0
26668,2
26669,16
26670,8
26671,27
26672,30
26673,46
26674,55
26675,9
26676,40
26677,55
26678,13
26679,43
26680,4
26681,28
26682,2
26683,9
26684,1
26685,53
26686,8
26687,6
26688,55
26689,8
26690,7
26691,40
26692,12
26693,27
26694,0
26695,40
26696,23
26697,6
26698,8
26699,9
26700,49
26701,3
26702,39
26703,3
26704,39
26705,12
26706,11
26707,9
26708,55
26709,5
26710,4
26711,28
26712,20
26713,59
26714,40
26715,3
26716,4
26717,28
26718,12
26719,46
26720,21
26721,4
26722,0
26723,7
26724,40
26725,28
26726,30
26727,14
26728,27
26729,0
26730,5
26731,57
26732,6
26733,0
26734,1
26735,4
26736,28
26737,3
26738,23
26739,25
26740,4
26741,18
26742,0
26743,49
26744,9
26745,0
26746,3
26747,7
26748,7
26749,4
26750,7
26751,6
26752,45
26753,47
26754,36
26755,5
26756,5
26757,55
26758,1
26759,27
26760,3
26761,0
26762,9
26763,25
26764,39
26765,37
26766,3
26767,53
26768,1
26769,8
26770,4
26771,28
26772,8
26773,6
26774,4
26775,4
26776,40
26777,3
26778,9
26779,18
26780,4
26781,8
26782,53
26783,1
26784,40
26785,3
26786,0
26787,15
26788,7
26789,28
26790,30
26791,6
26792,5
26793,8
26794,1
26795,1
26796,28
26797,4
26798,15
26799,11
26800,17
26801,18
26802,0
26803,15
26804,9
26805,21
26806,55
26807,7
26808,37
26809,9
26810,40
26811,2
26812,4
26813,49
26814,1
26815,31
26816,8
26817,5
26818,27
26819,18
26820,2
26821,9
26822,47
26823,17
26824,2
26825,28
26826,9
26827,53
26828,55
26829,3
26830,1
26831,19
26832,1
26833,22
26834,2
26835,2
26836,55
26837,15
26838,1
26839,5
26840,3
26841,6
26842,25
26843,0
26844,5
26845,14
26846,40
26847,30
26848,49
26849,6
26850,12
26851,13
26852,5
26853,43
26854,16
26855,28
26856,2
26857,21
26858,2
26859,47
26860,1
26861,7
26862,3
26863,9
26864,8
26865,28
26866,7
26867,3
26868,15
26869,8
26870,26
26871,43
26872,40
26873,43
26874,18
26875,0
26876,5
26877,4
26878,3
26879,36
26880,53
26881,30
26882,8
26883,12
26884,1
26885,49
26886,14
26887,8
26888,7
26889,5
26890,13
26891,9
26892,3
26893,0
26894,7
26895,40
26896,8
26897,40
26898,3
26899,2
26900,23
26901,7
26902,7
26903,7
26904,49
26905,53
26906,8
26907,2
26908,1
26909,4
26910,10
26911,7
26912,1
26913,1
26914,4
26915,55
26916,39
26917,2
26918,5
26919,33
26920,9
26921,9
26922,0
26923,25
26924,8
26925,9
26926,52
26927,3
26928,4
26929,6
26930,24
26931,1
26932,40
26933,1
26934,7
26935,1
26936,28
26937,40
26938,0
26939,0
26940,40
26941,5
26942,1
26943,39
26944,32
26945,0
26946,40
26947,45
26948,8
26949,10
26950,4
26951,9
26952,36
26953,9
26954,19
26955,9
26956,9
26957,55
26958,7
26959,31
26960,9
26961,7
26962,4
26963,6
26964,2
26965,43
26966,18
26967,28
26968,5
26969,7
26970,1
26971,3
26972,40
26973,35
26974,24
26975,9
26976,29
26977,3
26978,9
26979,1
26980,21
26981,8
26982,28
26983,9
26984,2
26985,24
26986,3
26987,28
26988,9
26989,1
26990,3
26991,18
26992,4
26993,1
26994,22
26995,12
26996,30
26997,17
26998,4
26999,0
27000,9
27001,24
27002,4
27003,31
27004,4
27005,3
27006,19
27007,13
27008,9
27009,40
27010,1
27011,15
27012,4
27013,3
27014,6
27015,8
27016,15
27017,28
27018,7
27019,0
27020,28
27021,5
27022,24
27023,37
27024,4
27025,2
27026,3
27027,11
27028,28
27029,23
27030,30
27031,49
27032,5
27033,8
27034,8
27035,22
27036,8
27037,24
27038,4
27039,1
27040,28
27041,4
27042,5
27043,11
27044,6
27045,7
27046,11
27047,40
27048,47
27049,7
27050,23
27051,9
27052,7
27053,0
27054,15
27055,4
27056,2
27057,43
27058,49
27059,0
27060,30
27061,1
27062,1
27063,31
27064,4
27065,28
27066,55
27067,5
27068,8
27069,6
27070,29
27071,4
27072,3
27073,29
27074,3
27075,42
27076,7
27077,44
27078,0
27079,1
27080,9
27081,9
27082,40
27083,9
27084,37
27085,3
27086,40
27087,8
27088,2
27089,32
27090,4
27091,24
27092,12
27093,5
27094,44
27095,25
27096,3
27097,30
27098,3
27099,0
27100,33
27101,19
27102,28
27103,5
27104,59
27105,2
27106,21
27107,49
27108,30
27109,6
27110,13
27111,0
27112,7
27113,8
27114,15
27115,13
27116,42
27117,9
27118,8
27119,0
27120,8
27121,5
27122,53
27123,7
27124,4
27125,31
27126,1
27127,8
27128,10
27129,24
27130,9
27131,30
27132,9
27133,15
27134,6
27135,9
27136,6
27137,23
27138,2
27139,55
27140,6
27141,17
27142,4
27143,6
27144,13
27145,18
27146,5
27147,5
27148,49
27149,30
27150,28
27151,25
27152,0
27153,3
27154,0
27155,36
27156,5
27157,27
27158,7
27159,55
27160,1
27161,1
27162,15
27163,7
27164,22
27165,8
27166,39
27167,13
27168,9
27169,35
27170,58
27171,7
27172,4
27173,7
27174,9
27175,3
27176,3
27177,4
27178,2
27179,0
27180,1
27181,53
27182,22
27183,7
27184,5
27185,9
27186,2
27187,8
27188,40
27189,0
27190,28
27191,10
27192,56
27193,11
27194,25
27195,22
27196,0
27197,2
27198,23
27199,12
27200,1
27201,36
27202,9
27203,17
27204,15
27205,30
27206,0
27207,22
27208,28
27209,1
27210,5
27211,1
27212,17
27213,14
27214,1
27215,43
27216,7
27217,17
27218,9
27219,18
27220,7
27221,30
27222,9
27223,55
27224,4
27225,5
27226,28
27227,55
27228,9
27229,7
27230,49
27231,25
27232,40
27233,53
27234,25
27235,28
27236,20
27237,49
27238,5
27239,30
27240,1
27241,8
27242,2
27243,0
27244,6
27245,4
27246,0
27247,8
27248,14
27249,22
27250,28
27251,7
27252,2
27253,22
27254,61
27255,1
27256,3
27257,4
27258,6
27259,7
27260,1
27261,6
27262,18
27263,2
27264,40
27265,25
27266,3
27267,22
27268,12
27269,1
27270,6
27271,55
27272,9
27273,1
27274,24
27275,31
27276,5
27277,7
27278,14
27279,8
27280,7
27281,3
27282,6
27283,5
27284,40
27285,53
27286,8
27287,2
27288,9
27289,1
27290,2
27291,0
27292,3
27293,14
27294,2
27295,7
27296,25
27297,4
27298,9
27299,1
27300,1
27301,47
27302,1
27303,1
27304,14
27305,36
27306,36
27307,9
27308,39
27309,7
27310,6
27311,8
27312,5
27313,5
27314,18
27315,8
27316,40
27317,8
27318,7
27319,40
27320,5
27321,2
27322,49
27323,3
27324,0
27325,55
27326,4
27327,24
27328,10
27329,8
27330,5
27331,36
27332,9
27333,7
27334,28
27335,61
27336,40
27337,53
27338,25
27339,53
27340,9
27341,39
27342,5
27343,31
27344,5
27345,28
27346,3
27347,2
27348,55
27349,28
27350,2
27351,24
27352,0
27353,6
27354,43
27355,24
27356,3
27357,7
27358,1
27359,2
27360,33
27361,6
27362,1
27363,2
27364,28
27365,2
27366,30
27367,9
27368,11
27369,3
27370,36
27371,1
27372,21
27373,7
27374,30
27375,2
27376,4
27377,3
27378,7
27379,0
27380,1
27381,9
27382,5
27383,7
27384,9
27385,6
27386,22
27387,12
27388,55
27389,11
27390,5
27391,28
27392,5
27393,25
27394,10
27395,49
27396,24
27397,4
27398,15
27399,19
27400,53
27401,24
27402,0
27403,12
27404,6
27405,0
27406,1
27407,3
27408,0
27409,1
27410,0
27411,13
27412,3
27413,2
27414,24
27415,32
27416,5
27417,49
27418,9
27419,16
27420,24
27421,40
27422,39
27423,31
27424,61
27425,31
27426,3
27427,8
27428,8
27429,3
27430,52
27431,5
27432,40
27433,1
27434,5
27435,0
27436,55
27437,30
27438,18
27439,6
27440,4
27441,0
27442,24
27443,28
27444,21
27445,1
27446,21
27447,9
27448,4
27449,2
27450,5
27451,6
27452,36
27453,26
27454,55
27455,24
27456,9
27457,12
27458,0
27459,4
27460,3
27461,25
27462,1
27463,30
27464,2
27465,6
27466,3
27467,8
27468,14
27469,58
27470,8
27471,9
27472,2
27473,7
27474,4
27475,1
27476,8
27477,4
27478,9
27479,28
27480,0
27481,7
27482,7
27483,29
27484,40
27485,9
27486,1
27487,9
27488,8
27489,0
27490,3
27491,2
27492,0
27493,37
27494,9
27495,7
27496,30
27497,3
27498,2
27499,15
27500,10
27501,3
27502,55
27503,1
27504,1
27505,24
27506,0
27507,2
27508,24
27509,18
27510,8
27511,55
27512,28
27513,25
27514,11
27515,3
27516,21
27517,5
27518,25
27519,0
27520,15
27521,15
27522,28
27523,2
27524,27
27525,47
27526,4
27527,24
27528,40
27529,1
27530,9
27531,3
27532,3
27533,7
27534,53
27535,9
27536,1
27537,29
27538,6
27539,28
27540,27
27541,2
27542,24
27543,55
27544,55
27545,1
27546,0
27547,5
27548,6
27549,4
27550,9
27551,49
27552,1
27553,9
27554,0
27555,53
27556,7
27557,25
27558,16
27559,28
27560,0
27561,18
27562,5
27563,10
27564,22
27565,1
27566,4
27567,2
27568,2
27569,4
27570,36
27571,19
27572,3
27573,18
27574,2
27575,17
27576,33
27577,3
27578,49
27579,16
27580,36
27581,58
27582,30
27583,3
27584,1
27585,40
27586,6
27587,2
27588,0
27589,28
27590,29
27591,4
27592,6
27593,37
27594,53
27595,28
27596,9
27597,5
27598,1
27599,8
27600,53
27601,12
27602,1
27603,28
27604,32
27605,5
27606,53
27607,29
27608,59
27609,0
27610,28
27611,0
27612,7
27613,2
27614,9
27615,30
27616,1
27617,4
27618,40
27619,7
27620,6
27621,33
27622,6
27623,2
27624,1
27625,28
27626,27
27627,25
27628,9
27629,10
27630,8
27631,4
27632,40
27633,7
27634,7
27635,4
27636,7
27637,43
27638,39
27639,3
27640,40
27641,31
27642,6
27643,36
27644,6
27645,36
27646,5
27647,1
27648,22
27649,28
27650,55
27651,24
27652,8
27653,4
27654,1
27655,1
27656,37
27657,7
27658,23
27659,9
27660,4
27661,1
27662,7
27663,0
27664,4
27665,47
27666,25
27667,53
27668,3
27669,28
27670,9
27671,55
27672,21
27673,24
27674,36
27675,8
27676,10
27677,47
27678,0
27679,4
27680,5
27681,27
27682,53
27683,1
27684,15
27685,2
27686,9
27687,24
27688,55
27689,58
27690,28
27691,1
27692,18
27693,39
27694,1
27695,40
27696,55
27697,24
27698,2
27699,23
27700,36
27701,6
27702,10
27703,49
27704,8
27705,3
27706,3
27707,22
27708,18
27709,1
27710,8
27711,4
27712,53
27713,28
27714,29
27715,15
27716,0
27717,40
27718,7
27719,5
27720,33
27721,9
27722,3
27723,11
27724,9
27725,2
27726,0
27727,44
27728,0
27729,13
27730,0
27731,3
27732,3
27733,43
27734,9
27735,14
27736,1
27737,8
27738,35
27739,7
27740,24
27741,58
27742,23
27743,7
27744,9
27745,4
27746,8
27747,59
27748,0
27749,28
27750,40
27751,15
27752,1
27753,6
27754,10
27755,28
27756,30
27757,55
27758,10
27759,3
27760,0
27761,6
27762,3
27763,35
27764,5
27765,43
27766,39
27767,23
27768,55
27769,49
27770,24
27771,25
27772,3
27773,11
27774,8
27775,4
27776,28
27777,5
27778,1
27779,3
27780,53
27781,1
27782,29
27783,32
27784,7
27785,55
27786,1
27787,3
27788,9
27789,24
27790,31
27791,3
27792,6
27793,40
27794,1
27795,27
27796,22
27797,53
27798,9
27799,2
27800,8
27801,34
27802,39
27803,1
27804,24
27805,0
27806,39
27807,7
27808,9
27809,0
27810,0
27811,11
27812,0
27813,9
27814,6
27815,8
27816,2
27817,7
27818,23
27819,1
27820,8
27821,7
27822,49
27823,20
27824,0
27825,30
27826,30
27827,43
27828,12
27829,36
27830,9
27831,3
27832,7
27833,6
27834,1
27835,6
27836,17
27837,7
27838,8
27839,12
27840,7
27841,2
27842,46
27843,25
27844,9
27845,6
27846,0
27847,23
27848,36
27849,1
27850,43
27851,5
27852,23
27853,9
27854,31
27855,1
27856,30
27857,55
27858,13
27859,2
27860,4
27861,9
27862,0
27863,18
27864,6
27865,1
27866,61
27867,22
27868,4
27869,1
27870,9
27871,23
27872,12
27873,40
27874,28
27875,5
27876,40
27877,40
27878,55
27879,9
27880,55
27881,9
27882,4
27883,14
27884,29
27885,23
27886,4
27887,55
27888,49
27889,3
27890,4
27891,28
27892,1
27893,4
27894,7
27895,31
27896,9
27897,53
27898,8
27899,8
27900,3
27901,4
27902,3
27903,4
27904,24
27905,0
27906,9
27907,6
27908,40
27909,1
27910,1
27911,6
27912,12
27913,9
27914,3
27915,33
27916,13
27917,7
27918,5
27919,27
27920,9
27921,3
27922,19
27923,2
27924,40
27925,43
27926,59
27927,40
27928,23
27929,7
27930,18
27931,8
27932,21
27933,5
27934,0
27935,22
27936,3
27937,2
27938,2
27939,24
27940,6
27941,28
27942,1
27943,29
27944,22
27945,1
27946,40
27947,4
27948,36
27949,3
27950,1
27951,16
27952,18
27953,19
27954,1
27955,22
27956,24
27957,5
27958,1
27959,40
27960,9
27961,39
27962,53
27963,8
27964,40
27965,3
27966,7
27967,4
27968,18
27969,7
27970,1
27971,6
27972,8
27973,25
27974,37
27975,42
27976,40
27977,55
27978,29
27979,0
27980,28
27981,0
27982,3
27983,49
27984,1
27985,12
27986,6
27987,4
27988,9
27989,59
27990,0
27991,13
27992,42
27993,55
27994,13
27995,28
27996,28
27997,8
27998,7
27999,24
28000,0
28001,4
28002,7
28003,0
28004,11
28005,1
28006,35
28007,4
28008,3
28009,3
28010,9
28011,24
28012,30
28013,2
28014,28
28015,28
28016,5
28017,7
28018,13
28019,9
28020,43
28021,3
28022,0
28023,16
28024,31
28025,28
28026,4
28027,47
28028,47
28029,17
28030,4
28031,0
28032,11
28033,49
28034,30
28035,28
28036,0
28037,5
28038,31
28039,2
28040,34
28041,29
28042,1
28043,40
28044,47
28045,23
28046,3
28047,5
28048,7
28049,9
28050,0
28051,12
28052,30
28053,40
28054,15
28055,9
28056,5
28057,39
28058,1
28059,1
28060,18
28061,6
28062,0
28063,55
28064,2
28065,24
28066,10
28067,22
28068,5
28069,1
28070,3
28071,1
28072,28
28073,24
28074,3
28075,0
28076,15
28077,5
28078,28
28079,53
28080,10
28081,7
28082,6
28083,2
28084,6
28085,40
28086,40
28087,4
28088,40
28089,5
28090,8
28091,3
28092,28
28093,3
28094,8
28095,0
28096,36
28097,5
28098,1
28099,25
28100,55
28101,2
28102,22
28103,8
28104,12
28105,52
28106,3
28107,1
28108,32
28109,4
28110,0
28111,7
28112,3
28113,9
28114,7
28115,6
28116,24
28117,23
28118,1
28119,8
28120,1
28121,18
28122,28
28123,24
28124,1
28125,36
28126,7
28127,2
28128,3
28129,4
28130,5
28131,0
28132,2
28133,3
28134,43
28135,15
28136,18
28137,6
28138,34
28139,6
28140,3
28141,7
28142,24
28143,3
28144,9
28145,8
28146,55
28147,3
28148,2
28149,4
28150,7
28151,1
28152,28
28153,40
28154,55
28155,9
28156,26
28157,9
28158,24
28159,2
28160,30
28161,23
28162,0
28163,55
28164,39
28165,8
28166,18
28167,1
28168,5
28169,15
28170,40
28171,47
28172,4
28173,18
28174,9
28175,0
28176,7
28177,1
28178,40
28179,31
28180,55
28181,30
28182,7
28183,0
28184,7
28185,5
28186,59
28187,4
28188,4
28189,2
28190,1
28191,24
28192,9
28193,34
28194,3
28195,26
28196,47
28197,2
28198,24
28199,4
28200,61
28201,5
28202,59
28203,3
28204,3
28205,30
28206,4
28207,14
28208,7
28209,29
28210,36
28211,42
28212,24
28213,0
28214,7
28215,49
28216,22
28217,43
28218,22
28219,25
28220,3
28221,5
28222,11
28223,9
28224,8
28225,29
28226,4
28227,60
28228,6
28229,3
28230,2
28231,49
28232,30
28233,49
28234,7
28235,0
28236,59
28237,37
28238,4
28239,9
28240,6
28241,5
28242,24
28243,49
28244,59
28245,0
28246,12
28247,12
28248,16
28249,0
28250,28
28251,24
28252,40
28253,1
28254,6
28255,7
28256,0
28257,31
28258,24
28259,3
28260,55
28261,24
28262,0
28263,1
28264,7
28265,9
28266,6
28267,31
28268,1
28269,24
28270,9
28271,2
28272,2
28273,4
28274,1
28275,33
28276,28
28277,53
28278,53
28279,0
28280,24
28281,2
28282,2
28283,12
28284,30
28285,1
28286,5
28287,22
28288,25
28289,1
28290,4
28291,6
28292,58
28293,23
28294,7
28295,24
28296,15
28297,23
28298,3
28299,1
28300,7
28301,6
28302,56
28303,53
28304,2
28305,7
28306,36
28307,59
28308,23
28309,6
28310,0
28311,8
28312,8
28313,17
28314,8
28315,2
28316,1
28317,0
28318,5
28319,28
28320,14
28321,4
28322,53
28323,46
28324,27
28325,44
28326,3
28327,21
28328,43
28329,14
28330,1
28331,7
28332,5
28333,7
28334,4
28335,39
28336,8
28337,7
28338,1
28339,6
28340,15
28341,1
28342,49
28343,1
28344,40
28345,31
28346,47
28347,55
28348,36
28349,9
28350,55
28351,46
28352,4
28353,1
28354,40
28355,23
28356,25
28357,47
28358,23
28359,55
28360,11
28361,36
28362,12
28363,25
28364,5
28365,23
28366,43
28367,8
28368,18
28369,9
28370,0
28371,37
28372,40
28373,40
28374,12
28375,8
28376,5
28377,28
28378,8
28379,2
28380,7
28381,37
28382,36
28383,36
28384,2
28385,0
28386,6
28387,40
28388,8
28389,55
28390,2
28391,8
28392,0
28393,2
28394,0
28395,6
28396,3
28397,36
28398,2
28399,24
28400,22
28401,8
28402,44
28403,0
28404,28
28405,3
28406,18
28407,40
28408,4
28409,49
28410,0
28411,6
28412,59
28413,17
28414,1
28415,22
28416,3
28417,0
28418,4
28419,18
28420,30
28421,28
28422,7
28423,0
28424,53
28425,24
28426,28
28427,43
28428,0
28429,49
28430,37
28431,4
28432,53
28433,22
28434,53
28435,43
28436,6
28437,28
28438,4
28439,28
28440,3
28441,5
28442,30
28443,17
28444,53
28445,4
28446,30
28447,2
28448,30
28449,24
28450,8
28451,13
28452,60
28453,19
28454,8
28455,8
28456,8
28457,7
28458,17
28459,39
28460,3
28461,30
28462,25
28463,1
28464,6
28465,6
28466,19
28467,40
28468,59
28469,18
28470,0
28471,23
28472,13
28473,31
28474,28
28475,2
28476,23
28477,2
28478,4
28479,3
28480,40
28481,5
28482,1
28483,24
28484,9
28485,28
28486,2
28487,40
28488,3
28489,28
28490,9
28491,3
28492,23
28493,43
28494,4
28495,9
28496,7
28497,0
28498,55
28499,7
28500,7
28501,6
28502,6
28503,4
28504,2
28505,15
28506,6
28507,53
28508,13
28509,6
28510,40
28511,1
28512,0
28513,30
28514,3
28515,22
28516,15
28517,9
28518,1
28519,22
28520,27
28521,18
28522,55
28523,16
28524,18
28525,36
28526,2
28527,7
28528,15
28529,3
28530,4
28531,29
28532,6
28533,9
28534,30
28535,40
28536,36
28537,7
28538,32
28539,5
28540,0
28541,24
28542,37
28543,4
28544,4
28545,3
28546,6
28547,43
28548,28
28549,12
28550,28
28551,34
28552,23
28553,3
28554,29
28555,12
28556,9
28557,17
28558,6
28559,1
28560,15
28561,10
28562,15
28563,5
28564,18
28565,0
28566,39
28567,39
28568,15
28569,1
28570,25
28571,55
28572,2
28573,8
28574,28
28575,12
28576,53
28577,30
28578,9
28579,9
28580,2
28581,40
28582,2
28583,7
28584,47
28585,12
28586,29
28587,5
28588,30
28589,32
28590,45
28591,0
28592,55
28593,6
28594,53
28595,22
28596,29
28597,0
28598,39
28599,22
28600,7
28601,17
28602,40
28603,40
28604,30
28605,3
28606,49
28607,22
28608,8
28609,24
28610,19
28611,1
28612,8
28613,15
28614,4
28615,6
28616,8
28617,40
28618,0
28619,28
28620,40
28621,36
28622,4
28623,49
28624,2
28625,8
28626,19
28627,4
28628,9
28629,10
28630,30
28631,7
28632,28
28633,40
28634,53
28635,5
28636,5
28637,8
28638,4
28639,19
28640,6
28641,55
28642,1
28643,24
28644,2
28645,58
28646,3
28647,53
28648,0
28649,1
28650,6
28651,7
28652,53
28653,25
28654,2
28655,53
28656,12
28657,8
28658,46
28659,5
28660,12
28661,2
28662,12
28663,2
28664,24
28665,7
28666,5
28667,7
28668,6
28669,5
28670,0
28671,14
28672,49
28673,3
28674,21
28675,2
28676,1
28677,8
28678,2
28679,29
28680,29
28681,43
28682,6
28683,18
28684,2
28685,6
28686,55
28687,40
28688,4
28689,53
28690,1
28691,0
28692,9
28693,9
28694,3
28695,7
28696,2
28697,28
28698,4
28699,5
28700,29
28701,1
28702,9
28703,24
28704,1
28705,1
28706,0
28707,30
28708,29
28709,7
28710,22
28711,7
28712,3
28713,0
28714,4
28715,2
28716,30
28717,6
28718,10
28719,60
28720,2
28721,5
28722,28
28723,0
28724,49
28725,6
28726,9
28727,7
28728,32
28729,47
28730,6
28731,39
28732,61
28733,2
28734,31
28735,40
28736,29
28737,47
28738,39
28739,29
28740,5
28741,43
28742,2
28743,40
28744,7
28745,1
28746,12
28747,9
28748,25
28749,9
28750,55
28751,35
28752,12
28753,28
28754,22
28755,1
28756,0
28757,6
28758,4
28759,8
28760,36
28761,14
28762,17
28763,40
28764,30
28765,28
28766,36
28767,36
28768,55
28769,15
28770,9
28771,23
28772,9
28773,40
28774,0
28775,10
28776,4
28777,9
28778,44
28779,5
28780,8
28781,2
28782,5
28783,7
28784,9
28785,1
28786,6
28787,3
28788,40
28789,5
28790,9
28791,9
28792,1
28793,1
28794,1
28795,1
28796,36
28797,17
28798,1
28799,4
28800,8
28801,30
28802,2
28803,4
28804,1
28805,7
28806,4
28807,5
28808,9
28809,40
28810,0
28811,0
28812,44
28813,18
28814,6
28815,3
28816,24
28817,40
28818,1
28819,0
28820,8
28821,14
28822,4
28823,9
28824,9
28825,39
28826,4
28827,55
28828,0
28829,39
28830,37
28831,9
28832,8
28833,40
28834,28
28835,0
28836,43
28837,8
28838,29
28839,5
28840,3
28841,28
28842,25
28843,43
28844,1
28845,3
28846,58
28847,5
28848,0
28849,2
28850,15
28851,0
28852,8
28853,1
28854,35
28855,39
28856,6
28857,5
28858,9
28859,49
28860,25
28861,36
28862,58
28863,8
28864,4
28865,6
28866,4
28867,39
28868,28
28869,2
28870,22
28871,29
28872,21
28873,30
28874,5
28875,13
28876,9
28877,23
28878,8
28879,7
28880,55
28881,35
28882,2
28883,11
28884,5
28885,21
28886,12
28887,25
28888,49
28889,6
28890,45
28891,18
28892,10
28893,39
28894,28
28895,43
28896,10
28897,22
28898,6
28899,39
28900,4
28901,12
28902,31
28903,40
28904,6
28905,40
28906,22
28907,3
28908,28
28909,28
28910,12
28911,47
28912,19
28913,53
28914,2
28915,7
28916,0
28917,3
28918,2
28919,36
28920,25
28921,59
28922,14
28923,37
28924,23
28925,6
28926,23
28927,9
28928,22
28929,36
28930,23
28931,24
28932,30
28933,36
28934,28
28935,1
28936,47
28937,42
28938,2
28939,30
28940,18
28941,2
28942,8
28943,7
28944,2
28945,24
28946,29
28947,3
28948,7
28949,6
28950,9
28951,55
28952,39
28953,2
28954,40
28955,4
28956,3
28957,32
28958,2
28959,6
28960,4
28961,14
28962,40
28963,6
28964,18
28965,12
28966,6
28967,31
28968,1
28969,53
28970,23
28971,5
28972,1
28973,2
28974,8
28975,6
28976,0
28977,8
28978,8
28979,4
28980,2
28981,1
28982,4
28983,2
28984,1
28985,1
28986,0
28987,0
28988,33
28989,37
28990,36
28991,9
28992,12
28993,1
28994,17
28995,8
28996,49
28997,39
28998,8
28999,40
29000,6
29001,15
29002,3
29003,8
29004,8
29005,40
29006,2
29007,8
29008,15
29009,7
29010,55
29011,6
29012,1
29013,3
29014,40
29015,4
29016,10
29017,4
29018,9
29019,6
29020,11
29021,23
29022,53
29023,40
29024,43
29025,3
29026,24
29027,1
29028,17
29029,4
29030,0
29031,22
29032,3
29033,3
29034,4
29035,61
29036,8
29037,3
29038,2
29039,5
29040,22
29041,37
29042,2
29043,4
29044,4
29045,1
29046,7
29047,15
29048,36
29049,27
29050,30
29051,6
29052,16
29053,3
29054,1
29055,1
29056,6
29057,7
29058,9
29059,7
29060,12
29061,24
29062,22
29063,30
29064,12
29065,5
29066,9
29067,24
29068,2
29069,0
29070,2
29071,33
29072,6
29073,49
29074,1
29075,0
29076,56
29077,28
29078,6
29079,2
29080,0
29081,18
29082,3
29083,15
29084,1
29085,2
29086,1
29087,1
29088,39
29089,0
29090,17
29091,25
29092,39
29093,2
29094,22
29095,40
29096,2
29097,1
29098,1
29099,31
29100,28
29101,0
29102,0
29103,2
29104,22
29105,8
29106,0
29107,40
29108,40
29109,7
29110,8
29111,13
29112,2
29113,21
29114,5
29115,5
29116,3
29117,1
29118,9
29119,18
29120,9
29121,3
29122,0
29123,31
29124,1
29125,3
29126,43
29127,49
29128,8
29129,6
29130,0
29131,1
29132,9
29133,46
29134,29
29135,2
29136,0
29137,1
29138,28
29139,30
29140,7
29141,22
29142,43
29143,5
29144,10
29145,23
29146,31
29147,34
29148,30
29149,30
29150,6
29151,24
29152,32
29153,1
29154,3
29155,3
29156,1
29157,12
29158,3
29159,24
29160,24
29161,47
29162,47
29163,4
29164,16
29165,0
29166,36
29167,0
29168,4
29169,55
29170,1
29171,1
29172,6
29173,2
29174,28
29175,40
29176,27
29177,30
29178,17
29179,28
29180,41
29181,0
29182,2
29183,8
29184,0
29185,11
29186,31
29187,8
29188,15
29189,8
29190,9
29191,15
29192,40
29193,4
29194,29
29195,1
29196,17
29197,22
29198,8
29199,1
29200,18
29201,17
29202,40
29203,22
29204,17
29205,1
29206,6
29207,28
29208,5
29209,2
29210,0
29211,59
29212,9
29213,5
29214,0
29215,0
29216,53
29217,15
29218,8
29219,4
29220,18
29221,0
29222,30
29223,5
29224,16
29225,9
29226,0
29227,39
29228,2
29229,15
29230,35
29231,22
29232,2
29233,0
29234,40
29235,6
29236,2
29237,8
29238,12
29239,30
29240,30
29241,53
29242,1
29243,6
29244,8
29245,55
29246,4
29247,25
29248,18
29249,1
29250,24
29251,30
29252,2
29253,5
29254,3
29255,60
29256,25
29257,15
29258,28
29259,55
29260,6
29261,1
29262,28
29263,40
29264,55
29265,4
29266,39
29267,2
29268,30
29269,5
29270,22
29271,4
29272,1
29273,7
29274,43
29275,7
29276,3
29277,10
29278,4
29279,1
29280,9
29281,37
29282,4
29283,0
29284,8
29285,40
29286,24
29287,19
29288,4
29289,31
29290,20
29291,4
29292,53
29293,49
29294,9
29295,27
29296,1
29297,9
29298,2
29299,55
29300,7
29301,0
29302,40
29303,5
29304,40
29305,3
29306,9
29307,33
29308,2
29309,3
29310,8
29311,22
29312,3
29313,40
29314,59
29315,1
29316,8
29317,6
29318,3
29319,4
29320,6
29321,8
29322,1
29323,49
29324,8
29325,0
29326,6
29327,43
29328,47
29329,53
29330,27
29331,1
29332,0
29333,6
29334,18
29335,8
29336,0
29337,43
29338,14
29339,0
29340,2
29341,22
29342,1
29343,55
29344,2
29345,17
29346,36
29347,8
29348,1
29349,2
29350,4
29351,6
29352,10
29353,24
29354,53
29355,2
29356,25
29357,30
29358,8
29359,7
29360,1
29361,1
29362,12
29363,4
29364,12
29365,1
29366,25
29367,53
29368,1
29369,13
29370,40
29371,4
29372,4
29373,40
29374,55
29375,0
29376,39
29377,3
29378,55
29379,8
29380,5
29381,7
29382,40
29383,5
29384,1
29385,60
29386,3
29387,30
29388,4
29389,43
29390,7
29391,55
29392,10
29393,15
29394,4
29395,0
29396,19
29397,31
29398,3
29399,40
29400,9
29401,36
29402,5
29403,22
29404,8
29405,5
29406,58
29407,8
29408,28
29409,47
29410,25
29411,2
29412,8
29413,0
29414,3
29415,1
29416,0
29417,0
29418,55
29419,30
29420,4
29421,6
29422,2
29423,33
29424,5
29425,53
29426,9
29427,7
29428,8
29429,10
29430,4
29431,52
29432,21
29433,55
29434,12
29435,55
29436,55
29437,30
29438,24
29439,21
29440,6
29441,3
29442,0
29443,22
29444,6
29445,0
29446,0
29447,31
29448,24
29449,23
29450,4
29451,55
29452,1
29453,43
29454,2
29455,22
29456,18
29457,1
29458,7
29459,25
29460,1
29461,25
29462,40
29463,12
29464,0
29465,1
29466,4
29467,4
29468,0
29469,8
29470,4
29471,2
29472,9
29473,19
29474,8
29475,0
29476,55
29477,4
29478,0
29479,1
29480,3
29481,5
29482,12
29483,30
29484,61
29485,21
29486,28
29487,1
29488,3
29489,7
29490,9
29491,3
29492,1
29493,4
29494,0
29495,5
29496,34
29497,28
29498,10
29499,55
29500,8
29501,49
29502,8
29503,12
29504,49
29505,7
29506,8
29507,7
29508,53
29509,40
29510,0
29511,36
29512,7
29513,29
29514,0
29515,49
29516,12
29517,8
29518,2
29519,34
29520,1
29521,8
29522,40
29523,0
29524,6
29525,55
29526,9
29527,25
29528,5
29529,7
29530,2
29531,21
29532,6
29533,3
29534,2
29535,23
29536,7
29537,6
29538,3
29539,40
29540,37
29541,5
29542,3
29543,6
29544,7
29545,3
29546,40
29547,1
29548,59
29549,8
29550,0
29551,7
29552,4
29553,7
29554,40
29555,22
29556,16
29557,6
29558,42
29559,40
29560,24
29561,4
29562,3
29563,59
29564,34
29565,28
29566,43
29567,30
29568,34
29569,55
29570,29
29571,1
29572,1
29573,9
29574,4
29575,2
29576,34
29577,53
29578,3
29579,39
29580,9
29581,4
29582,30
29583,40
29584,28
29585,11
29586,5
29587,28
29588,34
29589,9
29590,11
29591,28
29592,27
29593,24
29594,0
29595,5
29596,33
29597,5
29598,2
29599,39
29600,10
29601,30
29602,42
29603,12
29604,49
29605,29
29606,46
29607,3
29608,10
29609,8
29610,0
29611,6
29612,3
29613,9
29614,26
29615,22
29616,3
29617,4
29618,5
29619,4
29620,7
29621,55
29622,40
29623,61
29624,12
29625,3
29626,6
29627,56
29628,9
29629,7
29630,5
29631,6
29632,0
29633,4
29634,29
29635,5
29636,8
29637,5
29638,0
29639,30
29640,4
29641,5
29642,1
29643,7
29644,0
29645,37
29646,1
29647,0
29648,6
29649,0
29650,53
29651,2
29652,8
29653,55
29654,40
29655,18
29656,2
29657,53
29658,1
29659,6
29660,39
29661,1
29662,6
29663,30
29664,4
29665,23
29666,8
29667,20
29668,18
29669,31
29670,8
29671,1
29672,2
29673,0
29674,13
29675,43
29676,28
29677,6
29678,1
29679,29
29680,1
29681,0
29682,0
29683,23
29684,22
29685,28
29686,18
29687,14
29688,8
29689,0
29690,14
29691,39
29692,8
29693,9
29694,55
29695,57
29696,12
29697,9
29698,6
29699,7
29700,4
29701,4
29702,1
29703,43
29704,7
29705,6
29706,8
29707,1
29708,5
29709,9
29710,21
29711,2
29712,1
29713,19
29714,1
29715,29
29716,1
29717,27
29718,1
29719,6
29720,0
29721,0
29722,0
29723,28
29724,9
29725,8
29726,61
29727,1
29728,20
29729,9
29730,28
29731,9
29732,1
29733,28
29734,39
29735,7
29736,28
29737,1
29738,33
29739,0
29740,23
29741,12
29742,14
29743,4
29744,17
29745,3
29746,12
29747,1
29748,30
29749,5
29750,18
29751,51
29752,55
29753,49
29754,24
29755,7
29756,7
29757,36
29758,53
29759,17
29760,55
29761,24
29762,9
29763,39
29764,9
29765,0
29766,22
29767,55
29768,6
29769,26
29770,28
29771,2
29772,9
29773,7
29774,4
29775,9
29776,1
29777,31
29778,19
29779,40
29780,40
29781,40
29782,4
29783,1
29784,1
29785,28
29786,55
29787,24
29788,4
29789,1
29790,1
29791,9
29792,29
29793,23
29794,9
29795,22
29796,4
29797,52
29798,9
29799,2
29800,1
29801,1
29802,43
29803,15
29804,2
29805,1
29806,6
29807,30
29808,1
29809,4
29810,49
29811,1
29812,43
29813,41
29814,53
29815,40
29816,28
29817,40
29818,2
29819,18
29820,1
29821,6
29822,31
29823,28
29824,1
29825,0
29826,28
29827,4
29828,2
29829,9
29830,6
29831,9
29832,25
29833,27
29834,36
29835,9
29836,36
29837,5
29838,1
29839,24
29840,22
29841,7
29842,0
29843,30
29844,39
29845,8
29846,6
29847,5
29848,25
29849,29
29850,0
29851,27
29852,46
29853,0
29854,60
29855,24
29856,4
29857,5
29858,58
29859,40
29860,55
29861,7
29862,3
29863,12
29864,22
29865,4
29866,28
29867,7
29868,55
29869,5
29870,45
29871,2
29872,0
29873,17
29874,40
29875,43
29876,0
29877,22
29878,1
29879,31
29880,4
29881,35
29882,30
29883,42
29884,31
29885,5
29886,37
29887,7
29888,1
29889,28
29890,8
29891,11
29892,23
29893,40
29894,6
29895,6
29896,6
29897,3
29898,4
29899,4
29900,9
29901,26
29902,22
29903,4
29904,5
29905,15
29906,1
29907,34
29908,31
29909,12
29910,39
29911,9
29912,24
29913,47
29914,8
29915,39
29916,0
29917,1
29918,11
29919,8
29920,39
29921,21
29922,23
29923,39
29924,1
29925,2
29926,0
29927,27
29928,5
29929,3
29930,40
29931,53
29932,4
29933,10
29934,7
29935,6
29936,20
29937,18
29938,0
29939,6
29940,4
29941,7
29942,2
29943,39
29944,1
29945,3
29946,39
29947,1
29948,53
29949,5
29950,44
29951,5
29952,0
29953,2
29954,1
29955,55
29956,2
29957,20
29958,53
29959,40
29960,8
29961,4
29962,53
29963,8
29964,55
29965,3
29966,0
29967,25
29968,37
29969,36
29970,61
29971,44
29972,23
29973,24
29974,53
29975,55
29976,53
29977,3
29978,7
29979,40
29980,32
29981,17
29982,4
29983,18
29984,6
29985,7
29986,43
29987,6
29988,8
29989,12
29990,55
29991,39
29992,3
29993,55
29994,1
29995,55
29996,24
29997,0
29998,23
29999,6
30000,24
30001,2
30002,5
30003,9
30004,0
30005,7
30006,3
30007,3
30008,1
30009,55
30010,2
30011,25
30012,1
30013,28
30014,12
30015,0
30016,49
30017,12
30018,1
30019,11
30020,3
30021,9
30022,15
30023,0
30024,24
30025,22
30026,1
30027,15
30028,7
30029,14
30030,9
30031,5
30032,19
30033,8
30034,30
30035,28
30036,39
30037,7
30038,40
30039,3
30040,4
30041,30
30042,30
30043,1
30044,0
30045,9
30046,3
30047,2
30048,4
30049,0
30050,24
30051,4
30052,53
30053,28
30054,9
30055,1
30056,0
30057,24
30058,28
30059,23
30060,2
30061,0
30062,8
30063,2
30064,1
30065,55
30066,8
30067,53
30068,40
30069,7
30070,31
30071,40
30072,5
30073,2
30074,40
30075,42
30076,23
30077,1
30078,30
30079,7
30080,1
30081,53
30082,7
30083,18
30084,2
30085,28
30086,7
30087,27
30088,43
30089,22
30090,44
30091,30
30092,25
30093,0
30094,14
30095,1
30096,7
30097,7
30098,1
30099,14
30100,28
30101,7
30102,5
30103,30
30104,24
30105,3
30106,7
30107,20
30108,18
30109,9
30110,6
30111,1
30112,4
30113,5
30114,28
30115,6
30116,2
30117,2
30118,49
30119,31
30120,31
30121,12
30122,23
30123,2
30124,22
30125,6
30126,24
30127,31
30128,6
30129,7
30130,0
30131,2
30132,5
30133,12
30134,2
30135,7
30136,0
30137,0
30138,61
30139,53
30140,17
30141,1
30142,22
30143,12
30144,4
30145,15
30146,2
30147,8
30148,27
30149,4
30150,34
30151,22
30152,5
30153,8
30154,4
30155,27
30156,47
30157,9
30158,20
30159,29
30160,53
30161,10
30162,9
30163,5
30164,8
30165,9
30166,3
30167,17
30168,1
30169,8
30170,4
30171,0
30172,5
30173,1
30174,30
30175,30
30176,25
30177,5
30178,25
30179,7
30180,1
30181,22
30182,4
30183,36
30184,29
30185,3
30186,39
30187,0
30188,55
30189,0
30190,9
30191,3
30192,5
30193,0
30194,0
30195,6
30196,2
30197,23
30198,22
30199,6
30200,29
30201,15
30202,25
30203,7
30204,30
30205,37
30206,9
30207,7
30208,5
30209,36
30210,14
30211,5
30212,3
30213,4
30214,9
30215,22
30216,2
30217,3
30218,40
30219,1
30220,53
30221,2
30222,28
30223,23
30224,9
30225,5
30226,14
30227,1
30228,30
30229,3
30230,25
30231,28
30232,29
30233,2
30234,28
30235,1
30236,1
30237,31
30238,28
30239,1
30240,37
30241,7
30242,28
30243,18
30244,40
30245,3
30246,55
30247,53
30248,31
30249,2
30250,0
30251,6
30252,55
30253,25
30254,55
30255,6
30256,39
30257,6
30258,25
30259,2
30260,4
30261,18
30262,23
30263,7
30264,1
30265,9
30266,31
30267,28
30268,15
30269,5
30270,55
30271,31
30272,4
30273,5
30274,32
30275,3
30276,15
30277,10
30278,25
30279,30
30280,40
30281,0
30282,1
30283,3
30284,9
30285,25
30286,9
30287,12
30288,6
30289,40
30290,8
30291,1
30292,0
30293,39
30294,5
30295,1
30296,40
30297,55
30298,7
30299,5
30300,7
30301,9
30302,12
30303,5
30304,37
30305,3
30306,4
30307,55
30308,36
30309,2
30310,1
30311,20
30312,24
30313,8
30314,18
30315,53
30316,4
30317,3
30318,32
30319,9
30320,22
30321,3
30322,9
30323,5
30324,1
30325,1
30326,4
30327,4
30328,49
30329,6
30330,24
30331,2
30332,27
30333,3
30334,3
30335,2
30336,21
30337,18
30338,36
30339,40
30340,4
30341,15
30342,24
30343,1
30344,40
30345,52
30346,25
30347,28
30348,4
30349,7
30350,28
30351,1
30352,5
30353,31
30354,8
30355,22
30356,3
30357,3
30358,52
30359,25
30360,0
30361,1
30362,29
30363,9
30364,53
30365,33
30366,7
30367,9
30368,49
30369,0
30370,4
30371,24
30372,13
30373,6
30374,8
30375,49
30376,18
30377,0
30378,32
30379,3
30380,6
30381,2
30382,27
30383,9
30384,8
30385,2
30386,55
30387,9
30388,3
30389,1
30390,12
30391,28
30392,34
30393,0
30394,24
30395,7
30396,40
30397,40
30398,8
30399,7
30400,8
30401,9
30402,53
30403,6
30404,5
30405,3
30406,4
30407,42
30408,6
30409,4
30410,9
30411,24
30412,5
30413,40
30414,7
30415,5
30416,49
30417,53
30418,8
30419,5
30420,46
30421,28
30422,49
30423,43
30424,5
30425,25
30426,23
30427,2
30428,27
30429,3
30430,24
30431,0
30432,49
30433,21
30434,27
30435,6
30436,1
30437,28
30438,5
30439,22
30440,55
30441,27
30442,14
30443,0
30444,6
30445,4
30446,24
30447,8
30448,24
30449,5
30450,9
30451,21
30452,0
30453,29
30454,55
30455,8
30456,42
30457,2
30458,53
30459,39
30460,15
30461,28
30462,15
30463,6
30464,9
30465,55
30466,55
30467,4
30468,49
30469,43
30470,53
30471,0
30472,9
30473,9
30474,55
30475,3
30476,8
30477,18
30478,0
30479,25
30480,5
30481,0
30482,23
30483,2
30484,53
30485,0
30486,1
30487,24
30488,4
30489,1
30490,7
30491,30
30492,1
30493,3
30494,58
30495,22
30496,3
30497,9
30498,4
30499,4
30500,12
30501,0
30502,9
30503,4
30504,1
30505,3
30506,2
30507,6
30508,0
30509,25
30510,3
30511,1
30512,22
30513,0
30514,1
30515,40
30516,24
30517,8
30518,1
30519,28
30520,2
30521,53
30522,39
30523,39
30524,37
30525,9
30526,3
30527,30
30528,9
30529,1
30530,4
30531,0
30532,6
30533,25
30534,58
30535,18
30536,8
30537,42
30538,22
30539,16
30540,23
30541,15
30542,32
30543,28
30544,49
30545,34
30546,3
30547,53
30548,7
30549,1
30550,4
30551,6
30552,53
30553,5
30554,9
30555,9
30556,28
30557,0
30558,1
30559,1
30560,2
30561,5
30562,7
30563,55
30564,53
30565,11
30566,28
30567,16
30568,58
30569,2
30570,8
30571,18
30572,2
30573,1
30574,44
30575,7
30576,5
30577,3
30578,0
30579,7
30580,1
30581,43
30582,8
30583,15
30584,2
30585,8
30586,43
30587,5
30588,9
30589,14
30590,24
30591,23
30592,8
30593,4
30594,3
30595,25
30596,12
30597,6
30598,30
30599,16
30600,0
30601,1
30602,18
30603,57
30604,5
30605,24
30606,5
30607,3
30608,1
30609,55
30610,9
30611,1
30612,6
30613,3
30614,6
30615,6
30616,6
30617,5
30618,21
30619,37
30620,40
30621,40
30622,34
30623,6
30624,19
30625,9
30626,3
30627,13
30628,9
30629,1
30630,15
30631,6
30632,14
30633,40
30634,3
30635,7
30636,49
30637,4
30638,0
30639,12
30640,3
30641,28
30642,0
30643,4
30644,28
30645,28
30646,55
30647,1
30648,3
30649,15
30650,22
30651,8
30652,55
30653,3
30654,6
30655,1
30656,40
30657,9
30658,4
30659,18
30660,6
30661,0
30662,23
30663,58
30664,9
30665,18
30666,1
30667,55
30668,19
30669,28
30670,31
30671,7
30672,30
30673,28
30674,1
30675,2
30676,1
30677,34
30678,8
30679,29
30680,36
30681,0
30682,2
30683,0
30684,22
30685,28
30686,4
30687,28
30688,1
30689,7
30690,9
30691,24
30692,23
30693,61
30694,6
30695,19
30696,6
30697,24
30698,3
30699,2
30700,27
30701,18
30702,12
30703,6
30704,1
30705,0
30706,7
30707,12
30708,7
30709,26
30710,5
30711,6
30712,5
30713,39
30714,4
30715,1
30716,24
30717,0
30718,40
30719,6
30720,18
30721,49
30722,3
30723,7
30724,22
30725,40
30726,10
30727,9
30728,31
30729,15
30730,29
30731,1
30732,6
30733,12
30734,5
30735,9
30736,1
30737,1
30738,2
30739,22
30740,18
30741,4
30742,40
30743,7
30744,28
30745,55
30746,5
30747,0
30748,4
30749,30
30750,14
30751,6
30752,22
30753,7
30754,28
30755,28
30756,2
30757,29
30758,0
30759,12
30760,8
30761,28
30762,12
30763,8
30764,2
30765,29
30766,0
30767,53
30768,14
30769,0
30770,2
30771,24
30772,1
30773,23
30774,40
30775,22
30776,3
30777,12
30778,6
30779,2
30780,8
30781,3
30782,44
30783,2
30784,2
30785,30
30786,1
30787,5
30788,40
30789,49
30790,4
30791,16
30792,9
30793,58
30794,2
30795,9
30796,36
30797,30
30798,28
30799,9
30800,14
30801,39
30802,53
30803,8
30804,15
30805,9
30806,10
30807,0
30808,4
30809,7
30810,1
30811,14
30812,3
30813,55
30814,11
30815,39
30816,55
30817,30
30818,7
30819,22
30820,47
30821,3
30822,28
30823,28
30824,15
30825,0
30826,55
30827,23
30828,4
30829,8
30830,4
30831,40
30832,28
30833,4
30834,9
30835,9
30836,20
30837,40
30838,2
30839,23
30840,30
30841,49
30842,40
30843,6
30844,40
30845,2
30846,18
30847,55
30848,3
30849,3
30850,0
30851,55
30852,1
30853,9
30854,40
30855,2
30856,28
30857,53
30858,1
30859,53
30860,9
30861,6
30862,12
30863,9
30864,4
30865,9
30866,8
30867,53
30868,29
30869,4
30870,6
30871,13
30872,55
30873,36
30874,59
30875,1
30876,0
30877,8
30878,39
30879,59
30880,31
30881,15
30882,37
30883,2
30884,3
30885,6
30886,1
30887,28
30888,53
30889,5
30890,4
30891,28
30892,53
30893,36
30894,9
30895,7
30896,9
30897,40
30898,8
30899,26
30900,3
30901,55
30902,43
30903,42
30904,4
30905,6
30906,9
30907,49
30908,43
30909,2
30910,36
30911,0
30912,6
30913,8
30914,19
30915,5
30916,4
30917,21
30918,55
30919,46
30920,21
30921,5
30922,37
30923,40
30924,39
30925,14
30926,12
30927,60
30928,18
30929,1
30930,43
30931,0
30932,6
30933,28
30934,1
30935,8
30936,12
30937,28
30938,5
30939,55
30940,7
30941,3
30942,6
30943,2
30944,2
30945,40
30946,18
30947,5
30948,3
30949,7
30950,3
30951,6
30952,7
30953,1
30954,31
30955,55
30956,59
30957,40
30958,7
30959,53
30960,3
30961,0
30962,1
30963,2
30964,3
30965,22
30966,29
30967,0
30968,15
30969,5
30970,7
30971,0
30972,13
30973,60
30974,8
30975,13
30976,2
30977,5
30978,0
30979,1
30980,3
30981,4
30982,3
30983,6
30984,7
30985,3
30986,23
30987,2
30988,3
30989,8
30990,1
30991,25
30992,9
30993,2
30994,23
30995,47
30996,20
30997,4
30998,8
30999,16
31000,7
31001,5
31002,9
31003,7
31004,46
31005,6
31006,4
31007,10
31008,0
31009,6
31010,29
31011,3
31012,30
31013,4
31014,40
31015,24
31016,49
31017,40
31018,12
31019,2
31020,24
31021,9
31022,15
31023,25
31024,9
31025,40
31026,7
31027,32
31028,4
31029,22
31030,0
31031,1
31032,0
31033,18
31034,0
31035,4
31036,4
31037,34
31038,8
31039,7
31040,34
31041,8
31042,7
31043,24
31044,47
31045,30
31046,55
31047,29
31048,8
31049,9
31050,1
31051,40
31052,18
31053,2
31054,13
31055,1
31056,53
31057,55
31058,7
31059,28
31060,40
31061,5
31062,4
31063,2
31064,1
31065,31
31066,3
31067,29
31068,39
31069,22
31070,36
31071,9
31072,12
31073,12
31074,8
31075,24
31076,40
31077,6
31078,3
31079,24
31080,1
31081,8
31082,0
31083,1
31084,16
31085,9
31086,9
31087,28
31088,1
31089,27
31090,3
31091,1
31092,29
31093,4
31094,8
31095,9
31096,53
31097,30
31098,55
31099,27
31100,36
31101,4
31102,3
31103,0
31104,23
31105,49
31106,1
31107,15
31108,9
31109,36
31110,1
31111,24
31112,6
31113,28
31114,8
31115,3
31116,0
31117,31
31118,23
31119,6
31120,2
31121,4
31122,5
31123,8
31124,25
31125,40
31126,8
31127,2
31128,3
31129,7
31130,25
31131,9
31132,9
31133,17
31134,5
31135,6
31136,5
31137,9
31138,4
31139,0
31140,30
31141,56
31142,9
31143,55
31144,2
31145,9
31146,8
31147,6
31148,5
31149,37
31150,6
31151,9
31152,25
31153,5
31154,3
31155,0
31156,0
31157,24
31158,3
31159,0
31160,2
31161,2
31162,43
31163,32
31164,0
31165,5
31166,4
31167,4
31168,20
31169,1
31170,43
31171,4
31172,1
31173,7
31174,2
31175,31
31176,42
31177,4
31178,4
31179,29
31180,18
31181,5
31182,2
31183,16
31184,49
31185,58
31186,5
31187,9
31188,49
31189,7
31190,59
31191,1
31192,3
31193,25
31194,4
31195,3
31196,30
31197,4
31198,3
31199,5
31200,6
31201,29
31202,36
31203,3
31204,9
31205,6
31206,49
31207,2
31208,39
31209,25
31210,40
31211,49
31212,1
31213,1
31214,4
31215,21
31216,8
31217,4
31218,36
31219,3
31220,4
31221,27
31222,39
31223,1
31224,40
31225,6
31226,0
31227,28
31228,55
31229,25
31230,21
31231,10
31232,6
31233,7
31234,5
31235,5
31236,28
31237,30
31238,0
31239,6
31240,0
31241,0
31242,1
31243,24
31244,8
31245,9
31246,0
31247,8
31248,40
31249,55
31250,18
31251,1
31252,60
31253,8
31254,53
31255,17
31256,0
31257,52
31258,28
31259,24
31260,6
31261,5
31262,6
31263,13
31264,58
31265,28
31266,11
31267,2
31268,55
31269,25
31270,3
31271,7
31272,1
31273,22
31274,23
31275,5
31276,34
31277,0
31278,9
31279,3
31280,39
31281,3
31282,0
31283,8
31284,1
31285,53
31286,6
31287,0
31288,1
31289,3
31290,0
31291,27
31292,28
31293,28
31294,6
31295,29
31296,24
31297,5
31298,48
31299,39
31300,0
31301,31
31302,8
31303,1
31304,28
31305,2
31306,25
31307,28
31308,8
31309,39
31310,7
31311,40
31312,9
31313,1
31314,9
31315,23
31316,6
31317,6
31318,61
31319,46
31320,3
31321,8
31322,2
31323,15
31324,5
31325,1
31326,3
31327,5
31328,2
31329,8
31330,36
31331,27
31332,60
31333,20
31334,53
31335,24
31336,13
31337,39
31338,10
31339,9
31340,1
31341,1
31342,8
31343,8
31344,2
31345,17
31346,2
31347,6
31348,3
31349,30
31350,1
31351,2
31352,4
31353,44
31354,2
31355,46
31356,3
31357,2
31358,22
31359,14
31360,55
31361,1
31362,5
31363,25
31364,15
31365,55
31366,5
31367,1
31368,3
31369,7
31370,1
31371,10
31372,23
31373,7
31374,40
31375,28
31376,55
31377,55
31378,30
31379,8
31380,53
31381,27
31382,2
31383,43
31384,8
31385,40
31386,2
31387,8
31388,59
31389,0
31390,24
31391,7
31392,24
31393,5
31394,7
31395,2
31396,28
31397,21
31398,7
31399,2
31400,37
31401,30
31402,7
31403,23
31404,7
31405,6
31406,18
31407,4
31408,24
31409,53
31410,33
31411,6
31412,1
31413,32
31414,19
31415,1
31416,8
31417,13
31418,4
31419,24
31420,36
31421,9
31422,6
31423,9
31424,2
31425,53
31426,9
31427,2
31428,0
31429,4
31430,24
31431,1
31432,22
31433,0
31434,9
31435,30
31436,1
31437,8
31438,28
31439,28
31440,5
31441,0
31442,10
31443,46
31444,29
31445,40
31446,32
31447,39
31448,9
31449,40
31450,5
31451,18
31452,19
31453,28
31454,10
31455,0
31456,8
31457,2
31458,9
31459,2
31460,0
31461,37
31462,14
31463,0
31464,40
31465,25
31466,6
31467,2
31468,24
31469,28
31470,1
31471,40
31472,5
31473,10
31474,28
31475,40
31476,11
31477,17
31478,9
31479,18
31480,0
31481,40
31482,15
31483,34
31484,7
31485,16
31486,5
31487,55
31488,1
31489,3
31490,4
31491,9
31492,3
31493,23
31494,27
31495,7
31496,24
31497,53
31498,23
31499,24
31500,36
31501,5
31502,24
31503,40
31504,4
31505,53
31506,5
31507,5
31508,9
31509,9
31510,39
31511,15
31512,55
31513,24
31514,2
31515,31
31516,1
31517,40
31518,0
31519,2
31520,40
31521,6
31522,1
31523,55
31524,4
31525,14
31526,55
31527,6
31528,6
31529,4
31530,4
31531,19
31532,37
31533,53
31534,55
31535,16
31536,19
31537,4
31538,15
31539,55
31540,1
31541,57
31542,0
31543,58
31544,2
31545,33
31546,34
31547,14
31548,29
31549,24
31550,1
31551,55
31552,5
31553,7
31554,0
31555,24
31556,24
31557,7
31558,55
31559,3
31560,7
31561,49
31562,28
31563,61
31564,39
31565,1
31566,5
31567,4
31568,2
31569,24
31570,24
31571,22
31572,8
31573,36
31574,1
31575,28
31576,25
31577,0
31578,0
31579,5
31580,19
31581,0
31582,18
31583,23
31584,0
31585,23
31586,2
31587,9
31588,17
31589,7
31590,8
31591,53
31592,5
31593,6
31594,7
31595,5
31596,9
31597,37
31598,12
31599,5
31600,9
31601,7
31602,0
31603,5
31604,40
31605,1
31606,40
31607,43
31608,31
31609,34
31610,6
31611,33
31612,59
31613,4
31614,7
31615,43
31616,30
31617,46
31618,6
31619,3
31620,18
31621,7
31622,32
31623,2
31624,21
31625,5
31626,34
31627,4
31628,8
31629,12
31630,1
31631,8
31632,2
31633,6
31634,9
31635,25
31636,6
31637,31
31638,6
31639,21
31640,18
31641,4
31642,8
31643,2
31644,8
31645,30
31646,3
31647,8
31648,25
31649,3
31650,2
31651,6
31652,49
31653,61
31654,23
31655,18
31656,1
31657,2
31658,7
31659,9
31660,36
31661,6
31662,6
31663,0
31664,5
31665,11
31666,47
31667,34
31668,6
31669,9
31670,9
31671,12
31672,36
31673,4
31674,5
31675,0
31676,4
31677,3
31678,7
31679,18
31680,0
31681,2
31682,2
31683,8
31684,49
31685,53
31686,2
31687,7
31688,3
31689,37
31690,24
31691,4
31692,34
31693,40
31694,0
31695,22
31696,8
31697,1
31698,28
31699,1
31700,43
31701,24
31702,0
31703,7
31704,40
31705,11
31706,8
31707,28
31708,19
31709,0
31710,6
31711,2
31712,49
31713,16
31714,6
31715,5
31716,6
31717,1
31718,7
31719,3
31720,36
31721,8
31722,9
31723,0
31724,24
31725,2
31726,0
31727,9
31728,1
31729,8
31730,7
31731,0
31732,11
31733,40
31734,6
31735,6
31736,30
31737,8
31738,30
31739,15
31740,36
31741,25
31742,28
31743,0
31744,0
31745,7
31746,28
31747,29
31748,28
31749,28
31750,12
31751,8
31752,28
31753,7
31754,4
31755,6
31756,3
31757,24
31758,30
31759,4
31760,2
31761,40
31762,45
31763,14
31764,8
31765,3
31766,0
31767,8
31768,27
31769,1
31770,2
31771,3
31772,21
31773,0
31774,2
31775,1
31776,5
31777,0
31778,3
31779,4
31780,40
31781,7
31782,8
31783,1
31784,18
31785,30
31786,11
31787,24
31788,2
31789,31
31790,40
31791,4
31792,60
31793,7
31794,4
31795,3
31796,9
31797,8
31798,3
31799,7
31800,55
31801,15
31802,31
31803,1
31804,2
31805,6
31806,6
31807,4
31808,30
31809,1
31810,36
31811,33
31812,3
31813,49
31814,23
31815,7
31816,28
31817,55
31818,7
31819,59
31820,61
31821,7
31822,9
31823,4
31824,49
31825,15
31826,0
31827,24
31828,7
31829,8
31830,7
31831,2
31832,4
31833,1
31834,9
31835,25
31836,53
31837,18
31838,14
31839,12
31840,40
31841,7
31842,31
31843,23
31844,14
31845,8
31846,3
31847,55
31848,55
31849,58
31850,60
31851,8
31852,59
31853,12
31854,40
31855,0
31856,3
31857,17
31858,3
31859,52
31860,2
31861,8
31862,3
31863,3
31864,2
31865,53
31866,10
31867,9
31868,36
31869,24
31870,40
31871,11
31872,27
31873,25
31874,4
31875,5
31876,7
31877,4
31878,1
31879,20
31880,47
31881,55
31882,55
31883,9
31884,13
31885,21
31886,4
31887,2
31888,8
31889,53
31890,1
31891,29
31892,40
31893,7
31894,2
31895,3
31896,34
31897,31
31898,7
31899,36
31900,9
31901,40
31902,53
31903,3
31904,5
31905,4
31906,29
31907,37
31908,2
31909,7
31910,3
31911,7
31912,0
31913,17
31914,25
31915,43
31916,4
31917,40
31918,25
31919,0
31920,4
31921,4
31922,23
31923,2
31924,8
31925,0
31926,6
31927,39
31928,4
31929,36
31930,21
31931,1
31932,6
31933,33
31934,55
31935,39
31936,4
31937,2
31938,30
31939,1
31940,28
31941,55
31942,52
31943,4
31944,26
31945,53
31946,2
31947,22
31948,7
31949,19
31950,3
31951,47
31952,8
31953,1
31954,55
31955,34
31956,24
31957,15
31958,17
31959,8
31960,9
31961,6
31962,59
31963,2
31964,23
31965,18
31966,28
31967,2
31968,9
31969,1
31970,4
31971,31
31972,47
31973,11
31974,31
31975,40
31976,3
31977,49
31978,15
31979,40
31980,8
31981,24
31982,55
31983,22
31984,3
31985,28
31986,1
31987,7
31988,22
31989,28
31990,10
31991,0
31992,30
31993,9
31994,15
31995,2
31996,24
31997,5
31998,22
31999,14
32000,8
32001,28
32002,43
32003,24
32004,43
32005,28
32006,6
32007,40
32008,0
32009,12
32010,8
32011,13
32012,8
32013,23
32014,15
32015,12
32016,1
32017,1
32018,53
32019,0
32020,15
32021,5
32022,43
32023,18
32024,32
32025,3
32026,7
32027,24
32028,23
32029,8
32030,4
32031,55
32032,1
32033,6
32034,12
32035,5
32036,2
32037,5
32038,40
32039,3
32040,53
32041,8
32042,5
32043,4
32044,27
32045,1
32046,30
32047,22
32048,8
32049,25
32050,9
32051,55
32052,4
32053,53
32054,2
32055,6
32056,6
32057,28
32058,15
32059,6
32060,7
32061,5
32062,53
32063,1
32064,4
32065,43
32066,7
32067,43
32068,21
32069,21
32070,3
32071,10
32072,24
32073,10
32074,13
32075,9
32076,7
32077,3
32078,52
32079,33
32080,40
32081,25
32082,4
32083,25
32084,30
32085,30
32086,6
32087,6
32088,39
32089,49
32090,2
32091,4
32092,7
32093,6
32094,7
32095,1
32096,0
32097,55
32098,49
32099,40
32100,19
32101,6
32102,12
32103,30
32104,1
32105,35
32106,28
32107,18
32108,24
32109,1
32110,2
32111,12
32112,40
32113,4
32114,12
32115,39
32116,7
32117,7
32118,5
32119,28
32120,7
32121,9
32122,6
32123,28
32124,39
32125,22
32126,5
32127,11
32128,8
32129,12
32130,28
32131,55
32132,5
32133,39
32134,29
32135,9
32136,1
32137,6
32138,30
32139,40
32140,12
32141,1
32142,55
32143,8
32144,22
32145,40
32146,8
32147,8
32148,2
32149,55
32150,0
32151,32
32152,58
32153,5
32154,1
32155,24
32156,8
32157,24
32158,4
32159,26
32160,27
32161,6
32162,4
32163,17
32164,27
32165,49
32166,10
32167,9
32168,28
32169,2
32170,49
32171,14
32172,8
32173,6
32174,15
32175,9
32176,1
32177,43
32178,6
32179,53
32180,4
32181,9
32182,9
32183,1
32184,6
32185,4
32186,2
32187,6
32188,4
32189,6
32190,30
32191,0
32192,23
32193,40
32194,9
32195,0
32196,12
32197,21
32198,5
32199,28
32200,55
32201,17
32202,0
32203,4
32204,2
32205,7
32206,7
32207,1
32208,0
32209,24
32210,10
32211,0
32212,2
32213,3
32214,58
32215,12
32216,6
32217,4
32218,2
32219,0
32220,31
32221,4
32222,6
32223,4
32224,31
32225,1
32226,2
32227,34
32228,23
32229,24
32230,2
32231,6
32232,40
32233,18
32234,2
32235,57
32236,7
32237,58
32238,4
32239,9
32240,8
32241,7
32242,5
32243,35
32244,2
32245,33
32246,28
32247,19
32248,6
32249,1
32250,24
32251,40
32252,40
32253,30
32254,6
32255,34
32256,28
32257,40
32258,9
32259,8
32260,1
32261,40
32262,2
32263,3
32264,11
32265,60
32266,39
32267,8
32268,22
32269,26
32270,4
32271,0
32272,28
32273,30
32274,3
32275,55
32276,7
32277,9
32278,5
32279,47
32280,49
32281,40
32282,24
32283,47
32284,40
32285,5
32286,7
32287,1
32288,55
32289,28
32290,17
32291,3
32292,7
32293,4
32294,3
32295,8
32296,1
32297,0
32298,40
32299,40
32300,30
32301,28
32302,0
32303,1
32304,6
32305,19
32306,12
32307,12
32308,7
32309,4
32310,2
32311,40
32312,7
32313,23
32314,46
32315,3
32316,6
32317,40
32318,8
32319,40
32320,22
32321,1
32322,40
32323,8
32324,49
32325,28
32326,6
32327,59
32328,37
32329,3
32330,12
32331,4
32332,24
32333,4
32334,26
32335,24
32336,30
32337,2
32338,28
32339,7
32340,2
32341,6
32342,6
32343,1
32344,24
32345,28
32346,21
32347,1
32348,2
32349,59
32350,34
32351,2
32352,4
32353,1
32354,7
32355,9
32356,6
32357,30
32358,60
32359,53
32360,40
32361,2
32362,7
32363,27
32364,1
32365,9
32366,16
32367,40
32368,1
32369,28
32370,43
32371,1
32372,9
32373,4
32374,31
32375,3
32376,28
32377,14
32378,4
32379,8
32380,39
32381,28
32382,6
32383,1
32384,6
32385,55
32386,22
32387,9
32388,5
32389,22
32390,2
32391,0
32392,34
32393,9
32394,55
32395,24
32396,4
32397,8
32398,40
32399,2
32400,15
32401,37
32402,55
32403,40
32404,5
32405,6
32406,3
32407,40
32408,1
32409,0
32410,28
32411,1
32412,17
32413,1
32414,7
32415,4
32416,4
32417,39
32418,6
32419,2
32420,37
32421,1
32422,7
32423,3
32424,9
32425,1
32426,55
32427,0
32428,1
32429,3
32430,6
32431,0
32432,1
32433,13
32434,1
32435,30
32436,6
32437,9
32438,13
32439,26
32440,4
32441,28
32442,49
32443,12
32444,40
32445,10
32446,14
32447,16
32448,9
32449,3
32450,0
32451,26
32452,7
32453,6
32454,7
32455,5
32456,7
32457,8
32458,1
32459,28
32460,1
32461,24
32462,55
32463,17
32464,18
32465,37
32466,55
32467,28
32468,9
32469,35
32470,24
32471,1
32472,9
32473,2
32474,7
32475,21
32476,0
32477,1
32478,7
32479,29
32480,25
32481,1
32482,23
32483,8
32484,36
32485,31
32486,9
32487,30
32488,42
32489,9
32490,27
32491,0
32492,55
32493,3
32494,53
32495,1
32496,17
32497,14
32498,15
32499,30
32500,8
32501,2
32502,1
32503,11
32504,55
32505,14
32506,52
32507,5
32508,3
32509,24
32510,22
32511,5
32512,28
32513,55
32514,0
32515,8
32516,2
32517,5
32518,8
32519,43
32520,49
32521,40
32522,2
32523,8
32524,53
32525,8
32526,1
32527,49
32528,1
32529,29
32530,55
32531,1
32532,47
32533,40
32534,9
32535,2
32536,29
32537,3
32538,40
32539,29
32540,1
32541,28
32542,4
32543,7
32544,6
32545,4
32546,28
32547,0
32548,40
32549,0
32550,45
32551,5
32552,0
32553,29
32554,8
32555,3
32556,24
32557,4
32558,49
32559,5
32560,29
32561,6
32562,3
32563,23
32564,44
32565,4
32566,1
32567,18
32568,55
32569,5
32570,2
32571,1
32572,25
32573,2
32574,58
32575,18
32576,5
32577,39
32578,4
32579,4
32580,7
32581,2
32582,30
32583,1
32584,36
32585,59
32586,3
32587,10
32588,18
32589,9
32590,1
32591,9
32592,27
32593,39
32594,4
32595,16
32596,1
32597,28
32598,35
32599,10
32600,0
32601,3
32602,27
32603,58
32604,39
32605,2
32606,30
32607,1
32608,9
32609,29
32610,7
32611,3
32612,6
32613,40
32614,7
32615,7
32616,7
32617,9
32618,0
32619,0
32620,6
32621,5
32622,28
32623,28
32624,12
32625,15
32626,45
32627,31
32628,2
32629,31
32630,7
32631,2
32632,36
32633,30
32634,1
32635,5
32636,12
32637,55
32638,21
32639,40
32640,6
32641,24
32642,31
32643,7
32644,0
32645,9
32646,6
32647,52
32648,2
32649,22
32650,59
32651,1
32652,3
32653,7
32654,4
32655,13
32656,9
32657,5
32658,55
32659,1
32660,9
32661,2
32662,43
32663,0
32664,5
32665,5
32666,14
32667,6
32668,55
32669,8
32670,4
32671,43
32672,8
32673,24
32674,55
32675,43
32676,40
32677,9
32678,9
32679,0
32680,1
32681,49
32682,5
32683,6
32684,4
32685,45
32686,4
32687,31
32688,7
32689,30
32690,4
32691,2
32692,1
32693,0
32694,39
32695,15
32696,1
32697,7
32698,9
32699,1
32700,5
32701,4
32702,2
32703,30
32704,13
32705,3
32706,28
32707,1
32708,29
32709,12
32710,9
32711,24
32712,7
32713,21
32714,28
32715,0
32716,49
32717,40
32718,4
32719,55
32720,28
32721,39
32722,9
32723,2
32724,39
32725,22
32726,24
32727,36
32728,40
32729,5
32730,0
32731,5
32732,4
32733,6
32734,22
32735,24
32736,6
32737,53
32738,1
32739,12
32740,3
32741,9
32742,1
32743,2
32744,7
32745,23
32746,3
32747,9
32748,13
32749,7
32750,1
32751,61
32752,8
32753,36
32754,2
32755,2
32756,12
32757,7
32758,0
32759,27
32760,3
32761,28
32762,24
32763,42
32764,9
32765,39
32766,6
32767,30
32768,39
32769,18
32770,4
32771,4
32772,12
32773,28
32774,29
32775,5
32776,7
32777,9
32778,20
32779,24
32780,6
32781,6
32782,4
32783,19
32784,1
32785,9
32786,3
32787,40
32788,53
32789,7
32790,12
32791,0
32792,25
32793,8
32794,12
32795,1
32796,4
32797,7
32798,6
32799,23
32800,25
32801,24
32802,9
32803,2
32804,15
32805,40
32806,55
32807,4
32808,0
32809,3
32810,28
32811,43
32812,32
32813,12
32814,6
32815,0
32816,6
32817,4
32818,26
32819,2
32820,8
32821,9
32822,9
32823,15
32824,0
32825,12
32826,10
32827,2
32828,4
32829,29
32830,6
32831,7
32832,30
32833,4
32834,1
32835,28
32836,7
32837,43
32838,4
32839,7
32840,7
32841,6
32842,23
32843,0
32844,18
32845,32
32846,31
32847,40
32848,4
32849,7
32850,43
32851,0
32852,22
32853,27
32854,26
32855,1
32856,31
32857,8
32858,24
32859,22
32860,6
32861,4
32862,3
32863,10
32864,18
32865,7
32866,1
32867,53
32868,30
32869,17
32870,19
32871,30
32872,36
32873,0
32874,6
32875,40
32876,18
32877,5
32878,25
32879,12
32880,15
32881,5
32882,24
32883,40
32884,2
32885,3
32886,40
32887,30
32888,8
32889,5
32890,55
32891,37
32892,24
32893,59
32894,3
32895,23
32896,29
32897,0
32898,7
32899,1
32900,1
32901,4
32902,6
32903,22
32904,3
32905,8
32906,27
32907,43
32908,7
32909,39
32910,4
32911,55
32912,53
32913,24
32914,6
32915,2
32916,55
32917,7
32918,4
32919,8
32920,21
32921,4
32922,1
32923,40
32924,3
32925,8
32926,32
32927,17
32928,36
32929,16
32930,4
32931,11
32932,1
32933,6
32934,55
32935,10
32936,49
32937,49
32938,9
32939,22
32940,0
32941,40
32942,53
32943,1
32944,20
32945,4
32946,24
32947,30
32948,23
32949,45
32950,7
32951,0
32952,27
32953,9
32954,28
32955,6
32956,32
32957,25
32958,31
32959,9
32960,36
32961,12
32962,27
32963,7
32964,10
32965,25
32966,34
32967,33
32968,0
32969,2
32970,55
32971,40
32972,39
32973,5
32974,0
32975,5
32976,60
32977,17
32978,9
32979,25
32980,61
32981,7
32982,37
32983,1
32984,24
32985,6
32986,6
32987,9
32988,6
32989,3
32990,5
32991,1
32992,3
32993,30
32994,2
32995,7
32996,7
32997,8
32998,4
32999,22
33000,43
33001,2
33002,1
33003,1
33004,30
33005,30
33006,4
33007,1
33008,7
33009,2
33010,8
33011,1
33012,4
33013,23
33014,25
33015,9
33016,5
33017,1
33018,58
33019,11
33020,49
33021,0
33022,5
33023,21
33024,14
33025,22
33026,21
33027,43
33028,15
33029,7
33030,49
33031,15
33032,20
33033,25
33034,3
33035,15
33036,1
33037,4
33038,55
33039,2
33040,1
33041,15
33042,24
33043,18
33044,4
33045,6
33046,9
33047,24
33048,9
33049,18
33050,49
33051,55
33052,31
33053,8
33054,2
33055,28
33056,53
33057,49
33058,36
33059,40
33060,2
33061,2
33062,2
33063,9
33064,24
33065,29
33066,55
33067,1
33068,9
33069,2
33070,17
33071,24
33072,3
33073,19
33074,29
33075,28
33076,24
33077,23
33078,4
33079,36
33080,6
33081,40
33082,6
33083,1
33084,0
33085,36
33086,28
33087,15
33088,9
33089,39
33090,7
33091,9
33092,8
33093,52
33094,0
33095,5
33096,37
33097,18
33098,8
33099,8
33100,2
33101,3
33102,8
33103,6
33104,21
33105,55
33106,55
33107,12
33108,55
33109,2
33110,6
33111,8
33112,4
33113,35
33114,6
33115,28
33116,9
33117,1
33118,15
33119,7
33120,55
33121,3
33122,15
33123,3
33124,28
33125,9
33126,6
33127,24
33128,31
33129,32
33130,7
33131,30
33132,43
33133,9
33134,8
33135,4
33136,39
33137,0
33138,3
33139,8
33140,43
33141,16
33142,13
33143,0
33144,32
33145,7
33146,55
33147,6
33148,46
33149,39
33150,39
33151,18
33152,5
33153,0
33154,49
33155,25
33156,3
33157,35
33158,1
33159,3
33160,1
33161,4
33162,22
33163,12
33164,8
33165,2
33166,0
33167,49
33168,4
33169,5
33170,29
33171,11
33172,18
33173,9
33174,13
33175,53
33176,29
33177,6
33178,8
33179,44
33180,26
33181,1
33182,6
33183,24
33184,0
33185,29
33186,47
33187,2
33188,3
33189,53
33190,1
33191,7
33192,0
33193,28
33194,8
33195,22
33196,9
33197,2
33198,24
33199,40
33200,55
33201,25
33202,4
33203,6
33204,36
33205,9
33206,30
33207,40
33208,2
33209,58
33210,28
33211,4
33212,28
33213,6
33214,8
33215,13
33216,24
33217,6
33218,8
33219,3
33220,1
33221,43
33222,3
33223,0
33224,18
33225,19
33226,28
33227,8
33228,36
33229,8
33230,40
33231,13
33232,8
33233,4
33234,39
33235,49
33236,4
33237,0
33238,6
33239,6
33240,4
33241,1
33242,1
33243,31
33244,2
33245,40
33246,1
33247,4
33248,53
33249,29
33250,39
33251,53
33252,17
33253,42
33254,0
33255,22
33256,0
33257,9
33258,4
33259,8
33260,0
33261,11
33262,7
33263,4
33264,2
33265,3
33266,15
33267,9
33268,40
33269,61
33270,0
33271,1
33272,5
33273,6
33274,28
33275,1
33276,5
33277,49
33278,23
33279,9
33280,9
33281,49
33282,9
33283,2
33284,1
33285,27
33286,19
33287,24
33288,49
33289,2
33290,7
33291,9
33292,18
33293,12
33294,8
33295,3
33296,9
33297,25
33298,6
33299,15
33300,0
33301,24
33302,0
33303,4
33304,2
33305,1
33306,9
33307,4
33308,7
33309,4
33310,25
33311,4
33312,21
33313,37
33314,7
33315,4
33316,7
33317,12
33318,8
33319,39
33320,12
33321,3
33322,1
33323,1
33324,2
33325,27
33326,8
33327,1
33328,8
33329,7
33330,0
33331,22
33332,5
33333,5
33334,6
33335,28
33336,31
33337,24
33338,14
33339,5
33340,30
33341,0
33342,4
33343,2
33344,9
33345,24
33346,22
33347,0
33348,9
33349,36
33350,24
33351,6
33352,45
33353,6
33354,23
33355,24
33356,2
33357,40
33358,2
33359,12
33360,15
33361,9
33362,0
33363,5
33364,23
33365,29
33366,10
33367,9
33368,0
33369,4
33370,3
33371,3
33372,22
33373,24
33374,40
33375,55
33376,30
33377,43
33378,7
33379,1
33380,1
33381,6
33382,2
33383,24
33384,6
33385,28
33386,23
33387,4
33388,12
33389,44
33390,21
33391,24
33392,4
33393,2
33394,13
33395,6
33396,9
33397,8
33398,12
33399,4
33400,12
33401,8
33402,28
33403,30
33404,40
33405,24
33406,3
33407,0
33408,5
33409,0
33410,6
33411,49
33412,3
33413,3
33414,53
33415,2
33416,7
33417,23
33418,7
33419,36
33420,2
33421,32
33422,9
33423,8
33424,7
33425,6
33426,49
33427,3
33428,49
33429,49
33430,0
33431,23
33432,1
33433,2
33434,5
33435,22
33436,9
33437,8
33438,6
33439,0
33440,3
33441,30
33442,3
33443,6
33444,28
33445,24
33446,12
33447,52
33448,15
33449,8
33450,3
33451,6
33452,19
33453,3
33454,0
33455,2
33456,30
33457,5
33458,12
33459,16
33460,0
33461,0
33462,22
33463,25
33464,4
33465,5
33466,1
33467,1
33468,24
33469,1
33470,8
33471,1
33472,18
33473,5
33474,3
33475,36
33476,2
33477,9
33478,3
33479,30
33480,5
33481,12
33482,30
33483,6
33484,19
33485,5
33486,8
33487,3
33488,22
33489,27
33490,5
33491,49
33492,0
33493,40
33494,9
33495,13
33496,2
33497,9
33498,28
33499,30
33500,4
33501,44
33502,24
33503,7
33504,40
33505,1
33506,23
33507,9
33508,39
33509,24
33510,8
33511,1
33512,35
33513,5
33514,24
33515,4
33516,6
33517,2
33518,8
33519,39
33520,25
33521,4
33522,53
33523,1
33524,8
33525,12
33526,1
33527,13
33528,7
33529,8
33530,1
33531,53
33532,28
33533,49
33534,15
33535,8
33536,31
33537,9
33538,4
33539,22
33540,9
33541,5
33542,27
33543,1
33544,1
33545,28
33546,28
33547,4
33548,1
33549,4
33550,1
33551,30
33552,6
33553,7
33554,6
33555,30
33556,15
33557,4
33558,2
33559,2
33560,55
33561,1
33562,9
33563,12
33564,12
33565,28
33566,17
33567,29
33568,30
33569,3
33570,8
33571,40
33572,7
33573,7
33574,28
33575,43
33576,7
33577,8
33578,28
33579,2
33580,14
33581,4
33582,1
33583,2
33584,0
33585,7
33586,1
33587,5
33588,1
33589,5
33590,5
33591,15
33592,30
33593,9
33594,29
33595,58
33596,9
33597,1
33598,6
33599,5
33600,14
33601,2
33602,9
33603,4
33604,31
33605,25
33606,0
33607,11
33608,6
33609,30
33610,12
33611,13
33612,4
33613,3
33614,6
33615,40
33616,6
33617,9
33618,2
33619,57
33620,12
33621,4
33622,4
33623,1
33624,9
33625,29
33626,43
33627,1
33628,3
33629,6
33630,41
33631,5
33632,1
33633,40
33634,53
33635,7
33636,10
33637,0
33638,19
33639,28
33640,0
33641,6
33642,18
33643,13
33644,9
33645,4
33646,55
33647,9
33648,18
33649,8
33650,49
33651,7
33652,0
33653,1
33654,9
33655,39
33656,1
33657,2
33658,26
33659,31
33660,39
33661,7
33662,40
33663,6
33664,2
33665,55
33666,36
33667,49
33668,2
33669,40
33670,5
33671,32
33672,2
33673,30
33674,22
33675,30
33676,9
33677,0
33678,30
33679,28
33680,0
33681,4
33682,8
33683,8
33684,12
33685,19
33686,3
33687,0
33688,8
33689,2
33690,25
33691,31
33692,31
33693,28
33694,12
33695,0
33696,28
33697,40
33698,6
33699,34
33700,9
33701,18
33702,15
33703,4
33704,7
33705,2
33706,27
33707,0
33708,8
33709,7
33710,31
33711,5
33712,55
33713,7
33714,9
33715,8
33716,3
33717,10
33718,24
33719,31
33720,0
33721,12
33722,55
33723,29
33724,7
33725,2
33726,1
33727,40
33728,12
33729,39
33730,4
33731,18
33732,7
33733,8
33734,28
33735,1
33736,0
33737,0
33738,52
33739,4
33740,6
33741,8
33742,4
33743,24
33744,6
33745,22
33746,29
33747,1
33748,28
33749,34
33750,24
33751,5
33752,0
33753,0
33754,7
33755,39
33756,24
33757,4
33758,40
33759,4
33760,25
33761,15
33762,55
33763,5
33764,5
33765,24
33766,24
33767,2
33768,7
33769,37
33770,5
33771,0
33772,15
33773,0
33774,47
33775,25
33776,0
33777,2
33778,0
33779,4
33780,6
33781,0
33782,22
33783,5
33784,1
33785,16
33786,39
33787,30
33788,3
33789,7
33790,6
33791,0
33792,24
33793,1
33794,4
33795,28
33796,3
33797,3
33798,0
33799,1
33800,4
33801,8
33802,7
33803,39
33804,43
33805,0
33806,10
33807,40
33808,40
33809,8
33810,22
33811,5
33812,4
33813,4
33814,14
33815,27
33816,6
33817,36
33818,28
33819,12
33820,6
33821,2
33822,28
33823,55
33824,55
33825,9
33826,4
33827,8
33828,21
33829,36
33830,13
33831,25
33832,7
33833,0
33834,28
33835,28
33836,0
33837,2
33838,30
33839,6
33840,31
33841,36
33842,37
33843,4
33844,7
33845,1
33846,6
33847,9
33848,40
33849,30
33850,36
33851,24
33852,29
33853,40
33854,6
33855,27
33856,8
33857,2
33858,29
33859,1
33860,1
33861,1
33862,40
33863,6
33864,39
33865,60
33866,53
33867,6
33868,18
33869,59
33870,6
33871,1
33872,58
33873,24
33874,8
33875,8
33876,9
33877,15
33878,6
33879,24
33880,48
33881,5
33882,18
33883,1
33884,24
33885,55
33886,39
33887,40
33888,32
33889,1
33890,10
33891,23
33892,23
33893,7
33894,43
33895,7
33896,22
33897,17
33898,30
33899,8
33900,30
33901,31
33902,40
33903,53
33904,28
33905,1
33906,6
33907,52
33908,31
33909,49
33910,28
33911,19
33912,17
33913,16
33914,30
33915,12
33916,4
33917,55
33918,1
33919,49
33920,5
33921,3
33922,22
33923,7
33924,30
33925,9
33926,18
33927,8
33928,1
33929,8
33930,6
33931,2
33932,0
33933,8
33934,31
33935,5
33936,24
33937,47
33938,0
33939,2
33940,15
33941,6
33942,27
33943,0
33944,37
33945,37
33946,15
33947,9
33948,2
33949,2
33950,1
33951,61
33952,1
33953,1
33954,1
33955,1
33956,43
33957,40
33958,7
33959,5
33960,28
33961,5
33962,36
33963,22
33964,3
33965,35
33966,21
33967,22
33968,3
33969,19
33970,0
33971,4
33972,40
33973,4
33974,18
33975,3
33976,2
33977,9
33978,8
33979,39
33980,8
33981,0
33982,7
33983,47
33984,28
33985,1
33986,9
33987,39
33988,7
33989,27
33990,3
33991,40
33992,0
33993,24
33994,5
33995,55
33996,53
33997,1
33998,31
33999,25
34000,1
34001,11
34002,40
34003,29
34004,3
34005,22
34006,8
34007,35
34008,9
34009,30
34010,12
34011,24
34012,40
34013,4
34014,26
34015,10
34016,3
34017,47
34018,27
34019,3
34020,1
34021,34
34022,8
34023,0
34024,28
34025,49
34026,49
34027,9
34028,3
34029,15
34030,8
34031,3
34032,6
34033,8
34034,40
34035,20
34036,8
34037,3
34038,9
34039,9
34040,28
34041,56
34042,9
34043,5
34044,23
34045,3
34046,43
34047,36
34048,4
34049,53
34050,49
34051,15
34052,29
34053,19
34054,4
34055,7
34056,0
34057,40
34058,7
34059,28
34060,18
34061,6
34062,24
34063,0
34064,37
34065,46
34066,0
34067,6
34068,13
34069,24
34070,58
34071,31
34072,59
34073,0
34074,18
34075,7
34076,1
34077,19
34078,17
34079,2
34080,16
34081,5
34082,9
34083,5
34084,32
34085,9
34086,55
34087,26
34088,8
34089,8
34090,6
34091,44
34092,28
34093,10
34094,4
34095,42
34096,0
34097,24
34098,2
34099,0
34100,14
34101,25
34102,49
34103,1
34104,0
34105,46
34106,9
34107,6
34108,4
34109,18
34110,8
34111,1
34112,8
34113,1
34114,40
34115,7
34116,28
34117,4
34118,3
34119,40
34120,16
34121,1
34122,7
34123,0
34124,9
34125,7
34126,5
34127,15
34128,53
34129,9
34130,9
34131,24
34132,3
34133,3
34134,40
34135,28
34136,0
34137,2
34138,22
34139,14
34140,25
34141,5
34142,53
34143,53
34144,22
34145,28
34146,1
34147,28
34148,39
34149,45
34150,5
34151,29
34152,9
34153,24
34154,4
34155,29
34156,1
34157,3
34158,14
34159,55
34160,29
34161,4
34162,8
34163,4
34164,14
34165,25
34166,1
34167,28
34168,34
34169,1
34170,16
34171,39
34172,24
34173,1
34174,9
34175,15
34176,23
34177,4
34178,49
34179,8
34180,6
34181,7
34182,7
34183,1
34184,8
34185,7
34186,6
34187,49
34188,24
34189,7
34190,4
34191,6
34192,9
34193,7
34194,1
34195,0
34196,9
34197,8
34198,18
34199,1
34200,7
34201,1
34202,9
34203,17
34204,0
34205,7
34206,24
34207,37
34208,8
34209,3
34210,16
34211,29
34212,33
34213,6
34214,1
34215,28
34216,53
34217,12
34218,2
34219,40
34220,8
34221,23
34222,53
34223,28
34224,13
34225,29
34226,36
34227,3
34228,16
34229,44
34230,9
34231,15
34232,6
34233,28
34234,2
34235,5
34236,3
34237,40
34238,28
34239,22
34240,30
34241,23
34242,25
34243,24
34244,4
34245,28
34246,2
34247,5
34248,28
34249,22
34250,9
34251,27
34252,22
34253,27
34254,40
34255,6
34256,8
34257,0
34258,7
34259,9
34260,0
34261,6
34262,39
34263,28
34264,26
34265,4
34266,8
34267,7
34268,2
34269,1
34270,30
34271,6
34272,28
34273,1
34274,2
34275,9
34276,10
34277,30
34278,4
34279,8
34280,5
34281,32
34282,31
34283,2
34284,22
34285,28
34286,4
34287,16
34288,25
34289,2
34290,8
34291,2
34292,3
34293,9
34294,30
34295,2
34296,10
34297,7
34298,5
34299,28
34300,7
34301,41
34302,34
34303,43
34304,7
34305,8
34306,15
34307,9
34308,8
34309,3
34310,8
34311,28
34312,9
34313,45
34314,10
34315,5
34316,55
34317,5
34318,7
34319,5
34320,0
34321,0
34322,8
34323,7
34324,22
34325,0
34326,22
34327,8
34328,0
34329,8
34330,7
34331,3
34332,0
34333,6
34334,2
34335,0
34336,40
34337,39
34338,1
34339,4
34340,3
34341,2
34342,9
34343,8
34344,5
34345,26
34346,20
34347,7
34348,22
34349,55
34350,9
34351,24
34352,55
34353,47
34354,31
34355,37
34356,1
34357,5
34358,4
34359,4
34360,3
34361,5
34362,53
34363,7
34364,24
34365,1
34366,5
34367,1
34368,15
34369,53
34370,1
34371,1
34372,42
34373,30
34374,23
34375,9
34376,24
34377,1
34378,9
34379,40
34380,28
34381,6
34382,36
34383,10
34384,24
34385,9
34386,53
34387,7
34388,37
34389,55
34390,0
34391,30
34392,28
34393,37
34394,18
34395,1
34396,3
34397,28
34398,6
34399,9
34400,9
34401,6
34402,7
34403,2
34404,30
34405,0
34406,3
34407,28
34408,15
34409,40
34410,8
34411,14
34412,4
34413,1
34414,8
34415,2
34416,1
34417,1
34418,9
34419,53
34420,40
34421,39
34422,36
34423,5
34424,12
34425,39
34426,2
34427,35
34428,31
34429,39
34430,0
34431,0
34432,4
34433,28
34434,29
34435,36
34436,7
34437,5
34438,4
34439,12
34440,7
34441,3
34442,30
34443,2
34444,33
34445,9
34446,3
34447,1
34448,6
34449,15
34450,9
34451,0
34452,17
34453,4
34454,15
34455,37
34456,16
34457,5
34458,1
34459,8
34460,7
34461,32
34462,9
34463,9
34464,24
34465,2
34466,5
34467,53
34468,3
34469,8
34470,0
34471,11
34472,35
34473,37
34474,3
34475,60
34476,0
34477,4
34478,24
34479,30
34480,12
34481,6
34482,9
34483,36
34484,4
34485,9
34486,12
34487,43
34488,6
34489,3
34490,5
34491,0
34492,5
34493,3
34494,5
34495,2
34496,12
34497,28
34498,53
34499,6
34500,55
34501,35
34502,5
34503,3
34504,30
34505,2
34506,6
34507,12
34508,27
34509,55
34510,8
34511,0
34512,12
34513,32
34514,9
34515,1
34516,1
34517,9
34518,6
34519,9
34520,1
34521,8
34522,7
34523,6
34524,2
34525,21
34526,49
34527,4
34528,4
34529,22
34530,24
34531,0
34532,1
34533,8
34534,31
34535,9
34536,12
34537,53
34538,39
34539,9
34540,0
34541,2
34542,4
34543,1
34544,0
34545,28
34546,6
34547,1
34548,3
34549,1
34550,0
34551,7
34552,43
34553,12
34554,1
34555,0
34556,8
34557,23
34558,9
34559,25
34560,25
34561,9
34562,8
34563,4
34564,0
34565,8
34566,15
34567,4
34568,0
34569,1
34570,25
34571,25
34572,4
34573,9
34574,0
34575,9
34576,49
34577,53
34578,9
34579,24
34580,13
34581,8
34582,0
34583,10
34584,0
34585,1
34586,8
34587,7
34588,40
34589,12
34590,40
34591,3
34592,7
34593,6
34594,8
34595,4
34596,4
34597,12
34598,55
34599,1
34600,13
34601,11
34602,6
34603,5
34604,9
34605,1
34606,0
34607,9
34608,7
34609,3
34610,1
34611,1
34612,8
34613,2
34614,9
34615,7
34616,4
34617,3
34618,3
34619,2
34620,0
34621,3
34622,9
34623,0
34624,4
34625,15
34626,4
34627,9
34628,27
34629,3
34630,0
34631,24
34632,9
34633,8
34634,61
34635,49
34636,6
34637,28
34638,30
34639,40
34640,3
34641,49
34642,19
34643,6
34644,2
34645,3
34646,25
34647,1
34648,0
34649,6
34650,40
34651,4
34652,12
34653,5
34654,5
34655,24
34656,36
34657,11
34658,4
34659,9
34660,6
34661,0
34662,32
34663,22
34664,29
34665,39
34666,4
34667,4
34668,2
34669,7
34670,7
34671,28
34672,6
34673,39
34674,4
34675,24
34676,6
34677,3
34678,53
34679,10
34680,29
34681,28
34682,0
34683,8
34684,0
34685,26
34686,13
34687,24
34688,8
34689,28
34690,1
34691,1
34692,6
34693,9
34694,40
34695,5
34696,0
34697,3
34698,39
34699,39
34700,40
34701,22
34702,7
34703,49
34704,0
34705,23
34706,28
34707,21
34708,53
34709,9
34710,52
34711,9
34712,8
34713,7
34714,4
34715,52
34716,2
34717,3
34718,47
34719,9
34720,4
34721,8
34722,5
34723,8
34724,18
34725,42
34726,0
34727,30
34728,4
34729,3
34730,0
34731,8
34732,29
34733,1
34734,36
34735,0
34736,6
34737,7
34738,31
34739,0
34740,28
34741,22
34742,15
34743,6
34744,1
34745,7
34746,2
34747,31
34748,40
34749,1
34750,27
34751,23
34752,3
34753,53
34754,27
34755,8
34756,36
34757,15
34758,55
34759,4
34760,2
34761,0
34762,2
34763,55
34764,0
34765,6
34766,0
34767,5
34768,25
34769,28
34770,1
34771,58
34772,19
34773,43
34774,4
34775,57
34776,55
34777,7
34778,0
34779,49
34780,34
34781,39
34782,23
34783,37
34784,2
34785,42
34786,8
34787,9
34788,1
34789,10
34790,9
34791,12
34792,28
34793,0
34794,8
34795,14
34796,2
34797,2
34798,24
34799,25
34800,47
34801,27
34802,25
34803,55
34804,6
34805,7
34806,18
34807,30
34808,4
34809,30
34810,7
34811,9
34812,17
34813,8
34814,8
34815,40
34816,1
34817,2
34818,2
34819,28
34820,0
34821,53
34822,3
34823,0
34824,39
34825,1
34826,6
34827,24
34828,7
34829,28
34830,1
34831,4
34832,0
34833,49
34834,0
34835,3
34836,1
34837,23
34838,3
34839,0
34840,21
34841,9
34842,19
34843,40
34844,25
34845,1
34846,5
34847,49
34848,36
34849,3
34850,0
34851,6
34852,3
34853,5
34854,1
34855,9
34856,0
34857,2
34858,5
34859,40
34860,4
34861,7
34862,28
34863,3
34864,9
34865,28
34866,1
34867,4
34868,16
34869,40
34870,10
34871,49
34872,24
34873,13
34874,7
34875,2
34876,7
34877,4
34878,47
34879,8
34880,0
34881,25
34882,2
34883,7
34884,4
34885,24
34886,9
34887,5
34888,28
34889,8
34890,6
34891,9
34892,6
34893,7
34894,28
34895,19
34896,36
34897,24
34898,1
34899,8
34900,7
34901,4
34902,7
34903,47
34904,6
34905,18
34906,31
34907,9
34908,1
34909,28
34910,28
34911,15
34912,2
34913,2
34914,57
34915,30
34916,9
34917,23
34918,4
34919,46
34920,9
34921,53
34922,12
34923,42
34924,0
34925,22
34926,7
34927,39
34928,3
34929,9
34930,40
34931,12
34932,18
34933,5
34934,22
34935,28
34936,53
34937,37
34938,12
34939,8
34940,9
34941,13
34942,55
34943,2
34944,37
34945,8
34946,9
34947,36
34948,2
34949,15
34950,3
34951,55
34952,29
34953,1
34954,2
34955,9
34956,1
34957,12
34958,28
34959,20
34960,27
34961,37
34962,15
34963,5
34964,0
34965,3
34966,15
34967,11
34968,34
34969,22
34970,2
34971,9
34972,7
34973,26
34974,33
34975,2
34976,16
34977,22
34978,14
34979,8
34980,53
34981,43
34982,39
34983,7
34984,7
34985,5
34986,4
34987,59
34988,40
34989,30
34990,5
34991,16
34992,8
34993,8
34994,1
34995,8
34996,0
34997,18
34998,2
34999,1
35000,42
35001,7
35002,15
35003,9
35004,40
35005,12
35006,34
35007,8
35008,24
35009,40
35010,7
35011,3
35012,55
35013,40
35014,9
35015,53
35016,49
35017,27
35018,60
35019,5
35020,55
35021,24
35022,5
35023,12
35024,18
35025,29
35026,2
35027,1
35028,28
35029,30
35030,2
35031,53
35032,30
35033,12
35034,5
35035,24
35036,21
35037,28
35038,19
35039,0
35040,49
35041,1
35042,8
35043,5
35044,18
35045,23
35046,27
35047,0
35048,5
35049,30
35050,23
35051,3
35052,17
35053,2
35054,8
35055,15
35056,30
35057,47
35058,43
35059,7
35060,36
35061,39
35062,8
35063,18
35064,58
35065,8
35066,7
35067,1
35068,59
35069,24
35070,55
35071,4
35072,18
35073,9
35074,49
35075,25
35076,0
35077,28
35078,55
35079,15
35080,15
35081,1
35082,36
35083,24
35084,28
35085,5
35086,24
35087,12
35088,43
35089,7
35090,9
35091,2
35092,1
35093,8
35094,2
35095,1
35096,8
35097,37
35098,23
35099,9
35100,28
35101,55
35102,5
35103,40
35104,3
35105,25
35106,5
35107,1
35108,18
35109,1
35110,27
35111,53
35112,1
35113,0
35114,3
35115,6
35116,6
35117,1
35118,27
35119,24
35120,49
35121,40
35122,0
35123,49
35124,2
35125,4
35126,1
35127,46
35128,2
35129,1
35130,23
35131,4
35132,2
35133,5
35134,9
35135,7
35136,5
35137,0
35138,12
35139,5
35140,31
35141,53
35142,36
35143,22
35144,9
35145,28
35146,29
35147,8
35148,2
35149,0
35150,14
35151,3
35152,47
35153,19
35154,0
35155,3
35156,30
35157,3
35158,55
35159,53
35160,25
35161,0
35162,0
35163,0
35164,1
35165,40
35166,5
35167,9
35168,45
35169,55
35170,47
35171,55
35172,0
35173,37
35174,15
35175,28
35176,0
35177,1
35178,4
35179,4
35180,43
35181,1
35182,55
35183,53
35184,43
35185,25
35186,9
35187,9
35188,10
35189,1
35190,29
35191,36
35192,1
35193,40
35194,9
35195,44
35196,12
35197,1
35198,22
35199,60
35200,1
35201,6
35202,9
35203,24
35204,47
35205,8
35206,28
35207,22
35208,39
35209,27
35210,24
35211,12
35212,7
35213,1
35214,28
35215,8
35216,1
35217,40
35218,36
35219,15
35220,6
35221,53
35222,2
35223,30
35224,4
35225,7
35226,8
35227,4
35228,3
35229,5
35230,3
35231,22
35232,2
35233,6
35234,49
35235,25
35236,40
35237,5
35238,51
35239,8
35240,20
35241,2
35242,6
35243,3
35244,7
35245,7
35246,1
35247,23
35248,15
35249,2
35250,13
35251,55
35252,36
35253,13
35254,7
35255,5
35256,39
35257,6
35258,8
35259,8
35260,5
35261,9
35262,24
35263,39
35264,36
35265,1
35266,9
35267,37
35268,6
35269,3
35270,1
35271,1
35272,0
35273,3
35274,40
35275,34
35276,2
35277,40
35278,30
35279,27
35280,7
35281,40
35282,4
35283,0
35284,40
35285,24
35286,53
35287,1
35288,2
35289,2
35290,5
35291,43
35292,55
35293,40
35294,9
35295,7
35296,40
35297,42
35298,2
35299,7
35300,36
35301,8
35302,3
35303,9
35304,5
35305,10
35306,0
35307,9
35308,2
35309,0
35310,40
35311,39
35312,53
35313,6
35314,5
35315,14
35316,40
35317,28
35318,24
35319,49
35320,28
35321,32
35322,32
35323,41
35324,14
35325,10
35326,22
35327,30
35328,2
35329,30
35330,40
35331,8
35332,24
35333,1
35334,29
35335,1
35336,3
35337,36
35338,9
35339,1
35340,47
35341,29
35342,7
35343,1
35344,49
35345,24
35346,19
35347,0
35348,40
35349,24
35350,40
35351,7
35352,8
35353,23
35354,0
35355,0
35356,9
35357,3
35358,40
35359,7
35360,53
35361,29
35362,46
35363,0
35364,8
35365,28
35366,8
35367,6
35368,18
35369,13
35370,9
35371,8
35372,7
35373,9
35374,12
35375,18
35376,28
35377,45
35378,7
35379,1
35380,10
35381,14
35382,7
35383,7
35384,28
35385,14
35386,1
35387,32
35388,42
35389,36
35390,29
35391,8
35392,0
35393,7
35394,7
35395,36
35396,29
35397,9
35398,6
35399,40
35400,40
35401,0
35402,6
35403,0
35404,40
35405,5
35406,25
35407,8
35408,9
35409,28
35410,11
35411,9
35412,28
35413,21
35414,24
35415,40
35416,32
35417,9
35418,13
35419,1
35420,55
35421,12
35422,24
35423,43
35424,2
35425,4
35426,2
35427,42
35428,10
35429,5
35430,55
35431,40
35432,0
35433,22
35434,33
35435,7
35436,17
35437,6
35438,29
35439,49
35440,12
35441,0
35442,8
35443,29
35444,7
35445,4
35446,58
35447,40
35448,25
35449,9
35450,23
35451,19
35452,5
35453,58
35454,36
35455,0
35456,0
35457,4
35458,49
35459,15
35460,49
35461,8
35462,24
35463,7
35464,1
35465,4
35466,5
35467,5
35468,0
35469,39
35470,13
35471,2
35472,14
35473,18
35474,3
35475,9
35476,0
35477,30
35478,14
35479,31
35480,23
35481,5
35482,7
35483,25
35484,8
35485,1
35486,37
35487,12
35488,4
35489,3
35490,15
35491,24
35492,59
35493,45
35494,21
35495,0
35496,9
35497,59
35498,9
35499,15
35500,8
35501,27
35502,29
35503,3
35504,7
35505,4
35506,2
35507,5
35508,2
35509,7
35510,49
35511,4
35512,22
35513,1
35514,4
35515,39
35516,7
35517,3
35518,24
35519,4
35520,42
35521,0
35522,34
35523,13
35524,23
35525,25
35526,9
35527,8
35528,1
35529,1
35530,6
35531,25
35532,0
35533,26
35534,39
35535,31
35536,53
35537,3
35538,25
35539,7
35540,1
35541,28
35542,59
35543,1
35544,15
35545,6
35546,4
35547,8
35548,15
35549,6
35550,6
35551,53
35552,22
35553,7
35554,9
35555,7
35556,1
35557,0
35558,40
35559,23
35560,30
35561,17
35562,55
35563,40
35564,1
35565,6
35566,30
35567,53
35568,14
35569,2
35570,9
35571,29
35572,1
35573,34
35574,37
35575,12
35576,5
35577,7
35578,37
35579,18
35580,1
35581,43
35582,0
35583,19
35584,3
35585,4
35586,49
35587,8
35588,1
35589,2
35590,25
35591,9
35592,7
35593,8
35594,60
35595,10
35596,39
35597,22
35598,4
35599,33
35600,4
35601,9
35602,6
35603,5
35604,31
35605,7
35606,28
35607,52
35608,3
35609,5
35610,14
35611,53
35612,40
35613,9
35614,0
35615,7
35616,0
35617,40
35618,9
35619,21
35620,2
35621,3
35622,1
35623,4
35624,21
35625,7
35626,0
35627,49
35628,24
35629,2
35630,53
35631,23
35632,18
35633,9
35634,4
35635,32
35636,7
35637,8
35638,6
35639,18
35640,6
35641,55
35642,1
35643,55
35644,35
35645,4
35646,18
35647,18
35648,0
35649,6
35650,53
35651,0
35652,2
35653,0
35654,5
35655,24
35656,8
35657,2
35658,8
35659,17
35660,0
35661,0
35662,55
35663,0
35664,39
35665,4
35666,39
35667,18
35668,39
35669,6
35670,5
35671,55
35672,0
35673,28
35674,28
35675,55
35676,11
35677,33
35678,8
35679,5
35680,7
35681,53
35682,43
35683,11
35684,2
35685,5
35686,0
35687,55
35688,6
35689,0
35690,40
35691,22
35692,6
35693,2
35694,7
35695,49
35696,2
35697,40
35698,40
35699,3
35700,49
35701,12
35702,9
35703,3
35704,5
35705,22
35706,0
35707,47
35708,24
35709,21
35710,40
35711,32
35712,1
35713,3
35714,36
35715,2
35716,30
35717,49
35718,55
35719,36
35720,6
35721,47
35722,23
35723,8
35724,37
35725,8
35726,5
35727,1
35728,12
35729,22
35730,7
35731,0
35732,40
35733,4
35734,9
35735,10
35736,37
35737,3
35738,3
35739,21
35740,1
35741,39
35742,1
35743,9
35744,30
35745,9
35746,44
35747,23
35748,24
35749,7
35750,7
35751,27
35752,0
35753,28
35754,25
35755,53
35756,5
35757,8
35758,0
35759,29
35760,9
35761,18
35762,7
35763,24
35764,27
35765,11
35766,12
35767,39
35768,0
35769,39
35770,3
35771,6
35772,3
35773,1
35774,0
35775,55
35776,7
35777,28
35778,28
35779,8
35780,1
35781,58
35782,27
35783,7
35784,25
35785,7
35786,2
35787,0
35788,2
35789,24
35790,7
35791,4
35792,0
35793,30
35794,3
35795,30
35796,5
35797,40
35798,8
35799,9
35800,61
35801,6
35802,8
35803,10
35804,2
35805,7
35806,17
35807,24
35808,5
35809,26
35810,0
35811,8
35812,40
35813,14
35814,21
35815,55
35816,9
35817,29
35818,3
35819,6
35820,7
35821,34
35822,8
35823,4
35824,0
35825,7
35826,44
35827,8
35828,4
35829,35
35830,37
35831,8
35832,5
35833,1
35834,8
35835,24
35836,8
35837,2
35838,34
35839,3
35840,3
35841,6
35842,3
35843,4
35844,31
35845,1
35846,32
35847,36
35848,1
35849,1
35850,1
35851,9
35852,32
35853,0
35854,40
35855,2
35856,0
35857,9
35858,60
35859,4
35860,3
35861,9
35862,5
35863,58
35864,30
35865,8
35866,8
35867,53
35868,24
35869,28
35870,34
35871,21
35872,40
35873,5
35874,1
35875,10
35876,18
35877,22
35878,8
35879,24
35880,1
35881,1
35882,18
35883,40
35884,49
35885,6
35886,18
35887,1
35888,4
35889,30
35890,18
35891,22
35892,27
35893,8
35894,2
35895,23
35896,3
35897,39
35898,0
35899,2
35900,3
35901,4
35902,26
35903,43
35904,1
35905,1
35906,28
35907,5
35908,56
35909,53
35910,28
35911,37
35912,46
35913,42
35914,29
35915,1
35916,21
35917,1
35918,40
35919,7
35920,30
35921,29
35922,1
35923,53
35924,22
35925,12
35926,24
35927,28
35928,7
35929,23
35930,1
35931,8
35932,27
35933,27
35934,4
35935,12
35936,4
35937,31
35938,18
35939,5
35940,24
35941,1
35942,7
35943,30
35944,4
35945,45
35946,8
35947,53
35948,10
35949,34
35950,3
35951,25
35952,29
35953,25
35954,8
35955,43
35956,57
35957,0
35958,7
35959,9
35960,29
35961,10
35962,22
35963,6
35964,2
35965,7
35966,40
35967,1
35968,3
35969,7
35970,0
35971,8
35972,0
35973,21
35974,37
35975,57
35976,36
35977,46
35978,9
35979,1
35980,4
35981,40
35982,49
35983,7
35984,9
35985,14
35986,9
35987,0
35988,9
35989,24
35990,1
35991,17
35992,1
35993,40
35994,23
35995,7
35996,0
35997,25
35998,4
35999,6
36000,3
36001,10
36002,52
36003,17
36004,8
36005,8
36006,40
36007,1
36008,8
36009,5
36010,3
36011,58
36012,53
36013,40
36014,0
36015,8
36016,3
36017,25
36018,9
36019,1
36020,9
36021,7
36022,19
36023,47
36024,5
36025,1
36026,43
36027,6
36028,2
36029,31
36030,4
36031,1
36032,55
36033,24
36034,8
36035,8
36036,40
36037,36
36038,3
36039,55
36040,40
36041,35
36042,23
36043,27
36044,7
36045,53
36046,43
36047,30
36048,13
36049,8
36050,18
36051,22
36052,6
36053,1
36054,28
36055,1
36056,2
36057,2
36058,5
36059,9
36060,6
36061,1
36062,0
36063,7
36064,55
36065,32
36066,28
36067,6
36068,29
36069,4
36070,40
36071,1
36072,39
36073,0
36074,6
36075,21
36076,55
36077,7
36078,1
36079,9
36080,2
36081,30
36082,4
36083,22
36084,2
36085,29
36086,3
36087,30
36088,9
36089,3
36090,0
36091,1
36092,34
36093,0
36094,9
36095,9
36096,47
36097,4
36098,23
36099,2
36100,18
36101,24
36102,0
36103,39
36104,28
36105,30
36106,28
36107,25
36108,40
36109,40
36110,34
36111,43
36112,9
36113,39
36114,9
36115,3
36116,0
36117,26
36118,53
36119,7
36120,37
36121,24
36122,3
36123,3
36124,36
36125,6
36126,9
36127,43
36128,22
36129,5
36130,34
36131,10
36132,1
36133,25
36134,55
36135,18
36136,6
36137,55
36138,2
36139,22
36140,6
36141,2
36142,23
36143,2
36144,28
36145,0
36146,8
36147,39
36148,2
36149,1
36150,15
36151,1
36152,6
36153,1
36154,1
36155,11
36156,5
36157,0
36158,49
36159,0
36160,23
36161,6
36162,2
36163,12
36164,4
36165,25
36166,7
36167,14
36168,28
36169,22
36170,5
36171,40
36172,7
36173,6
36174,8
36175,61
36176,2
36177,28
36178,11
36179,0
36180,0
36181,25
36182,49
36183,5
36184,40
36185,5
36186,35
36187,49
36188,5
36189,8
36190,55
36191,8
36192,36
36193,7
36194,0
36195,7
36196,9
36197,8
36198,10
36199,55
36200,37
36201,7
36202,4
36203,33
36204,31
36205,49
36206,42
36207,0
36208,24
36209,3
36210,18
36211,60
36212,0
36213,30
36214,8
36215,7
36216,8
36217,23
36218,24
36219,7
36220,9
36221,24
36222,33
36223,22
36224,9
36225,15
36226,6
36227,5
36228,20
36229,0
36230,3
36231,1
36232,5
36233,5
36234,29
36235,12
36236,4
36237,3
36238,8
36239,1
36240,24
36241,9
36242,0
36243,13
36244,0
36245,5
36246,28
36247,3
36248,18
36249,40
36250,0
36251,19
36252,30
36253,4
36254,15
36255,58
36256,1
36257,3
36258,53
36259,36
36260,1
36261,22
36262,40
36263,24
36264,14
36265,9
36266,34
36267,0
36268,28
36269,0
36270,18
36271,16
36272,21
36273,53
36274,23
36275,5
36276,8
36277,5
36278,2
36279,7
36280,29
36281,1
36282,8
36283,24
36284,6
36285,40
36286,12
36287,53
36288,12
36289,28
36290,53
36291,8
36292,18
36293,22
36294,28
36295,30
36296,2
36297,27
36298,25
36299,15
36300,8
36301,6
36302,24
36303,2
36304,7
36305,15
36306,0
36307,7
36308,2
36309,8
36310,12
36311,8
36312,5
36313,28
36314,24
36315,7
36316,7
36317,26
36318,6
36319,43
36320,39
36321,24
36322,2
36323,39
36324,1
36325,3
36326,2
36327,4
36328,0
36329,7
36330,15
36331,24
36332,0
36333,8
36334,32
36335,8
36336,25
36337,4
36338,8
36339,1
36340,22
36341,40
36342,2
36343,2
36344,1
36345,26
36346,0
36347,29
36348,0
36349,1
36350,6
36351,9
36352,49
36353,24
36354,5
36355,0
36356,0
36357,55
36358,4
36359,3
36360,7
36361,53
36362,6
36363,1
36364,22
36365,2
36366,40
36367,8
36368,31
36369,2
36370,61
36371,4
36372,31
36373,12
36374,2
36375,2
36376,24
36377,2
36378,7
36379,28
36380,55
36381,55
36382,34
36383,27
36384,34
36385,55
36386,9
36387,1
36388,3
36389,8
36390,7
36391,1
36392,40
36393,28
36394,29
36395,55
36396,9
36397,7
36398,5
36399,3
36400,45
36401,25
36402,5
36403,0
36404,1
36405,24
36406,51
36407,53
36408,12
36409,55
36410,8
36411,10
36412,43
36413,3
36414,5
36415,5
36416,1
36417,40
36418,3
36419,6
36420,1
36421,8
36422,9
36423,6
36424,29
36425,18
36426,6
36427,6
36428,5
36429,15
36430,7
36431,5
36432,7
36433,18
36434,7
36435,0
36436,19
36437,28
36438,40
36439,55
36440,9
36441,8
36442,9
36443,7
36444,2
36445,14
36446,7
36447,23
36448,3
36449,5
36450,1
36451,40
36452,23
36453,30
36454,40
36455,14
36456,4
36457,9
36458,43
36459,53
36460,49
36461,28
36462,39
36463,2
36464,53
36465,61
36466,4
36467,14
36468,7
36469,40
36470,24
36471,40
36472,5
36473,40
36474,8
36475,30
36476,5
36477,7
36478,2
36479,39
36480,15
36481,0
36482,2
36483,39
36484,9
36485,1
36486,4
36487,8
36488,12
36489,55
36490,1
36491,2
36492,7
36493,4
36494,28
36495,10
36496,49
36497,2
36498,39
36499,24
36500,31
36501,2
36502,1
36503,4
36504,1
36505,1
36506,1
36507,55
36508,34
36509,40
36510,4
36511,31
36512,6
36513,24
36514,6
36515,22
36516,12
36517,6
36518,17
36519,6
36520,2
36521,4
36522,53
36523,22
36524,8
36525,53
36526,7
36527,29
36528,7
36529,3
36530,4
36531,28
36532,3
36533,3
36534,0
36535,2
36536,24
36537,25
36538,2
36539,25
36540,28
36541,40
36542,49
36543,3
36544,9
36545,6
36546,3
36547,30
36548,3
36549,31
36550,8
36551,2
36552,1
36553,30
36554,5
36555,1
36556,1
36557,52
36558,6
36559,0
36560,12
36561,24
36562,28
36563,4
36564,6
36565,0
36566,5
36567,3
36568,0
36569,59
36570,3
36571,39
36572,2
36573,3
36574,6
36575,56
36576,6
36577,6
36578,1
36579,15
36580,24
36581,0
36582,7
36583,53
36584,39
36585,3
36586,15
36587,9
36588,24
36589,6
36590,9
36591,53
36592,8
36593,1
36594,40
36595,32
36596,2
36597,8
36598,9
36599,8
36600,8
36601,1
36602,3
36603,25
36604,1
36605,28
36606,1
36607,4
36608,24
36609,2
36610,7
36611,28
36612,40
36613,4
36614,9
36615,30
36616,53
36617,8
36618,6
36619,28
36620,0
36621,23
36622,5
36623,22
36624,40
36625,4
36626,9
36627,1
36628,3
36629,53
36630,9
36631,55
36632,49
36633,24
36634,55
36635,0
36636,43
36637,8
36638,34
36639,13
36640,30
36641,29
36642,2
36643,0
36644,28
36645,1
36646,21
36647,29
36648,37
36649,8
36650,5
36651,5
36652,4
36653,4
36654,6
36655,8
36656,42
36657,4
36658,1
36659,40
36660,9
36661,5
36662,9
36663,6
36664,6
36665,55
36666,7
36667,4
36668,9
36669,8
36670,13
36671,20
36672,2
36673,7
36674,43
36675,4
36676,23
36677,5
36678,3
36679,28
36680,8
36681,5
36682,6
36683,3
36684,8
36685,2
36686,53
36687,24
36688,20
36689,7
36690,30
36691,28
36692,2
36693,2
36694,6
36695,1
36696,8
36697,60
36698,18
36699,36
36700,25
36701,22
36702,18
36703,42
36704,40
36705,7
36706,24
36707,53
36708,41
36709,10
36710,4
36711,0
36712,7
36713,40
36714,28
36715,25
36716,9
36717,9
36718,4
36719,6
36720,2
36721,8
36722,6
36723,42
36724,7
36725,10
36726,4
36727,24
36728,36
36729,36
36730,6
36731,7
36732,1
36733,7
36734,9
36735,2
36736,53
36737,28
36738,5
36739,40
36740,2
36741,8
36742,3
36743,4
36744,1
36745,40
36746,1
36747,2
36748,8
36749,5
36750,5
36751,43
36752,3
36753,1
36754,1
36755,15
36756,1
36757,25
36758,6
36759,24
36760,15
36761,9
36762,55
36763,1
36764,4
36765,40
36766,9
36767,43
36768,4
36769,4
36770,1
36771,6
36772,9
36773,39
36774,31
36775,3
36776,6
36777,7
36778,0
36779,30
36780,1
36781,28
36782,1
36783,0
36784,23
36785,22
36786,4
36787,23
36788,7
36789,5
36790,8
36791,1
36792,0
36793,1
36794,0
36795,21
36796,55
36797,40
36798,23
36799,4
36800,28
36801,6
36802,8
36803,14
36804,2
36805,53
36806,13
36807,4
36808,1
36809,30
36810,1
36811,40
36812,8
36813,1
36814,30
36815,4
36816,2
36817,2
36818,7
36819,15
36820,23
36821,12
36822,18
36823,8
36824,7
36825,18
36826,4
36827,9
36828,28
36829,49
36830,9
36831,7
36832,15
36833,5
36834,53
36835,9
36836,2
36837,20
36838,40
36839,22
36840,0
36841,28
36842,1
36843,9
36844,0
36845,9
36846,0
36847,1
36848,1
36849,0
36850,1
36851,3
36852,40
36853,53
36854,16
36855,13
36856,3
36857,24
36858,11
36859,15
36860,28
36861,24
36862,1
36863,7
36864,7
36865,1
36866,0
36867,2
36868,27
36869,23
36870,40
36871,9
36872,5
36873,7
36874,21
36875,12
36876,31
36877,52
36878,29
36879,7
36880,5
36881,31
36882,31
36883,25
36884,1
36885,1
36886,30
36887,0
36888,6
36889,4
36890,55
36891,3
36892,55
36893,4
36894,22
36895,58
36896,28
36897,24
36898,53
36899,7
36900,61
36901,2
36902,49
36903,23
36904,1
36905,18
36906,59
36907,31
36908,23
36909,0
36910,55
36911,40
36912,7
36913,30
36914,5
36915,18
36916,4
36917,21
36918,35
36919,55
36920,5
36921,49
36922,8
36923,6
36924,3
36925,36
36926,0
36927,2
36928,24
36929,7
36930,22
36931,0
36932,0
36933,6
36934,47
36935,5
36936,24
36937,55
36938,7
36939,7
36940,3
36941,12
36942,14
36943,9
36944,1
36945,8
36946,4
36947,9
36948,45
36949,24
36950,6
36951,1
36952,12
36953,0
36954,7
36955,30
36956,1
36957,23
36958,3
36959,3
36960,43
36961,1
36962,0
36963,31
36964,7
36965,43
36966,30
36967,3
36968,13
36969,0
36970,6
36971,42
36972,3
36973,28
36974,13
36975,7
36976,24
36977,9
36978,7
36979,30
36980,35
36981,36
36982,7
36983,30
36984,7
36985,55
36986,15
36987,27
36988,22
36989,2
36990,43
36991,27
36992,29
36993,37
36994,28
36995,0
36996,0
36997,46
36998,8
36999,0
37000,1
37001,7
37002,12
37003,28
37004,47
37005,40
37006,9
37007,40
37008,3
37009,3
37010,7
37011,30
37012,8
37013,9
37014,36
37015,11
37016,24
37017,32
37018,39
37019,3
37020,5
37021,53
37022,3
37023,18
37024,8
37025,3
37026,1
37027,1
37028,7
37029,2
37030,1
37031,55
37032,7
37033,2
37034,1
37035,4
37036,7
37037,32
37038,5
37039,7
37040,46
37041,0
37042,2
37043,1
37044,28
37045,40
37046,30
37047,7
37048,52
37049,26
37050,6
37051,55
37052,11
37053,1
37054,47
37055,25
37056,6
37057,0
37058,30
37059,7
37060,40
37061,24
37062,21
37063,36
37064,1
37065,32
37066,8
37067,6
37068,1
37069,5
37070,9
37071,28
37072,40
37073,27
37074,5
37075,4
37076,1
37077,35
37078,6
37079,18
37080,3
37081,9
37082,37
37083,29
37084,5
37085,4
37086,28
37087,28
37088,22
37089,30
37090,4
37091,49
37092,22
37093,5
37094,0
37095,7
37096,5
37097,2
37098,28
37099,4
37100,0
37101,3
37102,40
37103,35
37104,28
37105,60
37106,39
37107,14
37108,43
37109,3
37110,21
37111,42
37112,7
37113,5
37114,29
37115,57
37116,53
37117,39
37118,8
37119,11
37120,1
37121,22
37122,2
37123,15
37124,47
37125,53
37126,55
37127,1
37128,2
37129,15
37130,7
37131,0
37132,34
37133,5
37134,30
37135,2
37136,6
37137,24
37138,6
37139,43
37140,8
37141,5
37142,46
37143,8
37144,3
37145,0
37146,0
37147,5
37148,3
37149,0
37150,3
37151,1
37152,2
37153,8
37154,53
37155,7
37156,6
37157,61
37158,2
37159,22
37160,9
37161,22
37162,24
37163,24
37164,55
37165,30
37166,47
37167,14
37168,0
37169,27
37170,40
37171,22
37172,29
37173,0
37174,48
37175,9
37176,31
37177,28
37178,1
37179,0
37180,1
37181,2
37182,15
37183,0
37184,26
37185,49
37186,2
37187,36
37188,25
37189,3
37190,9
37191,1
37192,39
37193,1
37194,9
37195,28
37196,34
37197,28
37198,27
37199,8
37200,49
37201,0
37202,3
37203,24
37204,42
37205,2
37206,20
37207,43
37208,39
37209,4
37210,5
37211,55
37212,5
37213,1
37214,8
37215,6
37216,9
37217,28
37218,3
37219,24
37220,8
37221,2
37222,49
37223,3
37224,8
37225,3
37226,28
37227,0
37228,24
37229,24
37230,28
37231,8
37232,28
37233,47
37234,1
37235,5
37236,30
37237,4
37238,2
37239,0
37240,24
37241,12
37242,24
37243,1
37244,3
37245,40
37246,8
37247,18
37248,22
37249,0
37250,22
37251,9
37252,6
37253,27
37254,15
37255,6
37256,40
37257,12
37258,28
37259,5
37260,31
37261,55
37262,40
37263,53
37264,3
37265,21
37266,10
37267,7
37268,5
37269,25
37270,25
37271,22
37272,4
37273,27
37274,25
37275,1
37276,0
37277,9
37278,1
37279,3
37280,55
37281,8
37282,5
37283,5
37284,5
37285,14
37286,25
37287,30
37288,0
37289,24
37290,9
37291,18
37292,28
37293,7
37294,8
37295,1
37296,31
37297,7
37298,8
37299,6
37300,3
37301,32
37302,1
37303,4
37304,39
37305,22
37306,23
37307,3
37308,4
37309,1
37310,6
37311,13
37312,8
37313,12
37314,3
37315,9
37316,4
37317,2
37318,6
37319,30
37320,24
37321,9
37322,53
37323,8
37324,2
37325,34
37326,1
37327,7
37328,7
37329,1
37330,14
37331,0
37332,8
37333,12
37334,12
37335,5
37336,3
37337,0
37338,8
37339,53
37340,8
37341,39
37342,3
37343,10
37344,2
37345,15
37346,2
37347,0
37348,2
37349,7
37350,30
37351,8
37352,4
37353,7
37354,0
37355,22
37356,1
37357,22
37358,9
37359,0
37360,20
37361,24
37362,8
37363,24
37364,7
37365,25
37366,28
37367,1
37368,9
37369,9
37370,29
37371,5
37372,43
37373,29
37374,3
37375,58
37376,15
37377,49
37378,2
37379,1
37380,8
37381,40
37382,8
37383,29
37384,6
37385,32
37386,36
37387,4
37388,39
37389,4
37390,28
37391,37
37392,1
37393,55
37394,61
37395,12
37396,14
37397,2
37398,40
37399,4
37400,24
37401,2
37402,31
37403,5
37404,8
37405,40
37406,8
37407,28
37408,0
37409,6
37410,2
37411,24
37412,6
37413,2
37414,1
37415,23
37416,49
37417,0
37418,58
37419,24
37420,36
37421,5
37422,16
37423,2
37424,27
37425,8
37426,1
37427,8
37428,19
37429,61
37430,30
37431,1
37432,9
37433,17
37434,9
37435,4
37436,18
37437,1
37438,18
37439,34
37440,44
37441,17
37442,1
37443,49
37444,34
37445,1
37446,55
37447,1
37448,28
37449,9
37450,9
37451,28
37452,60
37453,24
37454,18
37455,23
37456,24
37457,20
37458,55
37459,1
37460,7
37461,1
37462,1
37463,4
37464,59
37465,55
37466,8
37467,5
37468,6
37469,24
37470,7
37471,3
37472,0
37473,53
37474,28
37475,25
37476,40
37477,5
37478,53
37479,0
37480,5
37481,39
37482,15
37483,1
37484,5
37485,28
37486,49
37487,34
37488,5
37489,1
37490,53
37491,0
37492,39
37493,40
37494,2
37495,53
37496,29
37497,29
37498,49
37499,18
37500,42
37501,23
37502,30
37503,1
37504,61
37505,9
37506,3
37507,9
37508,3
37509,9
37510,1
37511,9
37512,1
37513,6
37514,2
37515,55
37516,3
37517,30
37518,8
37519,8
37520,23
37521,12
37522,28
37523,30
37524,42
37525,8
37526,2
37527,40
37528,36
37529,1
37530,3
37531,20
37532,11
37533,8
37534,25
37535,7
37536,9
37537,16
37538,43
37539,29
37540,1
37541,40
37542,25
37543,1
37544,15
37545,8
37546,5
37547,1
37548,53
37549,36
37550,37
37551,28
37552,23
37553,6
37554,24
37555,1
37556,15
37557,43
37558,23
37559,39
37560,36
37561,26
37562,2
37563,2
37564,22
37565,53
37566,3
37567,9
37568,6
37569,5
37570,6
37571,28
37572,7
37573,28
37574,0
37575,7
37576,39
37577,2
37578,1
37579,40
37580,43
37581,2
37582,12
37583,7
37584,3
37585,18
37586,22
37587,2
37588,34
37589,37
37590,16
37591,1
37592,43
37593,1
37594,2
37595,6
37596,7
37597,23
37598,9
37599,9
37600,0
37601,3
37602,4
37603,39
37604,22
37605,9
37606,11
37607,61
37608,3
37609,1
37610,49
37611,14
37612,40
37613,6
37614,27
37615,8
37616,28
37617,49
37618,14
37619,55
37620,30
37621,8
37622,36
37623,12
37624,10
37625,6
37626,40
37627,1
37628,7
37629,8
37630,9
37631,18
37632,2
37633,1
37634,5
37635,31
37636,4
37637,21
37638,7
37639,7
37640,4
37641,17
37642,0
37643,40
37644,7
37645,5
37646,4
37647,7
37648,6
37649,30
37650,47
37651,9
37652,1
37653,0
37654,46
37655,2
37656,4
37657,8
37658,29
37659,10
37660,4
37661,7
37662,1
37663,10
37664,20
37665,5
37666,53
37667,10
37668,28
37669,1
37670,47
37671,16
37672,7
37673,0
37674,2
37675,17
37676,8
37677,8
37678,40
37679,47
37680,7
37681,42
37682,43
37683,7
37684,18
37685,27
37686,40
37687,5
37688,0
37689,29
37690,24
37691,4
37692,0
37693,40
37694,9
37695,25
37696,53
37697,2
37698,11
37699,4
37700,49
37701,7
37702,9
37703,40
37704,3
37705,6
37706,8
37707,1
37708,11
37709,36
37710,12
37711,0
37712,9
37713,36
37714,0
37715,10
37716,5
37717,26
37718,9
37719,6
37720,15
37721,0
37722,27
37723,8
37724,4
37725,1
37726,5
37727,19
37728,53
37729,5
37730,0
37731,55
37732,28
37733,55
37734,13
37735,12
37736,3
37737,8
37738,12
37739,0
37740,2
37741,2
37742,47
37743,40
37744,49
37745,13
37746,22
37747,29
37748,22
37749,53
37750,23
37751,2
37752,7
37753,28
37754,2
37755,0
37756,9
37757,9
37758,8
37759,16
37760,9
37761,19
37762,9
37763,7
37764,47
37765,31
37766,40
37767,1
37768,9
37769,24
37770,49
37771,0
37772,1
37773,7
37774,0
37775,53
37776,36
37777,24
37778,0
37779,55
37780,31
37781,55
37782,2
37783,24
37784,0
37785,34
37786,7
37787,19
37788,17
37789,24
37790,33
37791,0
37792,9
37793,0
37794,55
37795,1
37796,5
37797,18
37798,2
37799,5
37800,2
37801,1
37802,14
37803,7
37804,1
37805,15
37806,9
37807,25
37808,33
37809,43
37810,1
37811,55
37812,9
37813,1
37814,6
37815,55
37816,3
37817,14
37818,46
37819,59
37820,36
37821,8
37822,29
37823,29
37824,0
37825,18
37826,9
37827,1
37828,6
37829,6
37830,32
37831,28
37832,2
37833,52
37834,5
37835,8
37836,3
37837,28
37838,55
37839,7
37840,5
37841,2
37842,39
37843,22
37844,7
37845,3
37846,1
37847,6
37848,2
37849,28
37850,2
37851,6
37852,35
37853,40
37854,7
37855,8
37856,35
37857,0
37858,20
37859,1
37860,4
37861,4
37862,55
37863,24
37864,10
37865,3
37866,43
37867,1
37868,36
37869,0
37870,18
37871,18
37872,0
37873,2
37874,23
37875,1
37876,1
37877,8
37878,28
37879,60
37880,7
37881,22
37882,2
37883,9
37884,3
37885,39
37886,2
37887,12
37888,11
37889,24
37890,28
37891,1
37892,9
37893,5
37894,8
37895,21
37896,6
37897,10
37898,24
37899,23
37900,39
37901,9
37902,47
37903,9
37904,40
37905,5
37906,34
37907,28
37908,7
37909,4
37910,5
37911,15
37912,9
37913,32
37914,9
37915,58
37916,1
37917,11
37918,9
37919,32
37920,1
37921,5
37922,36
37923,36
37924,1
37925,30
37926,14
37927,1
37928,55
37929,58
37930,29
37931,43
37932,27
37933,2
37934,0
37935,24
37936,23
37937,49
37938,5
37939,47
37940,2
37941,22
37942,6
37943,24
37944,5
37945,8
37946,7
37947,1
37948,42
37949,24
37950,5
37951,36
37952,5
37953,7
37954,27
37955,23
37956,21
37957,5
37958,8
37959,13
37960,47
37961,32
37962,55
37963,6
37964,57
37965,1
37966,1
37967,55
37968,39
37969,30
37970,2
37971,7
37972,8
37973,40
37974,34
37975,42
37976,55
37977,4
37978,40
37979,5
37980,53
37981,1
37982,9
37983,8
37984,0
37985,12
37986,55
37987,49
37988,6
37989,18
37990,40
37991,28
37992,40
37993,6
37994,7
37995,4
37996,25
37997,12
37998,6
37999,4
38000,15
38001,40
38002,23
38003,39
38004,3
38005,9
38006,53
38007,40
38008,31
38009,23
38010,30
38011,49
38012,25
38013,5
38014,3
38015,24
38016,9
38017,7
38018,43
38019,5
38020,2
38021,18
38022,23
38023,40
38024,6
38025,55
38026,0
38027,1
38028,30
38029,4
38030,0
38031,28
38032,0
38033,40
38034,49
38035,34
38036,28
38037,53
38038,8
38039,12
38040,6
38041,5
38042,2
38043,29
38044,4
38045,1
38046,8
38047,6
38048,8
38049,4
38050,4
38051,58
38052,36
38053,5
38054,6
38055,53
38056,55
38057,2
38058,6
38059,6
38060,20
38061,37
38062,4
38063,7
38064,1
38065,30
38066,30
38067,28
38068,4
38069,55
38070,53
38071,28
38072,8
38073,2
38074,36
38075,39
38076,1
38077,9
38078,9
38079,24
38080,4
38081,16
38082,40
38083,7
38084,19
38085,16
38086,8
38087,1
38088,37
38089,6
38090,1
38091,18
38092,2
38093,3
38094,3
38095,4
38096,9
38097,6
38098,6
38099,7
38100,32
38101,53
38102,58
38103,8
38104,0
38105,61
38106,3
38107,1
38108,53
38109,1
38110,0
38111,3
38112,3
38113,58
38114,55
38115,1
38116,13
38117,24
38118,15
38119,23
38120,7
38121,1
38122,6
38123,1
38124,29
38125,30
38126,29
38127,1
38128,6
38129,1
38130,9
38131,19
38132,7
38133,40
38134,1
38135,14
38136,2
38137,49
38138,36
38139,3
38140,1
38141,4
38142,2
38143,23
38144,28
38145,1
38146,49
38147,36
38148,24
38149,30
38150,53
38151,7
38152,1
38153,53
38154,12
38155,57
38156,2
38157,40
38158,26
38159,3
38160,0
38161,49
38162,4
38163,2
38164,30
38165,2
38166,55
38167,40
38168,3
38169,2
38170,9
38171,5
38172,47
38173,6
38174,24
38175,7
38176,32
38177,0
38178,3
38179,7
38180,36
38181,15
38182,5
38183,21
38184,2
38185,1
38186,9
38187,24
38188,28
38189,22
38190,0
38191,28
38192,29
38193,6
38194,49
38195,49
38196,57
38197,55
38198,1
38199,28
38200,6
38201,24
38202,30
38203,36
38204,0
38205,20
38206,11
38207,7
38208,53
38209,28
38210,28
38211,9
38212,25
38213,0
38214,8
38215,8
38216,37
38217,4
38218,4
38219,24
38220,8
38221,37
38222,1
38223,35
38224,7
38225,49
38226,28
38227,8
38228,40
38229,59
38230,42
38231,39
38232,6
38233,25
38234,13
38235,22
38236,13
38237,0
38238,1
38239,8
38240,32
38241,43
38242,49
38243,3
38244,6
38245,21
38246,25
38247,1
38248,3
38249,36
38250,22
38251,7
38252,24
38253,46
38254,49
38255,40
38256,5
38257,2
38258,3
38259,3
38260,2
38261,0
38262,9
38263,4
38264,1
38265,34
38266,5
38267,26
38268,23
38269,46
38270,3
38271,17
38272,24
38273,2
38274,27
38275,3
38276,10
38277,3
38278,61
38279,36
38280,7
38281,9
38282,40
38283,0
38284,8
38285,1
38286,29
38287,7
38288,4
38289,39
38290,8
38291,25
38292,8
38293,53
38294,5
38295,1
38296,3
38297,23
38298,5
38299,2
38300,28
38301,1
38302,26
38303,24
38304,11
38305,2
38306,15
38307,1
38308,8
38309,24
38310,31
38311,9
38312,0
38313,14
38314,4
38315,40
38316,39
38317,0
38318,11
38319,8
38320,40
38321,1
38322,28
38323,25
38324,30
38325,1
38326,16
38327,28
38328,25
38329,0
38330,37
38331,23
38332,3
38333,53
38334,30
38335,8
38336,8
38337,0
38338,4
38339,29
38340,6
38341,49
38342,6
38343,55
38344,28
38345,2
38346,1
38347,14
38348,55
38349,1
38350,4
38351,7
38352,8
38353,19
38354,26
38355,49
38356,53
38357,43
38358,9
38359,5
38360,2
38361,30
38362,28
38363,0
38364,5
38365,1
38366,2
38367,28
38368,6
38369,53
38370,40
38371,18
38372,46
38373,2
38374,61
38375,4
38376,3
38377,8
38378,5
38379,37
38380,9
38381,14
38382,9
38383,12
38384,40
38385,59
38386,24
38387,4
38388,59
38389,28
38390,6
38391,1
38392,10
38393,2
38394,52
38395,32
38396,28
38397,53
38398,37
38399,15
38400,7
38401,55
38402,15
38403,6
38404,7
38405,8
38406,1
38407,24
38408,0
38409,9
38410,1
38411,7
38412,58
38413,14
38414,4
38415,42
38416,59
38417,9
38418,19
38419,36
38420,3
38421,2
38422,3
38423,9
38424,5
38425,12
38426,7
38427,55
38428,9
38429,33
38430,7
38431,5
38432,3
38433,32
38434,1
38435,1
38436,4
38437,16
38438,26
38439,3
38440,16
38441,1
38442,4
38443,4
38444,1
38445,1
38446,29
38447,4
38448,8
38449,0
38450,6
38451,1
38452,2
38453,1
38454,3
38455,2
38456,6
38457,2
38458,30
38459,12
38460,14
38461,49
38462,18
38463,28
38464,2
38465,5
38466,8
38467,59
38468,0
38469,7
38470,5
38471,3
38472,24
38473,4
38474,28
38475,18
38476,29
38477,0
38478,15
38479,53
38480,53
38481,9
38482,30
38483,4
38484,40
38485,2
38486,49
38487,18
38488,7
38489,26
38490,3
38491,7
38492,3
38493,30
38494,2
38495,28
38496,4
38497,3
38498,29
38499,29
38500,24
38501,2
38502,6
38503,3
38504,60
38505,7
38506,8
38507,0
38508,7
38509,2
38510,4
38511,3
38512,2
38513,2
38514,40
38515,4
38516,0
38517,0
38518,0
38519,24
38520,6
38521,4
38522,15
38523,8
38524,6
38525,30
38526,10
38527,22
38528,4
38529,0
38530,43
38531,45
38532,1
38533,7
38534,28
38535,45
38536,2
38537,43
38538,8
38539,13
38540,3
38541,4
38542,2
38543,5
38544,25
38545,4
38546,7
38547,6
38548,3
38549,5
38550,36
38551,6
38552,8
38553,0
38554,49
38555,0
38556,30
38557,30
38558,0
38559,40
38560,40
38561,4
38562,5
38563,4
38564,1
38565,8
38566,2
38567,43
38568,5
38569,40
38570,5
38571,6
38572,21
38573,9
38574,28
38575,31
38576,0
38577,7
38578,0
38579,2
38580,7
38581,28
38582,15
38583,14
38584,47
38585,1
38586,36
38587,30
38588,5
38589,8
38590,22
38591,12
38592,14
38593,2
38594,6
38595,5
38596,55
38597,12
38598,1
38599,4
38600,22
38601,0
38602,43
38603,1
38604,18
38605,7
38606,6
38607,4
38608,6
38609,5
38610,0
38611,6
38612,23
38613,25
38614,9
38615,31
38616,29
38617,8
38618,4
38619,1
38620,18
38621,24
38622,6
38623,7
38624,2
38625,30
38626,5
38627,9
38628,1
38629,0
38630,8
38631,4
38632,28
38633,1
38634,4
38635,14
38636,55
38637,5
38638,3
38639,1
38640,16
38641,2
38642,29
38643,30
38644,28
38645,24
38646,9
38647,27
38648,4
38649,24
38650,9
38651,24
38652,39
38653,1
38654,40
38655,3
38656,3
38657,8
38658,28
38659,20
38660,49
38661,0
38662,40
38663,28
38664,18
38665,9
38666,8
38667,8
38668,6
38669,4
38670,1
38671,39
38672,29
38673,49
38674,5
38675,0
38676,1
38677,9
38678,28
38679,40
38680,0
38681,37
38682,6
38683,25
38684,3
38685,5
38686,29
38687,28
38688,9
38689,37
38690,3
38691,11
38692,55
38693,2
38694,1
38695,0
38696,2
38697,5
38698,28
38699,6
38700,32
38701,0
38702,28
38703,43
38704,9
38705,39
38706,7
38707,7
38708,19
38709,37
38710,1
38711,55
38712,10
38713,40
38714,8
38715,29
38716,9
38717,55
38718,39
38719,3
38720,61
38721,2
38722,40
38723,3
38724,2
38725,4
38726,22
38727,42
38728,0
38729,0
38730,10
38731,6
38732,22
38733,0
38734,6
38735,13
38736,0
38737,49
38738,9
38739,6
38740,30
38741,2
38742,16
38743,24
38744,2
38745,52
38746,0
38747,9
38748,9
38749,8
38750,33
38751,0
38752,19
38753,5
38754,6
38755,40
38756,1
38757,6
38758,28
38759,21
38760,6
38761,18
38762,28
38763,7
38764,5
38765,43
38766,5
38767,27
38768,4
38769,6
38770,22
38771,3
38772,24
38773,1
38774,7
38775,5
38776,25
38777,5
38778,6
38779,12
38780,28
38781,2
38782,9
38783,43
38784,49
38785,40
38786,18
38787,8
38788,5
38789,19
38790,28
38791,22
38792,15
38793,2
38794,1
38795,6
38796,22
38797,40
38798,8
38799,18
38800,8
38801,26
38802,2
38803,8
38804,40
38805,2
38806,5
38807,8
38808,9
38809,11
38810,8
38811,19
38812,8
38813,0
38814,5
38815,9
38816,21
38817,49
38818,7
38819,1
38820,0
38821,59
38822,3
38823,30
38824,29
38825,53
38826,53
38827,14
38828,28
38829,55
38830,1
38831,29
38832,15
38833,4
38834,28
38835,11
38836,2
38837,59
38838,3
38839,2
38840,5
38841,9
38842,49
38843,7
38844,15
38845,44
38846,9
38847,55
38848,27
38849,55
38850,15
38851,52
38852,1
38853,2
38854,39
38855,49
38856,32
38857,8
38858,12
38859,30
38860,9
38861,22
38862,3
38863,32
38864,2
38865,27
38866,4
38867,1
38868,4
38869,5
38870,8
38871,12
38872,55
38873,14
38874,2
38875,25
38876,30
38877,1
38878,3
38879,6
38880,10
38881,5
38882,34
38883,9
38884,29
38885,19
38886,30
38887,43
38888,40
38889,5
38890,1
38891,45
38892,30
38893,4
38894,8
38895,4
38896,6
38897,3
38898,28
38899,49
38900,25
38901,6
38902,14
38903,53
38904,1
38905,2
38906,7
38907,36
38908,3
38909,15
38910,25
38911,15
38912,24
38913,9
38914,9
38915,49
38916,1
38917,5
38918,20
38919,5
38920,5
38921,9
38922,15
38923,26
38924,36
38925,15
38926,53
38927,2
38928,8
38929,5
38930,40
38931,2
38932,53
38933,9
38934,8
38935,6
38936,8
38937,4
38938,28
38939,24
38940,16
38941,22
38942,1
38943,18
38944,8
38945,15
38946,55
38947,4
38948,19
38949,24
38950,29
38951,3
38952,27
38953,4
38954,8
38955,5
38956,28
38957,28
38958,9
38959,47
38960,36
38961,11
38962,10
38963,8
38964,3
38965,3
38966,18
38967,12
38968,1
38969,1
38970,7
38971,1
38972,23
38973,55
38974,1
38975,25
38976,12
38977,7
38978,1
38979,6
38980,1
38981,6
38982,42
38983,29
38984,4
38985,4
38986,15
38987,2
38988,29
38989,29
38990,8
38991,32
38992,8
38993,28
38994,3
38995,7
38996,2
38997,4
38998,0
38999,9
39000,3
39001,2
39002,28
39003,8
39004,0
39005,40
39006,0
39007,3
39008,24
39009,0
39010,12
39011,8
39012,2
39013,6
39014,8
39015,31
39016,9
39017,8
39018,12
39019,1
39020,4
39021,29
39022,28
39023,23
39024,43
39025,10
39026,15
39027,5
39028,7
39029,4
39030,30
39031,1
39032,36
39033,5
39034,0
39035,12
39036,8
39037,8
39038,6
39039,2
39040,28
39041,22
39042,3
39043,1
39044,34
39045,5
39046,55
39047,8
39048,53
39049,5
39050,24
39051,8
39052,4
39053,11
39054,15
39055,43
39056,55
39057,1
39058,0
39059,43
39060,9
39061,28
39062,1
39063,24
39064,30
39065,30
39066,1
39067,55
39068,39
39069,3
39070,28
39071,2
39072,23
39073,25
39074,1
39075,36
39076,9
39077,5
39078,29
39079,9
39080,29
39081,3
39082,7
39083,22
39084,49
39085,9
39086,31
39087,9
39088,49
39089,0
39090,3
39091,30
39092,31
39093,28
39094,3
39095,53
39096,2
39097,2
39098,0
39099,2
39100,3
39101,5
39102,49
39103,5
39104,52
39105,40
39106,4
39107,55
39108,9
39109,9
39110,7
39111,3
39112,5
39113,47
39114,29
39115,36
39116,2
39117,1
39118,5
39119,7
39120,40
39121,55
39122,0
39123,8
39124,53
39125,5
39126,49
39127,40
39128,10
39129,8
39130,30
39131,9
39132,3
39133,3
39134,25
39135,8
39136,6
39137,1
39138,0
39139,40
39140,18
39141,13
39142,21
39143,35
39144,0
39145,59
39146,3
39147,20
39148,22
39149,6
39150,55
39151,37
39152,28
39153,2
39154,7
39155,55
39156,6
39157,12
39158,58
39159,28
39160,61
39161,1
39162,3
39163,29
39164,8
39165,3
39166,7
39167,6
39168,42
39169,40
39170,9
39171,28
39172,6
39173,8
39174,4
39175,36
39176,49
39177,7
39178,9
39179,12
39180,2
39181,34
39182,1
39183,6
39184,28
39185,9
39186,39
39187,18
39188,37
39189,9
39190,28
39191,1
39192,3
39193,25
39194,7
39195,61
39196,6
39197,55
39198,39
39199,28
39200,23
39201,29
39202,18
39203,9
39204,29
39205,7
39206,5
39207,7
39208,39
39209,7
39210,40
39211,40
39212,40
39213,9
39214,49
39215,5
39216,40
39217,6
39218,5
39219,8
39220,14
39221,2
39222,8
39223,29
39224,31
39225,8
39226,7
39227,7
39228,29
39229,0
39230,28
39231,4
39232,3
39233,49
39234,7
39235,30
39236,20
39237,7
39238,25
39239,26
39240,29
39241,2
39242,13
39243,14
39244,61
39245,1
39246,1
39247,47
39248,3
39249,44
39250,6
39251,15
39252,49
39253,18
39254,5
39255,40
39256,27
39257,5
39258,55
39259,1
39260,4
39261,30
39262,5
39263,2
39264,40
39265,1
39266,52
39267,43
39268,26
39269,1
39270,5
39271,27
39272,4
39273,8
39274,40
39275,1
39276,7
39277,53
39278,7
39279,28
39280,4
39281,42
39282,8
39283,24
39284,0
39285,7
39286,40
39287,7
39288,29
39289,43
39290,22
39291,15
39292,23
39293,24
39294,5
39295,47
39296,3
39297,20
39298,9
39299,53
39300,3
39301,40
39302,34
39303,1
39304,3
39305,23
39306,1
39307,36
39308,55
39309,5
39310,3
39311,4
39312,24
39313,6
39314,7
39315,0
39316,53
39317,26
39318,6
39319,14
39320,9
39321,0
39322,17
39323,9
39324,8
39325,43
39326,28
39327,9
39328,6
39329,29
39330,3
39331,3
39332,8
39333,24
39334,34
39335,12
39336,43
39337,24
39338,10
39339,53
39340,23
39341,28
39342,3
39343,12
39344,2
39345,40
39346,6
39347,7
39348,24
39349,3
39350,12
39351,8
39352,0
39353,1
39354,4
39355,1
39356,0
39357,6
39358,52
39359,7
39360,9
39361,6
39362,6
39363,47
39364,39
39365,9
39366,1
39367,26
39368,2
39369,12
39370,49
39371,47
39372,25
39373,1
39374,12
39375,8
39376,5
39377,3
39378,21
39379,55
39380,6
39381,58
39382,59
39383,3
39384,3
39385,13
39386,2
39387,37
39388,4
39389,25
39390,2
39391,24
39392,8
39393,24
39394,5
39395,61
39396,10
39397,4
39398,2
39399,32
39400,6
39401,18
39402,4
39403,28
39404,32
39405,0
39406,1
39407,23
39408,8
39409,29
39410,4
39411,1
39412,3
39413,24
39414,55
39415,6
39416,6
39417,1
39418,2
39419,31
39420,24
39421,15
39422,15
39423,0
39424,55
39425,24
39426,3
39427,6
39428,32
39429,4
39430,18
39431,2
39432,22
39433,0
39434,28
39435,10
39436,28
39437,39
39438,4
39439,4
39440,1
39441,9
39442,1
39443,43
39444,4
39445,24
39446,5
39447,8
39448,15
39449,49
39450,30
39451,36
39452,52
39453,4
39454,0
39455,2
39456,8
39457,7
39458,2
39459,3
39460,21
39461,2
39462,4
39463,59
39464,59
39465,29
39466,17
39467,30
39468,12
39469,7
39470,42
39471,5
39472,55
39473,0
39474,0
39475,2
39476,7
39477,12
39478,7
39479,6
39480,24
39481,40
39482,3
39483,55
39484,15
39485,7
39486,6
39487,0
39488,11
39489,9
39490,3
39491,30
39492,39
39493,7
39494,8
39495,9
39496,3
39497,55
39498,1
39499,28
39500,28
39501,8
39502,9
39503,34
39504,0
39505,12
39506,1
39507,3
39508,55
39509,4
39510,40
39511,4
39512,24
39513,9
39514,0
39515,4
39516,3
39517,9
39518,0
39519,37
39520,55
39521,18
39522,22
39523,7
39524,49
39525,12
39526,24
39527,7
39528,28
39529,1
39530,5
39531,1
39532,5
39533,5
39534,43
39535,9
39536,7
39537,1
39538,3
39539,1
39540,8
39541,28
39542,1
39543,2
39544,4
39545,7
39546,19
39547,29
39548,9
39549,0
39550,24
39551,36
39552,24
39553,8
39554,15
39555,0
39556,3
39557,5
39558,6
39559,0
39560,9
39561,43
39562,2
39563,0
39564,9
39565,14
39566,18
39567,0
39568,40
39569,8
39570,2
39571,0
39572,29
39573,9
39574,0
39575,18
39576,31
39577,19
39578,36
39579,6
39580,3
39581,9
39582,40
39583,4
39584,5
39585,39
39586,4
39587,18
39588,1
39589,28
39590,4
39591,3
39592,40
39593,1
39594,37
39595,30
39596,11
39597,6
39598,3
39599,22
39600,3
39601,6
39602,27
39603,17
39604,28
39605,37
39606,30
39607,37
39608,17
39609,1
39610,9
39611,23
39612,13
39613,8
39614,28
39615,39
39616,8
39617,43
39618,40
39619,55
39620,53
39621,7
39622,40
39623,4
39624,3
39625,9
39626,18
39627,29
39628,1
39629,4
39630,12
39631,6
39632,9
39633,4
39634,2
39635,40
39636,18
39637,23
39638,12
39639,12
39640,2
39641,39
39642,6
39643,28
39644,40
39645,8
39646,7
39647,30
39648,6
39649,0
39650,55
39651,1
39652,32
39653,24
39654,1
39655,8
39656,6
39657,55
39658,6
39659,4
39660,9
39661,1
39662,6
39663,0
39664,8
39665,20
39666,5
39667,24
39668,53
39669,3
39670,7
39671,23
39672,55
39673,6
39674,0
39675,0
39676,60
39677,13
39678,12
39679,7
39680,0
39681,3
39682,1
39683,6
39684,4
39685,9
39686,32
39687,24
39688,0
39689,43
39690,32
39691,5
39692,1
39693,1
39694,28
39695,40
39696,36
39697,5
39698,5
39699,2
39700,43
39701,7
39702,8
39703,36
39704,39
39705,7
39706,8
39707,8
39708,0
39709,5
39710,5
39711,11
39712,15
39713,49
39714,1
39715,25
39716,45
39717,15
39718,12
39719,24
39720,15
39721,7
39722,39
39723,2
39724,5
39725,18
39726,4
39727,9
39728,2
39729,8
39730,9
39731,3
39732,3
39733,9
39734,24
39735,0
39736,6
39737,6
39738,0
39739,19
39740,12
39741,23
39742,40
39743,29
39744,6
39745,9
39746,42
39747,28
39748,1
39749,13
39750,24
39751,7
39752,18
39753,1
39754,4
39755,49
39756,5
39757,12
39758,4
39759,31
39760,40
39761,4
39762,5
39763,18
39764,36
39765,28
39766,31
39767,52
39768,39
39769,0
39770,6
39771,3
39772,9
39773,2
39774,0
39775,3
39776,7
39777,4
39778,39
39779,4
39780,8
39781,7
39782,10
39783,9
39784,44
39785,8
39786,37
39787,9
39788,9
39789,7
39790,18
39791,53
39792,1
39793,8
39794,32
39795,28
39796,18
39797,28
39798,0
39799,32
39800,4
39801,34
39802,49
39803,0
39804,60
39805,6
39806,0
39807,25
39808,6
39809,0
39810,7
39811,9
39812,2
39813,6
39814,1
39815,21
39816,6
39817,2
39818,5
39819,28
39820,2
39821,0
39822,23
39823,8
39824,37
39825,9
39826,9
39827,9
39828,7
39829,55
39830,29
39831,0
39832,36
39833,27
39834,1
39835,4
39836,59
39837,43
39838,9
39839,6
39840,30
39841,17
39842,61
39843,1
39844,5
39845,12
39846,39
39847,4
39848,4
39849,34
39850,7
39851,2
39852,30
39853,1
39854,55
39855,10
39856,3
39857,8
39858,3
39859,55
39860,5
39861,1
39862,8
39863,8
39864,4
39865,53
39866,8
39867,24
39868,0
39869,1
39870,0
39871,9
39872,6
39873,3
39874,37
39875,0
39876,3
39877,5
39878,22
39879,9
39880,6
39881,28
39882,5
39883,39
39884,2
39885,7
39886,53
39887,27
39888,55
39889,21
39890,18
39891,40
39892,7
39893,22
39894,5
39895,0
39896,0
39897,2
39898,1
39899,5
39900,0
39901,24
39902,27
39903,25
39904,3
39905,8
39906,7
39907,9
39908,7
39909,55
39910,3
39911,7
39912,1
39913,9
39914,5
39915,61
39916,2
39917,9
39918,30
39919,7
39920,3
39921,29
39922,7
39923,14
39924,2
39925,1
39926,3
39927,9
39928,16
39929,40
39930,9
39931,8
39932,18
39933,6
39934,39
39935,9
39936,8
39937,40
39938,0
39939,1
39940,6
39941,53
39942,26
39943,24
39944,22
39945,23
39946,24
39947,10
39948,15
39949,2
39950,34
39951,4
39952,6
39953,9
39954,55
39955,30
39956,4
39957,40
39958,12
39959,27
39960,7
39961,30
39962,52
39963,28
39964,9
39965,4
39966,5
39967,6
39968,5
39969,0
39970,7
39971,5
39972,36
39973,55
39974,0
39975,53
39976,9
39977,7
39978,8
39979,1
39980,60
39981,25
39982,24
39983,28
39984,0
39985,0
39986,1
39987,28
39988,8
39989,24
39990,18
39991,8
39992,0
39993,4
39994,2
39995,7
39996,3
39997,1
39998,40
39999,2
40000,5
40001,4
40002,6
40003,1
40004,40
40005,28
40006,7
40007,22
40008,28
40009,7
40010,36
40011,26
40012,37
40013,2
40014,30
40015,7
40016,28
40017,4
40018,1
40019,30
40020,3
40021,7
40022,39
40023,29
40024,8
40025,7
40026,9
40027,1
40028,7
40029,25
40030,28
40031,3
40032,39
40033,9
40034,28
40035,1
40036,3
40037,40
40038,28
40039,28
40040,0
40041,7
40042,8
40043,3
40044,24
40045,2
40046,40
40047,7
40048,40
40049,4
40050,9
40051,47
40052,9
40053,28
40054,28
40055,1
40056,53
40057,6
40058,28
40059,7
40060,6
40061,49
40062,1
40063,23
40064,39
40065,1
40066,22
40067,55
40068,15
40069,18
40070,1
40071,22
40072,40
40073,2
40074,24
40075,3
40076,7
40077,9
40078,37
40079,5
40080,19
40081,2
40082,1
40083,30
40084,0
40085,53
40086,40
40087,49
40088,40
40089,40
40090,4
40091,53
40092,29
40093,2
40094,0
40095,9
40096,7
40097,9
40098,4
40099,1
40100,0
40101,1
40102,15
40103,2
40104,1
40105,18
40106,28
40107,6
40108,0
40109,6
40110,29
40111,0
40112,34
40113,24
40114,26
40115,1
40116,25
40117,3
40118,8
40119,4
40120,3
40121,22
40122,7
40123,1
40124,43
40125,40
40126,6
40127,21
40128,40
40129,27
40130,55
40131,0
40132,55
40133,53
40134,0
40135,53
40136,29
40137,0
40138,9
40139,20
40140,23
40141,24
40142,0
40143,7
40144,6
40145,29
40146,3
40147,7
40148,39
40149,27
40150,1
40151,4
40152,31
40153,0
40154,8
40155,6
40156,4
40157,15
40158,23
40159,5
40160,28
40161,7
40162,1
40163,28
40164,1
40165,24
40166,40
40167,8
40168,28
40169,0
40170,0
40171,3
40172,28
40173,49
40174,2
40175,10
40176,0
40177,29
40178,49
40179,52
40180,18
40181,3
40182,40
40183,53
40184,23
40185,6
40186,25
40187,49
40188,2
40189,18
40190,28
40191,43
40192,26
40193,0
40194,40
40195,2
40196,24
40197,6
40198,49
40199,30
40200,3
40201,12
40202,3
40203,5
40204,20
40205,40
40206,18
40207,3
40208,2
40209,8
40210,28
40211,36
40212,11
40213,3
40214,35
40215,15
40216,2
40217,9
40218,42
40219,55
40220,7
40221,10
40222,9
40223,18
40224,2
40225,28
40226,7
40227,29
40228,1
40229,40
40230,3
40231,53
40232,35
40233,2
40234,8
40235,9
40236,40
40237,24
40238,0
40239,28
40240,7
40241,2
40242,2
40243,3
40244,8
40245,7
40246,15
40247,7
40248,14
40249,4
40250,18
40251,36
40252,2
40253,5
40254,2
40255,28
40256,1
40257,4
40258,28
40259,5
40260,25
40261,3
40262,4
40263,40
40264,0
40265,26
40266,5
40267,0
40268,2
40269,30
40270,18
40271,2
40272,12
40273,8
40274,9
40275,36
40276,7
40277,0
40278,15
40279,13
40280,55
40281,25
40282,33
40283,6
40284,0
40285,3
40286,37
40287,24
40288,22
40289,60
40290,7
40291,1
40292,26
40293,46
40294,25
40295,22
40296,25
40297,55
40298,3
40299,4
40300,55
40301,8
40302,2
40303,0
40304,24
40305,11
40306,4
40307,40
40308,6
40309,24
40310,3
40311,1
40312,19
40313,10
40314,7
40315,1
40316,22
40317,49
40318,15
40319,6
40320,40
40321,7
40322,28
40323,45
40324,1
40325,40
40326,15
40327,53
40328,3
40329,28
40330,22
40331,6
40332,6
40333,23
40334,1
40335,5
40336,28
40337,7
40338,5
40339,36
40340,30
40341,2
40342,12
40343,6
40344,1
40345,6
40346,4
40347,40
40348,5
40349,7
40350,32
40351,8
40352,6
40353,3
40354,6
40355,37
40356,9
40357,0
40358,12
40359,6
40360,55
40361,55
40362,0
40363,3
40364,30
40365,4
40366,7
40367,5
40368,32
40369,40
40370,1
40371,8
40372,0
40373,35
40374,8
40375,47
40376,18
40377,2
40378,24
40379,4
40380,28
40381,43
40382,1
40383,29
40384,27
40385,12
40386,22
40387,55
40388,12
40389,49
40390,9
40391,12
40392,6
40393,6
40394,40
40395,7
40396,3
40397,5
40398,6
40399,25
40400,59
40401,1
40402,3
40403,34
40404,6
40405,7
40406,6
40407,9
40408,12
40409,12
40410,1
40411,4
40412,27
40413,40
40414,12
40415,36
40416,23
40417,40
40418,9
40419,1
40420,23
40421,36
40422,4
40423,3
40424,5
40425,44
40426,2
40427,0
40428,9
40429,9
40430,1
40431,17
40432,28
40433,27
40434,24
40435,8
40436,24
40437,1
40438,19
40439,24
40440,8
40441,4
40442,1
40443,47
40444,7
40445,27
40446,6
40447,4
40448,28
40449,9
40450,0
40451,40
40452,14
40453,40
40454,5
40455,1
40456,40
40457,9
40458,9
40459,49
40460,9
40461,12
40462,37
40463,8
40464,60
40465,28
40466,7
40467,8
40468,8
40469,1
40470,5
40471,8
40472,20
40473,53
40474,40
40475,4
40476,15
40477,22
40478,0
40479,4
40480,24
40481,30
40482,0
40483,53
40484,4
40485,3
40486,2
40487,39
40488,0
40489,9
40490,10
40491,24
40492,7
40493,1
40494,60
40495,4
40496,5
40497,40
40498,12
40499,40
40500,6
40501,5
40502,8
40503,36
40504,36
40505,18
40506,40
40507,30
40508,9
40509,21
40510,6
40511,2
40512,39
40513,7
40514,9
40515,6
40516,55
40517,55
40518,46
40519,31
40520,40
40521,35
40522,17
40523,13
40524,28
40525,7
40526,40
40527,8
40528,1
40529,15
40530,2
40531,14
40532,43
40533,53
40534,28
40535,8
40536,1
40537,21
40538,24
40539,8
40540,22
40541,0
40542,8
40543,8
40544,4
40545,28
40546,8
40547,47
40548,5
40549,2
40550,9
40551,2
40552,39
40553,9
40554,32
40555,7
40556,55
40557,1
40558,4
40559,4
40560,9
40561,39
40562,3
40563,1
40564,25
40565,7
40566,1
40567,7
40568,11
40569,3
40570,18
40571,53
40572,40
40573,4
40574,15
40575,46
40576,9
40577,18
40578,23
40579,23
40580,15
40581,1
40582,0
40583,3
40584,39
40585,36
40586,1
40587,4
40588,9
40589,11
40590,3
40591,15
40592,9
40593,2
40594,2
40595,1
40596,37
40597,40
40598,0
40599,6
40600,2
40601,3
40602,40
40603,24
40604,12
40605,49
40606,25
40607,24
40608,61
40609,0
40610,12
40611,1
40612,2
40613,32
40614,28
40615,2
40616,4
40617,2
40618,9
40619,1
40620,1
40621,36
40622,1
40623,8
40624,0
40625,55
40626,55
40627,32
40628,27
40629,4
40630,2
40631,15
40632,55
40633,55
40634,2
40635,40
40636,13
40637,59
40638,40
40639,30
40640,1
40641,3
40642,30
40643,35
40644,2
40645,18
40646,15
40647,4
40648,40
40649,5
40650,55
40651,28
40652,55
40653,3
40654,9
40655,1
40656,61
40657,9
40658,7
40659,43
40660,8
40661,40
40662,2
40663,0
40664,30
40665,53
40666,0
40667,10
40668,24
40669,39
40670,19
40671,31
40672,35
40673,5
40674,7
40675,10
40676,30
40677,2
40678,26
40679,1
40680,1
40681,5
40682,24
40683,2
40684,4
40685,13
40686,0
40687,1
40688,23
40689,24
40690,22
40691,6
40692,15
40693,4
40694,55
40695,40
40696,55
40697,1
40698,30
40699,51
40700,0
40701,55
40702,5
40703,4
40704,42
40705,0
40706,8
40707,28
40708,29
40709,31
40710,43
40711,3
40712,6
40713,0
40714,2
40715,28
40716,6
40717,0
40718,47
40719,42
40720,15
40721,1
40722,6
40723,4
40724,0
40725,0
40726,6
40727,40
40728,23
40729,4
40730,7
40731,9
40732,8
40733,28
40734,8
40735,40
40736,2
40737,1
40738,8
40739,5
40740,5
40741,32
40742,1
40743,21
40744,28
40745,24
40746,47
40747,9
40748,19
40749,29
40750,4
40751,13
40752,9
40753,34
40754,0
40755,10
40756,7
40757,7
40758,39
40759,1
40760,14
40761,38
40762,58
40763,55
40764,1
40765,4
40766,6
40767,3
40768,9
40769,6
40770,0
40771,5
40772,28
40773,4
40774,1
40775,4
40776,21
40777,12
40778,30
40779,47
40780,2
40781,40
40782,28
40783,5
40784,3
40785,24
40786,7
40787,0
40788,1
40789,37
40790,1
40791,5
40792,25
40793,35
40794,0
40795,1
40796,7
40797,7
40798,0
40799,43
40800,2
40801,15
40802,52
40803,1
40804,6
40805,34
40806,29
40807,24
40808,40
40809,9
40810,6
40811,14
40812,3
40813,49
40814,40
40815,22
40816,4
40817,2
40818,5
40819,43
40820,0
40821,28
40822,6
40823,4
40824,2
40825,28
40826,0
40827,9
40828,8
40829,31
40830,36
40831,0
40832,8
40833,1
40834,21
40835,9
40836,1
40837,28
40838,58
40839,3
40840,40
40841,37
40842,23
40843,0
40844,4
40845,7
40846,3
40847,22
40848,2
40849,40
40850,8
40851,18
40852,3
40853,4
40854,3
40855,3
40856,9
40857,15
40858,5
40859,7
40860,4
40861,55
40862,12
40863,6
40864,40
40865,2
40866,43
40867,6
40868,55
40869,24
40870,16
40871,6
40872,15
40873,28
40874,25
40875,0
40876,29
40877,7
40878,57
40879,13
40880,53
40881,5
40882,23
40883,3
40884,9
40885,6
40886,46
40887,55
40888,4
40889,12
40890,24
40891,14
40892,40
40893,0
40894,3
40895,53
40896,36
40897,10
40898,24
40899,0
40900,24
40901,28
40902,4
40903,4
40904,0
40905,3
40906,49
40907,11
40908,28
40909,49
40910,24
40911,44
40912,4
40913,55
40914,1
40915,26
40916,15
40917,43
40918,8
40919,1
40920,6
40921,2
40922,39
40923,29
40924,0
40925,12
40926,34
40927,8
40928,0
40929,19
40930,40
40931,0
40932,40
40933,40
40934,12
40935,9
40936,28
40937,53
40938,14
40939,24
40940,7
40941,0
40942,7
40943,4
40944,55
40945,9
40946,16
40947,7
40948,28
40949,5
40950,39
40951,8
40952,9
40953,5
40954,34
40955,49
40956,58
40957,23
40958,20
40959,3
40960,7
40961,14
40962,40
40963,1
40964,22
40965,17
40966,61
40967,5
40968,40
40969,8
40970,40
40971,39
40972,28
40973,40
40974,19
40975,0
40976,9
40977,24
40978,1
40979,21
40980,1
40981,7
40982,23
40983,40
40984,24
40985,40
40986,25
40987,4
40988,0
40989,22
40990,8
40991,30
40992,2
40993,2
40994,5
40995,4
40996,9
40997,5
40998,4
40999,39
41000,6
41001,2
41002,61
41003,28
41004,4
41005,40
41006,3
41007,7
41008,5
41009,26
41010,1
41011,25
41012,32
41013,4
41014,2
41015,5
41016,31
41017,19
41018,39
41019,0
41020,7
41021,0
41022,27
41023,39
41024,5
41025,60
41026,8
41027,28
41028,25
41029,1
41030,26
41031,9
41032,14
41033,18
41034,19
41035,1
41036,4
41037,1
41038,13
41039,24
41040,1
41041,2
41042,55
41043,29
41044,6
41045,1
41046,2
41047,2
41048,28
41049,22
41050,9
41051,28
41052,1
41053,4
41054,14
41055,5
41056,9
41057,30
41058,26
41059,42
41060,6
41061,3
41062,16
41063,1
41064,40
41065,4
41066,60
41067,1
41068,1
41069,6
41070,30
41071,1
41072,40
41073,18
41074,30
41075,1
41076,2
41077,53
41078,0
41079,1
41080,7
41081,0
41082,3
41083,40
41084,18
41085,7
41086,23
41087,25
41088,21
41089,6
41090,6
41091,9
41092,1
41093,6
41094,53
41095,14
41096,10
41097,28
41098,7
41099,3
41100,5
41101,15
41102,53
41103,30
41104,2
41105,0
41106,24
41107,15
41108,7
41109,20
41110,4
41111,55
41112,4
41113,21
41114,2
41115,0
41116,8
41117,1
41118,13
41119,4
41120,0
41121,4
41122,3
41123,2
41124,49
41125,2
41126,18
41127,30
41128,3
41129,2
41130,28
41131,36
41132,22
41133,61
41134,28
41135,58
41136,9
41137,4
41138,5
41139,6
41140,24
41141,7
41142,1
41143,40
41144,19
41145,1
41146,2
41147,7
41148,10
41149,4
41150,36
41151,24
41152,8
41153,29
41154,8
41155,0
41156,22
41157,3
41158,53
41159,0
41160,3
41161,39
41162,53
41163,4
41164,1
41165,30
41166,4
41167,1
41168,0
41169,7
41170,25
41171,7
41172,5
41173,4
41174,3
41175,35
41176,19
41177,28
41178,53
41179,2
41180,3
41181,58
41182,6
41183,3
41184,3
41185,1
41186,40
41187,40
41188,58
41189,1
41190,6
41191,4
41192,7
41193,17
41194,5
41195,2
41196,3
41197,9
41198,18
41199,24
41200,1
41201,34
41202,7
41203,18
41204,31
41205,7
41206,2
41207,53
41208,30
41209,9
41210,40
41211,24
41212,9
41213,31
41214,14
41215,9
41216,32
41217,5
41218,6
41219,18
41220,6
41221,2
41222,31
41223,5
41224,23
41225,59
41226,18
41227,39
41228,1
41229,23
41230,8
41231,47
41232,8
41233,1
41234,29
41235,55
41236,3
41237,40
41238,53
41239,40
41240,6
41241,8
41242,21
41243,55
41244,1
41245,53
41246,15
41247,1
41248,8
41249,9
41250,3
41251,23
41252,3
41253,0
41254,2
41255,0
41256,0
41257,17
41258,9
41259,6
41260,40
41261,32
41262,0
41263,3
41264,53
41265,40
41266,32
41267,5
41268,47
41269,40
41270,43
41271,0
41272,7
41273,6
41274,12
41275,9
41276,6
41277,25
41278,2
41279,14
41280,1
41281,25
41282,7
41283,43
41284,4
41285,7
41286,24
41287,4
41288,4
41289,3
41290,2
41291,43
41292,18
41293,25
41294,31
41295,0
41296,43
41297,30
41298,4
41299,0
41300,36
41301,7
41302,55
41303,13
41304,1
41305,3
41306,6
41307,0
41308,18
41309,40
41310,53
41311,1
41312,6
41313,5
41314,15
41315,34
41316,1
41317,55
41318,7
41319,34
41320,40
41321,9
41322,19
41323,14
41324,0
41325,8
41326,24
41327,7
41328,5
41329,31
41330,49
41331,34
41332,1
41333,3
41334,9
41335,55
41336,9
41337,7
41338,5
41339,6
41340,0
41341,46
41342,59
41343,6
41344,3
41345,2
41346,55
41347,0
41348,7
41349,1
41350,9
41351,2
41352,15
41353,27
41354,6
41355,3
41356,2
41357,1
41358,6
41359,40
41360,55
41361,27
41362,17
41363,0
41364,49
41365,27
41366,15
41367,1
41368,4
41369,55
41370,23
41371,40
41372,28
41373,1
41374,8
41375,22
41376,40
41377,3
41378,24
41379,3
41380,25
41381,21
41382,9
41383,25
41384,7
41385,2
41386,2
41387,22
41388,55
41389,5
41390,1
41391,7
41392,6
41393,0
41394,28
41395,24
41396,22
41397,61
41398,7
41399,55
41400,0
41401,31
41402,9
41403,48
41404,37
41405,55
41406,0
41407,1
41408,18
41409,3
41410,14
41411,8
41412,2
41413,55
41414,24
41415,32
41416,40
41417,55
41418,0
41419,10
41420,24
41421,10
41422,29
41423,30
41424,40
41425,1
41426,1
41427,2
41428,40
41429,9
41430,25
41431,4
41432,0
41433,7
41434,7
41435,1
41436,29
41437,31
41438,4
41439,7
41440,3
41441,1
41442,61
41443,30
41444,2
41445,43
41446,0
41447,30
41448,40
41449,3
41450,8
41451,7
41452,3
41453,37
41454,1
41455,19
41456,2
41457,30
41458,7
41459,9
41460,32
41461,0
41462,0
41463,9
41464,59
41465,14
41466,7
41467,24
41468,24
41469,2
41470,12
41471,2
41472,7
41473,3
41474,7
41475,31
41476,43
41477,8
41478,1
41479,8
41480,55
41481,7
41482,43
41483,2
41484,14
41485,3
41486,19
41487,30
41488,24
41489,5
41490,9
41491,34
41492,28
41493,46
41494,0
41495,30
41496,6
41497,6
41498,8
41499,24
41500,8
41501,15
41502,7
41503,2
41504,1
41505,22
41506,5
41507,36
41508,55
41509,3
41510,9
41511,3
41512,18
41513,3
41514,0
41515,23
41516,24
41517,0
41518,2
41519,31
41520,3
41521,18
41522,24
41523,47
41524,28
41525,28
41526,4
41527,4
41528,1
41529,30
41530,16
41531,43
41532,28
41533,25
41534,13
41535,4
41536,3
41537,8
41538,30
41539,40
41540,4
41541,5
41542,9
41543,6
41544,8
41545,0
41546,23
41547,53
41548,0
41549,28
41550,59
41551,61
41552,49
41553,9
41554,24
41555,17
41556,8
41557,9
41558,5
41559,2
41560,55
41561,8
41562,5
41563,0
41564,1
41565,2
41566,2
41567,40
41568,12
41569,1
41570,40
41571,24
41572,4
41573,1
41574,9
41575,1
41576,29
41577,0
41578,31
41579,2
41580,6
41581,0
41582,1
41583,8
41584,40
41585,31
41586,31
41587,5
41588,9
41589,24
41590,28
41591,5
41592,3
41593,39
41594,7
41595,3
41596,4
41597,1
41598,9
41599,55
41600,8
41601,40
41602,49
41603,0
41604,7
41605,45
41606,2
41607,6
41608,12
41609,53
41610,9
41611,30
41612,24
41613,1
41614,30
41615,35
41616,3
41617,11
41618,4
41619,7
41620,9
41621,25
41622,6
41623,35
41624,12
41625,32
41626,6
41627,3
41628,28
41629,9
41630,55
41631,4
41632,49
41633,55
41634,3
41635,24
41636,22
41637,36
41638,2
41639,2
41640,24
41641,0
41642,2
41643,6
41644,4
41645,14
41646,30
41647,1
41648,2
41649,11
41650,32
41651,5
41652,1
41653,1
41654,25
41655,46
41656,1
41657,43
41658,10
41659,1
41660,27
41661,28
41662,28
41663,9
41664,26
41665,4
41666,3
41667,6
41668,3
41669,2
41670,8
41671,0
41672,0
41673,5
41674,7
41675,28
41676,9
41677,9
41678,3
41679,5
41680,8
41681,5
41682,61
41683,0
41684,18
41685,1
41686,4
41687,3
41688,32
41689,30
41690,30
41691,25
41692,19
41693,3
41694,49
41695,2
41696,2
41697,6
41698,5
41699,18
41700,19
41701,42
41702,2
41703,21
41704,32
41705,8
41706,9
41707,39
41708,7
41709,24
41710,9
41711,29
41712,3
41713,13
41714,8
41715,39
41716,0
41717,34
41718,25
41719,24
41720,2
41721,39
41722,2
41723,0
41724,58
41725,4
41726,3
41727,53
41728,3
41729,36
41730,5
41731,28
41732,6
41733,0
41734,10
41735,7
41736,5
41737,4
41738,7
41739,40
41740,1
41741,3
41742,4
41743,9
41744,14
41745,40
41746,1
41747,5
41748,43
41749,49
41750,1
41751,52
41752,11
41753,6
41754,6
41755,15
41756,8
41757,5
41758,12
41759,5
41760,9
41761,4
41762,8
41763,30
41764,2
41765,18
41766,44
41767,7
41768,55
41769,3
41770,0
41771,7
41772,59
41773,12
41774,22
41775,9
41776,40
41777,4
41778,6
41779,7
41780,18
41781,15
41782,10
41783,4
41784,2
41785,8
41786,30
41787,7
41788,22
41789,6
41790,19
41791,9
41792,9
41793,5
41794,31
41795,55
41796,4
41797,1
41798,1
41799,19
41800,26
41801,6
41802,0
41803,4
41804,15
41805,18
41806,9
41807,23
41808,36
41809,1
41810,6
41811,22
41812,6
41813,0
41814,2
41815,22
41816,28
41817,49
41818,3
41819,29
41820,15
41821,9
41822,28
41823,40
41824,7
41825,29
41826,22
41827,28
41828,1
41829,1
41830,3
41831,28
41832,5
41833,11
41834,29
41835,58
41836,47
41837,22
41838,31
41839,1
41840,7
41841,47
41842,21
41843,2
41844,34
41845,3
41846,5
41847,32
41848,12
41849,19
41850,2
41851,2
41852,1
41853,3
41854,8
41855,7
41856,4
41857,7
41858,5
41859,28
41860,55
41861,25
41862,2
41863,0
41864,40
41865,43
41866,3
41867,24
41868,0
41869,3
41870,53
41871,2
41872,25
41873,33
41874,9
41875,8
41876,0
41877,58
41878,0
41879,10
41880,24
41881,24
41882,8
41883,55
41884,5
41885,29
41886,22
41887,55
41888,7
41889,29
41890,2
41891,6
41892,25
41893,49
41894,53
41895,15
41896,55
41897,5
41898,5
41899,8
41900,24
41901,9
41902,9
41903,31
41904,9
41905,24
41906,24
41907,55
41908,49
41909,1
41910,1
41911,49
41912,11
41913,34
41914,8
41915,7
41916,0
41917,2
41918,2
41919,24
41920,2
41921,8
41922,15
41923,1
41924,3
41925,21
41926,28
41927,3
41928,28
41929,35
41930,33
41931,1
41932,5
41933,36
41934,55
41935,29
41936,14
41937,12
41938,36
41939,30
41940,7
41941,1
41942,5
41943,24
41944,29
41945,25
41946,2
41947,7
41948,30
41949,36
41950,0
41951,24
41952,12
41953,1
41954,15
41955,28
41956,9
41957,9
41958,10
41959,10
41960,35
41961,23
41962,52
41963,8
41964,6
41965,19
41966,4
41967,5
41968,25
41969,2
41970,40
41971,9
41972,0
41973,40
41974,16
41975,32
41976,19
41977,8
41978,16
41979,55
41980,21
41981,6
41982,11
41983,59
41984,5
41985,4
41986,22
41987,24
41988,30
41989,22
41990,12
41991,9
41992,37
41993,23
41994,0
41995,3
41996,28
41997,28
41998,1
41999,39
42000,9
42001,1
42002,25
42003,17
42004,40
42005,12
42006,13
42007,1
42008,8
42009,7
42010,10
42011,9
42012,24
42013,9
42014,24
42015,9
42016,9
42017,40
42018,2
42019,53
42020,10
42021,3
42022,22
42023,6
42024,25
42025,35
42026,24
42027,40
42028,1
42029,28
42030,5
42031,1
42032,6
42033,1
42034,22
42035,0
42036,4
42037,37
42038,0
42039,0
42040,19
42041,23
42042,36
42043,3
42044,7
42045,7
42046,35
42047,11
42048,7
42049,24
42050,1
42051,61
42052,24
42053,59
42054,1
42055,22
42056,18
42057,6
42058,8
42059,49
42060,7
42061,1
42062,55
42063,0
42064,33
42065,6
42066,12
42067,4
42068,53
42069,5
42070,59
42071,37
42072,55
42073,34
42074,5
42075,1
42076,37
42077,4
42078,2
42079,18
42080,5
42081,12
42082,55
42083,4
42084,40
42085,1
42086,40
42087,8
42088,9
42089,39
42090,7
42091,24
42092,29
42093,35
42094,19
42095,47
42096,43
42097,1
42098,37
42099,0
42100,40
42101,4
42102,0
42103,7
42104,30
42105,9
42106,53
42107,6
42108,2
42109,6
42110,7
42111,18
42112,28
42113,55
42114,22
42115,9
42116,24
42117,40
42118,10
42119,3
42120,5
42121,29
42122,10
42123,2
42124,9
42125,53
42126,18
42127,4
42128,25
42129,7
42130,16
42131,37
42132,8
42133,8
42134,2
42135,59
42136,12
42137,2
42138,9
42139,12
42140,7
42141,6
42142,8
42143,16
42144,2
42145,0
42146,45
42147,1
42148,55
42149,37
42150,1
42151,2
42152,2
42153,5
42154,8
42155,25
42156,18
42157,5
42158,7
42159,30
42160,8
42161,1
42162,8
42163,40
42164,49
42165,31
42166,42
42167,8
42168,0
42169,6
42170,14
42171,2
42172,7
42173,43
42174,4
42175,1
42176,9
42177,1
42178,4
42179,42
42180,24
42181,37
42182,53
42183,24
42184,3
42185,0
42186,3
42187,20
42188,6
42189,2
42190,28
42191,22
42192,6
42193,2
42194,1
42195,10
42196,5
42197,8
42198,7
42199,22
42200,46
42201,7
42202,2
42203,9
42204,5
42205,8
42206,24
42207,2
42208,3
42209,4
42210,31
42211,24
42212,29
42213,0
42214,0
42215,30
42216,8
42217,9
42218,29
42219,3
42220,9
42221,5
42222,0
42223,19
42224,30
42225,40
42226,2
42227,34
42228,5
42229,6
42230,20
42231,6
42232,47
42233,53
42234,35
42235,52
42236,6
42237,27
42238,2
42239,4
42240,6
42241,1
42242,36
42243,25
42244,59
42245,43
42246,40
42247,53
42248,43
42249,0
42250,7
42251,55
42252,0
42253,46
42254,31
42255,7
42256,55
42257,6
42258,3
42259,2
42260,1
42261,30
42262,30
42263,37
42264,43
42265,7
42266,0
42267,4
42268,7
42269,4
42270,12
42271,21
42272,24
42273,9
42274,7
42275,5
42276,3
42277,40
42278,5
42279,2
42280,28
42281,3
42282,18
42283,6
42284,49
42285,1
42286,42
42287,5
42288,7
42289,1
42290,7
42291,0
42292,29
42293,49
42294,8
42295,5
42296,24
42297,12
42298,0
42299,3
42300,30
42301,1
42302,25
42303,59
42304,55
42305,22
42306,55
42307,43
42308,1
42309,3
42310,0
42311,9
42312,8
42313,1
42314,6
42315,6
42316,5
42317,36
42318,2
42319,53
42320,6
42321,36
42322,9
42323,12
42324,21
42325,30
42326,40
42327,2
42328,6
42329,6
42330,6
42331,28
42332,30
42333,9
42334,59
42335,1
42336,13
42337,7
42338,24
42339,5
42340,27
42341,4
42342,9
42343,1
42344,1
42345,0
42346,5
42347,24
42348,55
42349,8
42350,0
42351,43
42352,37
42353,56
42354,18
42355,2
42356,8
42357,24
42358,23
42359,16
42360,55
42361,0
42362,12
42363,32
42364,43
42365,9
42366,24
42367,1
42368,5
42369,31
42370,0
42371,56
42372,7
42373,9
42374,1
42375,28
42376,29
42377,7
42378,22
42379,43
42380,32
42381,28
42382,1
42383,55
42384,53
42385,6
42386,3
42387,39
42388,8
42389,31
42390,8
42391,2
42392,15
42393,2
42394,4
42395,4
42396,2
42397,24
42398,53
42399,39
42400,1
42401,5
42402,30
42403,2
42404,43
42405,5
42406,4
42407,7
42408,7
42409,5
42410,49
42411,36
42412,2
42413,26
42414,28
42415,40
42416,28
42417,1
42418,0
42419,8
42420,1
42421,1
42422,4
42423,4
42424,4
42425,1
42426,29
42427,30
42428,21
42429,8
42430,5
42431,53
42432,9
42433,7
42434,18
42435,46
42436,2
42437,9
42438,42
42439,0
42440,2
42441,22
42442,28
42443,1
42444,8
42445,40
42446,7
42447,55
42448,27
42449,0
42450,46
42451,5
42452,8
42453,15
42454,8
42455,1
42456,6
42457,6
42458,40
42459,6
42460,1
42461,14
42462,0
42463,7
42464,7
42465,1
42466,18
42467,8
42468,0
42469,4
42470,36
42471,59
42472,6
42473,9
42474,22
42475,49
42476,1
42477,8
42478,6
42479,1
42480,28
42481,18
42482,8
42483,0
42484,5
42485,1
42486,9
42487,2
42488,3
42489,6
42490,47
42491,3
42492,7
42493,6
42494,2
42495,6
42496,36
42497,11
42498,28
42499,34
42500,32
42501,35
42502,4
42503,7
42504,8
42505,55
42506,15
42507,1
42508,2
42509,29
42510,5
42511,1
42512,28
42513,3
42514,6
42515,15
42516,0
42517,5
42518,0
42519,4
42520,2
42521,6
42522,40
42523,22
42524,61
42525,24
42526,5
42527,5
42528,0
42529,12
42530,8
42531,40
42532,2
42533,3
42534,40
42535,3
42536,20
42537,15
42538,3
42539,58
42540,22
42541,8
42542,22
42543,22
42544,24
42545,39
42546,30
42547,0
42548,1
42549,40
42550,0
42551,13
42552,58
42553,11
42554,14
42555,36
42556,4
42557,2
42558,0
42559,7
42560,24
42561,2
42562,49
42563,4
42564,30
42565,12
42566,28
42567,7
42568,5
42569,24
42570,22
42571,18
42572,0
42573,9
42574,1
42575,4
42576,18
42577,1
42578,8
42579,9
42580,59
42581,28
42582,0
42583,1
42584,13
42585,6
42586,3
42587,1
42588,3
42589,0
42590,9
42591,25
42592,1
42593,1
42594,1
42595,0
42596,8
42597,36
42598,2
42599,7
42600,2
42601,4
42602,55
42603,9
42604,43
42605,2
42606,30
42607,9
42608,1
42609,33
42610,15
42611,1
42612,2
42613,1
42614,1
42615,40
42616,2
42617,8
42618,8
42619,6
42620,15
42621,3
42622,3
42623,18
42624,9
42625,43
42626,9
42627,40
42628,49
42629,31
42630,40
42631,33
42632,1
42633,7
42634,19
42635,7
42636,29
42637,11
42638,31
42639,49
42640,6
42641,9
42642,35
42643,28
42644,24
42645,55
42646,5
42647,7
42648,10
42649,11
42650,0
42651,36
42652,8
42653,1
42654,8
42655,4
42656,28
42657,6
42658,6
42659,41
42660,7
42661,40
42662,6
42663,43
42664,9
42665,7
42666,52
42667,35
42668,15
42669,18
42670,1
42671,8
42672,24
42673,4
42674,3
42675,36
42676,7
42677,1
42678,49
42679,7
42680,7
42681,1
42682,1
42683,55
42684,18
42685,59
42686,2
42687,4
42688,6
42689,6
42690,7
42691,7
42692,7
42693,7
42694,40
42695,4
42696,3
42697,8
42698,28
42699,7
42700,3
42701,27
42702,6
42703,30
42704,60
42705,12
42706,9
42707,40
42708,2
42709,37
42710,6
42711,45
42712,53
42713,55
42714,0
42715,28
42716,49
42717,6
42718,1
42719,7
42720,55
42721,2
42722,7
42723,14
42724,4
42725,1
42726,40
42727,6
42728,7
42729,41
42730,3
42731,19
42732,14
42733,1
42734,28
42735,7
42736,18
42737,15
42738,6
42739,0
42740,21
42741,19
42742,4
42743,8
42744,40
42745,40
42746,5
42747,35
42748,2
42749,4
42750,10
42751,6
42752,9
42753,13
42754,5
42755,7
42756,17
42757,3
42758,22
42759,5
42760,1
42761,14
42762,49
42763,0
42764,2
42765,36
42766,2
42767,8
42768,53
42769,7
42770,0
42771,47
42772,40
42773,14
42774,56
42775,53
42776,8
42777,26
42778,5
42779,32
42780,6
42781,2
42782,7
42783,1
42784,4
42785,2
42786,5
42787,8
42788,43
42789,2
42790,4
42791,15
42792,9
42793,8
42794,6
42795,8
42796,5
42797,5
42798,7
42799,49
42800,7
42801,55
42802,2
42803,4
42804,18
42805,22
42806,5
42807,4
42808,59
42809,7
42810,21
42811,30
42812,18
42813,6
42814,30
42815,0
42816,12
42817,0
42818,1
42819,12
42820,1
42821,10
42822,1
42823,4
42824,27
42825,3
42826,12
42827,6
42828,28
42829,8
42830,34
42831,4
42832,29
42833,49
42834,2
42835,1
42836,15
42837,2
42838,24
42839,1
42840,40
42841,39
42842,7
42843,40
42844,9
42845,40
42846,8
42847,0
42848,5
42849,55
42850,0
42851,24
42852,3
42853,6
42854,18
42855,1
42856,1
42857,30
42858,23
42859,34
42860,40
42861,10
42862,40
42863,5
42864,3
42865,1
42866,58
42867,2
42868,0
42869,29
42870,46
42871,1
42872,49
42873,9
42874,0
42875,34
42876,40
42877,2
42878,12
42879,24
42880,8
42881,18
42882,29
42883,8
42884,53
42885,7
42886,0
42887,2
42888,0
42889,40
42890,6
42891,28
42892,23
42893,3
42894,27
42895,24
42896,33
42897,5
42898,24
42899,26
42900,33
42901,30
42902,24
42903,19
42904,9
42905,33
42906,9
42907,0
42908,6
42909,6
42910,6
42911,6
42912,55
42913,6
42914,15
42915,4
42916,8
42917,12
42918,39
42919,12
42920,9
42921,1
42922,7
42923,55
42924,4
42925,42
42926,53
42927,21
42928,21
42929,4
42930,28
42931,55
42932,40
42933,8
42934,2
42935,6
42936,4
42937,3
42938,20
42939,49
42940,5
42941,1
42942,8
42943,12
42944,2
42945,24
42946,15
42947,3
42948,7
42949,25
42950,42
42951,18
42952,9
42953,9
42954,28
42955,0
42956,27
42957,4
42958,40
42959,53
42960,53
42961,6
42962,55
42963,1
42964,2
42965,6
42966,30
42967,9
42968,24
42969,2
42970,1
42971,30
42972,28
42973,6
42974,46
42975,4
42976,40
42977,31
42978,8
42979,4
42980,43
42981,6
42982,8
42983,16
42984,7
42985,59
42986,9
42987,55
42988,15
42989,9
42990,40
42991,8
42992,6
42993,40
42994,4
42995,49
42996,1
42997,60
42998,35
42999,55
43000,6
43001,0
43002,23
43003,0
43004,13
43005,60
43006,2
43007,53
43008,7
43009,36
43010,12
43011,1
43012,40
43013,1
43014,1
43015,53
43016,59
43017,25
43018,18
43019,7
43020,53
43021,2
43022,8
43023,19
43024,1
43025,29
43026,40
43027,5
43028,3
43029,3
43030,9
43031,2
43032,3
43033,9
43034,16
43035,1
43036,2
43037,8
43038,58
43039,49
43040,0
43041,24
43042,39
43043,5
43044,2
43045,55
43046,1
43047,3
43048,52
43049,32
43050,56
43051,55
43052,51
43053,2
43054,7
43055,1
43056,6
43057,40
43058,22
43059,40
43060,12
43061,4
43062,15
43063,57
43064,5
43065,43
43066,7
43067,11
43068,16
43069,28
43070,9
43071,28
43072,42
43073,8
43074,0
43075,37
43076,53
43077,6
43078,9
43079,32
43080,3
43081,8
43082,0
43083,24
43084,53
43085,40
43086,0
43087,5
43088,5
43089,29
43090,39
43091,47
43092,3
43093,49
43094,40
43095,4
43096,8
43097,40
43098,5
43099,3
43100,8
43101,7
43102,4
43103,0
43104,5
43105,1
43106,3
43107,13
43108,17
43109,0
43110,19
43111,1
43112,30
43113,43
43114,14
43115,3
43116,53
43117,53
43118,2
43119,6
43120,1
43121,35
43122,29
43123,1
43124,21
43125,31
43126,55
43127,8
43128,3
43129,7
43130,5
43131,28
43132,6
43133,53
43134,43
43135,8
43136,0
43137,40
43138,7
43139,49
43140,1
43141,12
43142,3
43143,9
43144,17
43145,30
43146,3
43147,53
43148,12
43149,3
43150,3
43151,4
43152,0
43153,7
43154,40
43155,1
43156,39
43157,0
43158,3
43159,1
43160,11
43161,1
43162,9
43163,4
43164,30
43165,2
43166,12
43167,9
43168,25
43169,6
43170,29
43171,5
43172,1
43173,21
43174,9
43175,30
43176,55
43177,23
43178,1
43179,2
43180,20
43181,40
43182,4
43183,0
43184,5
43185,24
43186,7
43187,53
43188,0
43189,27
43190,8
43191,27
43192,24
43193,4
43194,30
43195,2
43196,15
43197,61
43198,53
43199,25
43200,49
43201,27
43202,5
43203,6
43204,20
43205,6
43206,2
43207,36
43208,5
43209,36
43210,47
43211,18
43212,8
43213,7
43214,4
43215,6
43216,22
43217,26
43218,4
43219,39
43220,0
43221,8
43222,1
43223,1
43224,2
43225,28
43226,3
43227,9
43228,61
43229,8
43230,0
43231,34
43232,59
43233,4
43234,8
43235,13
43236,7
43237,1
43238,6
43239,1
43240,6
43241,3
43242,8
43243,28
43244,40
43245,46
43246,0
43247,2
43248,8
43249,24
43250,15
43251,2
43252,1
43253,6
43254,40
43255,24
43256,0
43257,40
43258,6
43259,28
43260,31
43261,55
43262,15
43263,3
43264,2
43265,9
43266,31
43267,0
43268,5
43269,8
43270,0
43271,4
43272,5
43273,22
43274,43
43275,5
43276,28
43277,28
43278,8
43279,7
43280,5
43281,1
43282,28
43283,0
43284,1
43285,40
43286,7
43287,10
43288,55
43289,35
43290,7
43291,9
43292,6
43293,25
43294,24
43295,1
43296,18
43297,40
43298,8
43299,46
43300,52
43301,53
43302,47
43303,0
43304,29
43305,34
43306,3
43307,1
43308,0
43309,9
43310,4
43311,1
43312,37
43313,3
43314,22
43315,5
43316,4
43317,5
43318,5
43319,39
43320,2
43321,6
43322,1
43323,9
43324,1
43325,53
43326,30
43327,28
43328,49
43329,58
43330,53
43331,9
43332,28
43333,23
43334,1
43335,6
43336,5
43337,18
43338,28
43339,28
43340,5
43341,3
43342,3
43343,0
43344,23
43345,7
43346,7
43347,49
43348,1
43349,8
43350,7
43351,7
43352,12
43353,8
43354,7
43355,9
43356,29
43357,6
43358,8
43359,36
43360,24
43361,7
43362,7
43363,35
43364,0
43365,3
43366,37
43367,2
43368,40
43369,6
43370,0
43371,3
43372,53
43373,6
43374,10
43375,2
43376,7
43377,12
43378,0
43379,24
43380,9
43381,24
43382,1
43383,0
43384,5
43385,49
43386,31
43387,8
43388,15
43389,30
43390,43
43391,4
43392,5
43393,28
43394,2
43395,43
43396,22
43397,36
43398,40
43399,9
43400,32
43401,0
43402,36
43403,55
43404,0
43405,40
43406,36
43407,7
43408,8
43409,9
43410,20
43411,1
43412,9
43413,2
43414,14
43415,5
43416,59
43417,40
43418,25
43419,1
43420,24
43421,36
43422,24
43423,36
43424,18
43425,30
43426,12
43427,18
43428,7
43429,1
43430,7
43431,4
43432,7
43433,1
43434,6
43435,0
43436,0
43437,5
43438,1
43439,0
43440,17
43441,28
43442,18
43443,2
43444,8
43445,24
43446,9
43447,0
43448,23
43449,18
43450,4
43451,40
43452,7
43453,36
43454,6
43455,19
43456,58
43457,27
43458,39
43459,1
43460,10
43461,5
43462,11
43463,8
43464,0
43465,6
43466,14
43467,18
43468,0
43469,22
43470,8
43471,3
43472,20
43473,40
43474,1
43475,7
43476,0
43477,6
43478,0
43479,8
43480,24
43481,49
43482,37
43483,8
43484,36
43485,6
43486,0
43487,40
43488,8
43489,55
43490,4
43491,5
43492,46
43493,24
43494,3
43495,9
43496,19
43497,15
43498,1
43499,8
43500,46
43501,23
43502,1
43503,23
43504,9
43505,31
43506,6
43507,0
43508,6
43509,5
43510,4
43511,36
43512,9
43513,24
43514,6
43515,57
43516,20
43517,46
43518,2
43519,30
43520,10
43521,7
43522,22
43523,22
43524,1
43525,4
43526,0
43527,9
43528,1
43529,24
43530,11
43531,29
43532,30
43533,52
43534,1
43535,7
43536,55
43537,4
43538,40
43539,7
43540,2
43541,2
43542,0
43543,32
43544,1
43545,40
43546,12
43547,24
43548,0
43549,9
43550,8
43551,2
43552,59
43553,8
43554,55
43555,5
43556,17
43557,10
43558,9
43559,6
43560,7
43561,21
43562,28
43563,6
43564,52
43565,40
43566,43
43567,1
43568,0
43569,9
43570,0
43571,2
43572,7
43573,43
43574,6
43575,7
43576,55
43577,1
43578,26
43579,15
43580,5
43581,1
43582,8
43583,24
43584,47
43585,5
43586,28
43587,4
43588,37
43589,49
43590,0
43591,55
43592,15
43593,8
43594,28
43595,1
43596,1
43597,15
43598,7
43599,4
43600,3
43601,5
43602,25
43603,36
43604,7
43605,55
43606,36
43607,36
43608,27
43609,3
43610,12
43611,40
43612,24
43613,3
43614,23
43615,2
43616,40
43617,0
43618,11
43619,8
43620,3
43621,28
43622,8
43623,18
43624,6
43625,22
43626,53
43627,3
43628,40
43629,9
43630,40
43631,18
43632,1
43633,1
43634,1
43635,31
43636,2
43637,15
43638,36
43639,40
43640,28
43641,28
43642,53
43643,40
43644,45
43645,4
43646,9
43647,19
43648,1
43649,6
43650,49
43651,2
43652,29
43653,8
43654,1
43655,1
43656,18
43657,25
43658,11
43659,8
43660,8
43661,12
43662,0
43663,4
43664,8
43665,5
43666,40
43667,2
43668,6
43669,0
43670,2
43671,36
43672,39
43673,39
43674,47
43675,1
43676,9
43677,0
43678,34
43679,1
43680,3
43681,18
43682,4
43683,4
43684,2
43685,7
43686,17
43687,3
43688,1
43689,13
43690,39
43691,2
43692,8
43693,31
43694,0
43695,15
43696,1
43697,1
43698,17
43699,2
43700,25
43701,8
43702,2
43703,10
43704,40
43705,3
43706,3
43707,18
43708,21
43709,9
43710,28
43711,12
43712,5
43713,6
43714,45
43715,3
43716,2
43717,3
43718,4
43719,8
43720,24
43721,4
43722,5
43723,43
43724,12
43725,8
43726,23
43727,2
43728,2
43729,9
43730,0
43731,40
43732,40
43733,49
43734,30
43735,47
43736,59
43737,5
43738,0
43739,8
43740,3
43741,0
43742,23
43743,39
43744,0
43745,8
43746,1
43747,5
43748,36
43749,28
43750,18
43751,58
43752,0
43753,1
43754,6
43755,5
43756,18
43757,6
43758,2
43759,5
43760,40
43761,1
43762,24
43763,0
43764,8
43765,28
43766,1
43767,7
43768,5
43769,30
43770,10
43771,32
43772,24
43773,55
43774,23
43775,24
43776,17
43777,53
43778,36
43779,0
43780,14
43781,15
43782,29
43783,9
43784,7
43785,34
43786,53
43787,55
43788,24
43789,30
43790,0
43791,15
43792,6
43793,43
43794,3
43795,15
43796,2
43797,7
43798,9
43799,9
43800,3
43801,11
43802,0
43803,8
43804,49
43805,49
43806,7
43807,4
43808,1
43809,12
43810,2
43811,55
43812,1
43813,28
43814,27
43815,12
43816,32
43817,47
43818,6
43819,12
43820,21
43821,42
43822,2
43823,15
43824,6
43825,23
43826,2
43827,26
43828,1
43829,46
43830,0
43831,5
43832,1
43833,30
43834,28
43835,7
43836,12
43837,22
43838,9
43839,6
43840,24
43841,24
43842,25
43843,23
43844,39
43845,28
43846,6
43847,12
43848,59
43849,40
43850,3
43851,4
43852,18
43853,55
43854,28
43855,5
43856,3
43857,5
43858,1
43859,4
43860,53
43861,5
43862,43
43863,36
43864,9
43865,0
43866,1
43867,8
43868,8
43869,4
43870,40
43871,40
43872,5
43873,6
43874,7
43875,3
43876,15
43877,1
43878,28
43879,8
43880,4
43881,1
43882,7
43883,12
43884,0
43885,16
43886,24
43887,5
43888,49
43889,36
43890,28
43891,7
43892,2
43893,0
43894,24
43895,47
43896,5
43897,7
43898,5
43899,14
43900,2
43901,26
43902,6
43903,12
43904,61
43905,22
43906,0
43907,24
43908,24
43909,29
43910,0
43911,4
43912,6
43913,4
43914,43
43915,55
43916,23
43917,31
43918,25
43919,13
43920,8
43921,3
43922,7
43923,2
43924,7
43925,6
43926,4
43927,43
43928,27
43929,3
43930,11
43931,7
43932,3
43933,53
43934,1
43935,28
43936,3
43937,24
43938,1
43939,3
43940,0
43941,7
43942,0
43943,4
43944,0
43945,5
43946,44
43947,7
43948,59
43949,6
43950,31
43951,0
43952,8
43953,19
43954,15
43955,61
43956,6
43957,7
43958,1
43959,8
43960,2
43961,39
43962,4
43963,7
43964,55
43965,6
43966,3
43967,0
43968,53
43969,8
43970,0
43971,43
43972,8
43973,8
43974,20
43975,10
43976,49
43977,3
43978,24
43979,22
43980,39
43981,0
43982,4
43983,29
43984,51
43985,12
43986,2
43987,31
43988,31
43989,24
43990,28
43991,2
43992,59
43993,22
43994,30
43995,18
43996,12
43997,28
43998,10
43999,1
44000,2
44001,28
44002,43
44003,2
44004,9
44005,24
44006,0
44007,24
44008,13
44009,8
44010,3
44011,39
44012,8
44013,29
44014,0
44015,0
44016,40
44017,1
44018,18
44019,9
44020,40
44021,15
44022,1
44023,1
44024,5
44025,36
44026,1
44027,5
44028,24
44029,6
44030,9
44031,7
44032,8
44033,1
44034,0
44035,8
44036,4
44037,24
44038,2
44039,49
44040,37
44041,15
44042,30
44043,24
44044,14
44045,9
44046,2
44047,36
44048,22
44049,1
44050,2
44051,25
44052,30
44053,1
44054,2
44055,47
44056,9
44057,1
44058,40
44059,7
44060,5
44061,15
44062,5
44063,0
44064,3
44065,17
44066,28
44067,20
44068,28
44069,5
44070,36
44071,43
44072,7
44073,22
44074,0
44075,28
44076,24
44077,58
44078,1
44079,8
44080,40
44081,9
44082,10
44083,4
44084,10
44085,55
44086,21
44087,7
44088,36
44089,31
44090,1
44091,25
44092,30
44093,5
44094,22
44095,6
44096,39
44097,7
44098,0
44099,21
44100,1
44101,21
44102,12
44103,31
44104,25
44105,40
44106,19
44107,5
44108,42
44109,53
44110,61
44111,55
44112,7
44113,3
44114,7
44115,9
44116,58
44117,8
44118,7
44119,8
44120,30
44121,2
44122,46
44123,49
44124,1
44125,9
44126,8
44127,37
44128,47
44129,29
44130,5
44131,9
44132,28
44133,11
44134,47
44135,7
44136,1
44137,53
44138,6
44139,37
44140,8
44141,16
44142,7
44143,1
44144,24
44145,3
44146,8
44147,40
44148,39
44149,43
44150,0
44151,55
44152,6
44153,1
44154,40
44155,1
44156,3
44157,59
44158,18
44159,22
44160,34
44161,5
44162,0
44163,29
44164,0
44165,43
44166,20
44167,47
44168,37
44169,55
44170,0
44171,34
44172,24
44173,28
44174,1
44175,1
44176,9
44177,7
44178,0
44179,5
44180,7
44181,2
44182,6
44183,2
44184,55
44185,7
44186,40
44187,25
44188,7
44189,25
44190,1
44191,32
44192,30
44193,9
44194,5
44195,19
44196,23
44197,25
44198,1
44199,21
44200,7
44201,9
44202,6
44203,7
44204,35
44205,43
44206,2
44207,2
44208,6
44209,31
44210,5
44211,12
44212,7
44213,7
44214,14
44215,31
44216,7
44217,24
44218,55
44219,28
44220,28
44221,24
44222,47
44223,1
44224,7
44225,0
44226,5
44227,8
44228,2
44229,55
44230,8
44231,14
44232,55
44233,53
44234,40
44235,23
44236,28
44237,0
44238,39
44239,30
44240,29
44241,1
44242,5
44243,9
44244,18
44245,2
44246,37
44247,5
44248,5
44249,43
44250,4
44251,8
44252,24
44253,24
44254,1
44255,10
44256,4
44257,28
44258,16
44259,39
44260,8
44261,49
44262,4
44263,8
44264,5
44265,3
44266,7
44267,12
44268,16
44269,29
44270,4
44271,3
44272,2
44273,9
44274,28
44275,1
44276,7
44277,15
44278,5
44279,3
44280,53
44281,9
44282,44
44283,4
44284,10
44285,43
44286,3
44287,4
44288,24
44289,8
44290,9
44291,43
44292,7
44293,6
44294,5
44295,30
44296,6
44297,7
44298,4
44299,53
44300,1
44301,30
44302,6
44303,18
44304,6
44305,39
44306,53
44307,25
44308,53
44309,9
44310,21
44311,4
44312,39
44313,8
44314,15
44315,23
44316,6
44317,1
44318,3
44319,18
44320,28
44321,6
44322,52
44323,9
44324,3
44325,2
44326,37
44327,2
44328,7
44329,39
44330,53
44331,9
44332,29
44333,9
44334,6
44335,40
44336,5
44337,9
44338,1
44339,7
44340,7
44341,36
44342,6
44343,1
44344,2
44345,32
44346,59
44347,49
44348,3
44349,61
44350,7
44351,7
44352,29
44353,0
44354,3
44355,7
44356,2
44357,4
44358,4
44359,12
44360,14
44361,15
44362,0
44363,23
44364,55
44365,15
44366,15
44367,2
44368,30
44369,24
44370,1
44371,42
44372,3
44373,24
44374,24
44375,24
44376,1
44377,40
44378,1
44379,7
44380,13
44381,46
44382,4
44383,9
44384,6
44385,2
44386,2
44387,4
44388,34
44389,24
44390,9
44391,24
44392,7
44393,2
44394,40
44395,24
44396,40
44397,5
44398,19
44399,10
44400,2
44401,1
44402,30
44403,11
44404,15
44405,7
44406,40
44407,22
44408,40
44409,2
44410,3
44411,40
44412,5
44413,30
44414,1
44415,1
44416,24
44417,9
44418,40
44419,2
44420,11
44421,7
44422,1
44423,4
44424,0
44425,36
44426,40
44427,0
44428,8
44429,5
44430,2
44431,12
44432,3
44433,3
44434,28
44435,8
44436,13
44437,1
44438,28
44439,35
44440,6
44441,4
44442,15
44443,5
44444,7
44445,23
44446,8
44447,1
44448,4
44449,0
44450,53
44451,6
44452,30
44453,25
44454,27
44455,3
44456,53
44457,8
44458,7
44459,28
44460,6
44461,12
44462,21
44463,28
44464,24
44465,29
44466,28
44467,55
44468,4
44469,5
44470,6
44471,1
44472,59
44473,53
44474,9
44475,12
44476,49
44477,0
44478,0
44479,21
44480,17
44481,6
44482,5
44483,30
44484,10
44485,30
44486,16
44487,40
44488,39
44489,9
44490,49
44491,3
44492,55
44493,3
44494,36
44495,4
44496,6
44497,1
44498,43
44499,53
44500,55
44501,53
44502,22
44503,0
44504,7
44505,1
44506,1
44507,5
44508,9
44509,4
44510,18
44511,7
44512,37
44513,1
44514,3
44515,22
44516,29
44517,55
44518,24
44519,7
44520,4
44521,21
44522,8
44523,49
44524,18
44525,6
44526,6
44527,2
44528,35
44529,55
44530,8
44531,40
44532,1
44533,8
44534,40
44535,15
44536,40
44537,0
44538,4
44539,5
44540,24
44541,24
44542,21
44543,55
44544,28
44545,5
44546,39
44547,3
44548,55
44549,7
44550,2
44551,2
44552,2
44553,28
44554,4
44555,23
44556,28
44557,27
44558,53
44559,6
44560,5
44561,4
44562,29
44563,30
44564,25
44565,9
44566,1
44567,24
44568,6
44569,3
44570,7
44571,24
44572,7
44573,25
44574,23
44575,9
44576,28
44577,3
44578,0
44579,31
44580,13
44581,35
44582,2
44583,39
44584,0
44585,43
44586,19
44587,8
44588,3
44589,4
44590,25
44591,55
44592,0
44593,10
44594,31
44595,53
44596,36
44597,29
44598,1
44599,0
44600,21
44601,32
44602,39
44603,1
44604,7
44605,11
44606,22
44607,39
44608,9
44609,29
44610,6
44611,28
44612,27
44613,1
44614,8
44615,28
44616,40
44617,5
44618,2
44619,53
44620,8
44621,0
44622,1
44623,5
44624,56
44625,24
44626,55
44627,20
44628,13
44629,4
44630,5
44631,2
44632,11
44633,9
44634,28
44635,4
44636,49
44637,59
44638,29
44639,15
44640,40
44641,7
44642,1
44643,6
44644,32
44645,6
44646,53
44647,7
44648,6
44649,9
44650,24
44651,6
44652,2
44653,25
44654,43
44655,2
44656,8
44657,29
44658,28
44659,36
44660,2
44661,7
44662,55
44663,0
44664,1
44665,7
44666,7
44667,59
44668,5
44669,8
44670,1
44671,44
44672,5
44673,14
44674,6
44675,29
44676,6
44677,1
44678,40
44679,0
44680,23
44681,1
44682,5
44683,5
44684,43
44685,1
44686,55
44687,11
44688,1
44689,7
44690,1
44691,3
44692,7
44693,2
44694,40
44695,30
44696,28
44697,55
44698,4
44699,39
44700,6
44701,40
44702,4
44703,31
44704,2
44705,40
44706,49
44707,1
44708,9
44709,55
44710,3
44711,28
44712,6
44713,52
44714,15
44715,7
44716,18
44717,3
44718,28
44719,55
44720,3
44721,2
44722,2
44723,1
44724,40
44725,4
44726,24
44727,6
44728,58
44729,8
44730,4
44731,4
44732,28
44733,3
44734,60
44735,28
44736,22
44737,9
44738,2
44739,3
44740,24
44741,6
44742,28
44743,3
44744,3
44745,5
44746,12
44747,1
44748,47
44749,32
44750,24
44751,3
44752,5
44753,2
44754,11
44755,8
44756,24
44757,5
44758,27
44759,1
44760,7
44761,40
44762,4
44763,1
44764,52
44765,6
44766,9
44767,59
44768,2
44769,7
44770,61
44771,9
44772,6
44773,8
44774,2
44775,7
44776,45
44777,2
44778,8
44779,8
44780,3
44781,12
44782,1
44783,9
44784,6
44785,6
44786,8
44787,24
44788,32
44789,9
44790,0
44791,8
44792,28
44793,9
44794,9
44795,31
44796,23
44797,5
44798,1
44799,22
44800,43
44801,7
44802,0
44803,18
44804,22
44805,1
44806,12
44807,4
44808,1
44809,34
44810,7
44811,5
44812,47
44813,0
44814,5
44815,35
44816,40
44817,17
44818,24
44819,2
44820,9
44821,6
44822,14
44823,26
44824,7
44825,2
44826,4
44827,8
44828,12
44829,29
44830,8
44831,24
44832,49
44833,60
44834,7
44835,5
44836,34
44837,53
44838,34
44839,0
44840,5
44841,29
44842,13
44843,1
44844,39
44845,8
44846,0
44847,3
44848,28
44849,30
44850,29
44851,0
44852,9
44853,19
44854,4
44855,2
44856,6
44857,40
44858,9
44859,1
44860,13
44861,14
44862,23
44863,12
44864,32
44865,0
44866,9
44867,2
44868,5
44869,22
44870,24
44871,3
44872,6
44873,3
44874,2
44875,25
44876,53
44877,8
44878,14
44879,7
44880,0
44881,15
44882,40
44883,5
44884,28
44885,0
44886,7
44887,21
44888,24
44889,9
44890,0
44891,28
44892,34
44893,58
44894,7
44895,19
44896,11
44897,22
44898,6
44899,1
44900,2
44901,6
44902,1
44903,14
44904,3
44905,7
44906,53
44907,0
44908,3
44909,4
44910,55
44911,7
44912,40
44913,4
44914,57
44915,2
44916,18
44917,9
44918,3
44919,24
44920,7
44921,29
44922,58
44923,5
44924,9
44925,24
44926,24
44927,8
44928,6
44929,21
44930,23
44931,53
44932,2
44933,9
44934,12
44935,37
44936,0
44937,5
44938,21
44939,53
44940,6
44941,42
44942,3
44943,8
44944,16
44945,30
44946,18
44947,24
44948,9
44949,4
44950,7
44951,6
44952,2
44953,2
44954,4
44955,55
44956,40
44957,4
44958,24
44959,36
44960,8
44961,9
44962,8
44963,22
44964,40
44965,8
44966,2
44967,8
44968,0
44969,40
44970,2
44971,2
44972,36
44973,24
44974,58
44975,9
44976,4
44977,1
44978,1
44979,9
44980,12
44981,2
44982,7
44983,5
44984,53
44985,21
44986,13
44987,1
44988,2
44989,9
44990,15
44991,6
44992,2
44993,7
44994,49
44995,28
44996,3
44997,7
44998,55
44999,2
45000,49
45001,1
45002,4
45003,24
45004,2
45005,18
45006,47
45007,13
45008,40
45009,2
45010,7
45011,9
45012,1
45013,19
45014,49
45015,55
45016,14
45017,2
45018,26
45019,5
45020,3
45021,21
45022,19
45023,1
45024,22
45025,39
45026,12
45027,12
45028,2
45029,1
45030,36
45031,9
45032,7
45033,28
45034,4
45035,5
45036,6
45037,36
45038,35
45039,28
45040,8
45041,23
45042,29
45043,36
45044,7
45045,28
45046,29
45047,40
45048,4
45049,4
45050,29
45051,4
45052,33
45053,6
45054,6
45055,0
45056,0
45057,13
45058,33
45059,2
45060,2
45061,17
45062,14
45063,24
45064,4
45065,12
45066,53
45067,36
45068,2
45069,0
45070,7
45071,22
45072,1
45073,18
45074,6
45075,53
45076,1
45077,1
45078,32
45079,8
45080,0
45081,1
45082,9
45083,6
45084,26
45085,5
45086,32
45087,37
45088,2
45089,40
45090,6
45091,2
45092,27
45093,4
45094,6
45095,2
45096,7
45097,22
45098,7
45099,9
45100,29
45101,8
45102,1
45103,9
45104,16
45105,32
45106,24
45107,7
45108,40
45109,9
45110,13
45111,6
45112,58
45113,40
45114,9
45115,8
45116,1
45117,40
45118,21
45119,5
45120,55
45121,0
45122,43
45123,5
45124,15
45125,8
45126,53
45127,47
45128,14
45129,9
45130,43
45131,30
45132,3
45133,39
45134,0
45135,20
45136,5
45137,2
45138,10
45139,27
45140,5
45141,18
45142,39
45143,9
45144,58
45145,7
45146,34
45147,7
45148,49
45149,9
45150,7
45151,29
45152,4
45153,7
45154,6
45155,46
45156,1
45157,43
45158,27
45159,28
45160,4
45161,1
45162,5
45163,55
45164,47
45165,28
45166,12
45167,6
45168,23
45169,4
45170,4
45171,39
45172,6
45173,49
45174,7
45175,59
45176,22
45177,6
45178,47
45179,55
45180,4
45181,7
45182,32
45183,20
45184,24
45185,9
45186,58
45187,8
45188,26
45189,46
45190,24
45191,3
45192,3
45193,46
45194,28
45195,31
45196,5
45197,27
45198,7
45199,13
45200,49
45201,25
45202,4
45203,30
45204,40
45205,24
45206,0
45207,6
45208,49
45209,8
45210,3
45211,25
45212,28
45213,13
45214,3
45215,28
45216,24
45217,5
45218,26
45219,1
45220,15
45221,1
45222,3
45223,9
45224,8
45225,0
45226,24
45227,45
45228,2
45229,9
45230,3
45231,43
45232,7
45233,51
45234,4
45235,6
45236,2
45237,34
45238,28
45239,6
45240,9
45241,4
45242,3
45243,5
45244,1
45245,28
45246,3
45247,12
45248,7
45249,1
45250,5
45251,29
45252,23
45253,3
45254,1
45255,1
45256,5
45257,2
45258,22
45259,6
45260,29
45261,7
45262,0
45263,12
45264,0
45265,13
45266,3
45267,6
45268,0
45269,6
45270,43
45271,4
45272,47
45273,40
45274,12
45275,43
45276,0
45277,4
45278,0
45279,18
45280,9
45281,3
45282,11
45283,0
45284,7
45285,20
45286,49
45287,8
45288,11
45289,29
45290,15
45291,40
45292,1
45293,8
45294,7
45295,9
45296,1
45297,1
45298,55
45299,0
45300,3
45301,6
45302,6
45303,6
45304,49
45305,4
45306,4
45307,18
45308,13
45309,34
45310,7
45311,5
45312,18
45313,24
45314,12
45315,5
45316,0
45317,15
45318,4
45319,0
45320,24
45321,8
45322,6
45323,4
45324,24
45325,3
45326,5
45327,8
45328,55
45329,1
45330,28
45331,9
45332,30
45333,39
45334,5
45335,29
45336,7
45337,1
45338,37
45339,52
45340,4
45341,40
45342,39
45343,1
45344,24
45345,55
45346,2
45347,4
45348,2
45349,12
45350,15
45351,2
45352,47
45353,30
45354,6
45355,8
45356,2
45357,1
45358,52
45359,9
45360,3
45361,3
45362,7
45363,20
45364,47
45365,7
45366,18
45367,4
45368,14
45369,55
45370,40
45371,7
45372,16
45373,37
45374,3
45375,3
45376,30
45377,30
45378,3
45379,58
45380,5
45381,32
45382,0
45383,23
45384,0
45385,1
45386,7
45387,39
45388,49
45389,22
45390,1
45391,28
45392,34
45393,47
45394,10
45395,9
45396,15
45397,2
45398,19
45399,28
45400,28
45401,29
45402,4
45403,5
45404,31
45405,1
45406,24
45407,5
45408,28
45409,32
45410,12
45411,7
45412,49
45413,39
45414,5
45415,4
45416,7
45417,1
45418,1
45419,28
45420,49
45421,28
45422,0
45423,43
45424,39
45425,40
45426,43
45427,53
45428,3
45429,6
45430,2
45431,4
45432,24
45433,4
45434,9
45435,9
45436,37
45437,13
45438,3
45439,2
45440,26
45441,8
45442,6
45443,29
45444,61
45445,4
45446,40
45447,7
45448,0
45449,55
45450,24
45451,24
45452,0
45453,8
45454,12
45455,28
45456,49
45457,7
45458,9
45459,7
45460,9
45461,7
45462,1
45463,21
45464,3
45465,8
45466,39
45467,58
45468,55
45469,55
45470,15
45471,5
45472,5
45473,25
45474,10
45475,1
45476,26
45477,8
45478,1
45479,9
45480,25
45481,1
45482,8
45483,2
45484,28
45485,0
45486,4
45487,43
45488,49
45489,1
45490,3
45491,9
45492,8
45493,3
45494,28
45495,8
45496,24
45497,7
45498,6
45499,7
45500,27
45501,6
45502,53
45503,1
45504,28
45505,28
45506,12
45507,0
45508,40
45509,32
45510,40
45511,55
45512,9
45513,2
45514,8
45515,8
45516,9
45517,22
45518,28
45519,55
45520,8
45521,21
45522,44
45523,9
45524,24
45525,55
45526,36
45527,7
45528,2
45529,9
45530,28
45531,22
45532,4
45533,53
45534,6
45535,21
45536,55
45537,7
45538,28
45539,1
45540,0
45541,7
45542,6
45543,4
45544,34
45545,22
45546,0
45547,2
45548,6
45549,21
45550,12
45551,6
45552,23
45553,24
45554,24
45555,12
45556,43
45557,9
45558,9
45559,5
45560,12
45561,1
45562,6
45563,5
45564,8
45565,20
45566,6
45567,4
45568,37
45569,1
45570,7
45571,1
45572,6
45573,2
45574,0
45575,3
45576,22
45577,29
45578,8
45579,39
45580,6
45581,2
45582,8
45583,12
45584,6
45585,23
45586,6
45587,24
45588,23
45589,0
45590,30
45591,7
45592,40
45593,33
45594,0
45595,7
45596,1
45597,0
45598,16
45599,1
45600,24
45601,6
45602,5
45603,23
45604,0
45605,5
45606,36
45607,8
45608,0
45609,55
45610,7
45611,12
45612,6
45613,21
45614,40
45615,1
45616,42
45617,1
45618,5
45619,24
45620,24
45621,23
45622,25
45623,7
45624,1
45625,46
45626,20
45627,5
45628,36
45629,7
45630,8
45631,18
45632,13
45633,55
45634,2
45635,25
45636,16
45637,5
45638,1
45639,3
45640,28
45641,9
45642,8
45643,40
45644,55
45645,0
45646,0
45647,2
45648,43
45649,6
45650,12
45651,3
45652,23
45653,4
45654,23
45655,6
45656,53
45657,23
45658,2
45659,1
45660,30
45661,23
45662,1
45663,0
45664,3
45665,18
45666,47
45667,9
45668,40
45669,3
45670,5
45671,7
45672,3
45673,3
45674,15
45675,8
45676,9
45677,4
45678,19
45679,15
45680,4
45681,3
45682,6
45683,7
45684,40
45685,8
45686,34
45687,4
45688,7
45689,6
45690,0
45691,27
45692,1
45693,34
45694,29
45695,30
45696,60
45697,5
45698,27
45699,39
45700,53
45701,10
45702,44
45703,40
45704,1
45705,1
45706,28
45707,6
45708,37
45709,28
45710,8
45711,8
45712,31
45713,9
45714,21
45715,25
45716,1
45717,0
45718,32
45719,15
45720,13
45721,23
45722,10
45723,7
45724,24
45725,19
45726,28
45727,1
45728,22
45729,28
45730,14
45731,9
45732,24
45733,3
45734,5
45735,9
45736,19
45737,6
45738,0
45739,2
45740,3
45741,31
45742,13
45743,24
45744,39
45745,8
45746,39
45747,6
45748,40
45749,9
45750,59
45751,9
45752,1
45753,29
45754,14
45755,8
45756,28
45757,3
45758,0
45759,15
45760,51
45761,4
45762,30
45763,29
45764,30
45765,43
45766,1
45767,24
45768,3
45769,40
45770,5
45771,4
45772,9
45773,1
45774,53
45775,6
45776,28
45777,5
45778,24
45779,9
45780,33
45781,1
45782,29
45783,18
45784,24
45785,55
45786,8
45787,9
45788,0
45789,1
45790,55
45791,27
45792,9
45793,22
45794,28
45795,28
45796,6
45797,0
45798,30
45799,55
45800,9
45801,27
45802,35
45803,55
45804,40
45805,8
45806,22
45807,7
45808,7
45809,0
45810,36
45811,39
45812,40
45813,4
45814,30
45815,29
45816,7
45817,18
45818,24
45819,0
45820,30
45821,3
45822,1
45823,9
45824,7
45825,5
45826,22
45827,30
45828,6
45829,15
45830,8
45831,3
45832,7
45833,39
45834,24
45835,18
45836,36
45837,59
45838,13
45839,1
45840,55
45841,33
45842,3
45843,30
45844,1
45845,9
45846,1
45847,1
45848,55
45849,9
45850,8
45851,15
45852,24
45853,20
45854,22
45855,18
45856,6
45857,5
45858,53
45859,18
45860,0
45861,1
45862,28
45863,8
45864,40
45865,40
45866,22
45867,25
45868,11
45869,40
45870,7
45871,22
45872,3
45873,7
45874,8
45875,6
45876,22
45877,12
45878,7
45879,9
45880,0
45881,1
45882,5
45883,19
45884,2
45885,2
45886,18
45887,2
45888,17
45889,15
45890,3
45891,15
45892,8
45893,6
45894,12
45895,5
45896,4
45897,5
45898,32
45899,22
45900,1
45901,1
45902,10
45903,0
45904,15
45905,53
45906,17
45907,2
45908,4
45909,0
45910,5
45911,7
45912,4
45913,9
45914,25
45915,13
45916,43
45917,3
45918,1
45919,22
45920,2
45921,17
45922,0
45923,37
45924,8
45925,6
45926,7
45927,24
45928,1
45929,6
45930,15
45931,10
45932,6
45933,2
45934,13
45935,40
45936,22
45937,4
45938,6
45939,49
45940,2
45941,28
45942,29
45943,7
45944,7
45945,1
45946,1
45947,6
45948,1
45949,28
45950,0
45951,28
45952,28
45953,0
45954,40
45955,18
45956,22
45957,49
45958,7
45959,12
45960,8
45961,6
45962,11
45963,28
45964,6
45965,2
45966,30
45967,53
45968,29
45969,3
45970,7
45971,5
45972,1
45973,5
45974,0
45975,8
45976,15
45977,24
45978,5
45979,40
45980,39
45981,4
45982,5
45983,1
45984,5
45985,39
45986,40
45987,12
45988,1
45989,39
45990,1
45991,0
45992,40
45993,28
45994,34
45995,37
45996,18
45997,5
45998,31
45999,2
46000,39
46001,14
46002,4
46003,3
46004,40
46005,40
46006,16
46007,1
46008,28
46009,29
46010,3
46011,5
46012,5
46013,12
46014,36
46015,1
46016,0
46017,27
46018,9
46019,11
46020,14
46021,3
46022,2
46023,20
46024,47
46025,6
46026,58
46027,4
46028,19
46029,1
46030,58
46031,46
46032,3
46033,9
46034,31
46035,4
46036,47
46037,40
46038,5
46039,53
46040,53
46041,2
46042,0
46043,49
46044,43
46045,30
46046,7
46047,28
46048,18
46049,55
46050,20
46051,0
46052,47
46053,0
46054,52
46055,28
46056,3
46057,1
46058,29
46059,1
46060,59
46061,4
46062,2
46063,7
46064,36
46065,2
46066,1
46067,4
46068,3
46069,34
46070,9
46071,1
46072,2
46073,14
46074,9
46075,2
46076,28
46077,28
46078,1
46079,7
46080,0
46081,59
46082,1
46083,6
46084,4
46085,43
46086,3
46087,25
46088,51
46089,32
46090,29
46091,40
46092,5
46093,2
46094,28
46095,49
46096,19
46097,24
46098,35
46099,6
46100,15
46101,15
46102,1
46103,60
46104,8
46105,0
46106,8
46107,30
46108,25
46109,9
46110,30
46111,7
46112,9
46113,21
46114,1
46115,1
46116,9
46117,40
46118,9
46119,3
46120,5
46121,25
46122,0
46123,24
46124,5
46125,34
46126,22
46127,28
46128,2
46129,4
46130,1
46131,59
46132,1
46133,22
46134,1
46135,18
46136,8
46137,28
46138,4
46139,3
46140,28
46141,25
46142,10
46143,21
46144,40
46145,55
46146,7
46147,4
46148,28
46149,39
46150,6
46151,11
46152,6
46153,9
46154,30
46155,3
46156,32
46157,3
46158,43
46159,0
46160,23
46161,6
46162,1
46163,0
46164,8
46165,55
46166,7
46167,2
46168,58
46169,4
46170,53
46171,6
46172,45
46173,6
46174,30
46175,8
46176,40
46177,7
46178,55
46179,53
46180,8
46181,6
46182,34
46183,53
46184,6
46185,2
46186,28
46187,0
46188,49
46189,0
46190,23
46191,7
46192,30
46193,18
46194,5
46195,7
46196,23
46197,40
46198,49
46199,40
46200,7
46201,28
46202,30
46203,40
46204,39
46205,8
46206,10
46207,2
46208,29
46209,6
46210,3
46211,5
46212,7
46213,35
46214,40
46215,0
46216,9
46217,28
46218,4
46219,53
46220,6
46221,1
46222,36
46223,7
46224,9
46225,7
46226,4
46227,36
46228,7
46229,0
46230,4
46231,18
46232,7
46233,20
46234,12
46235,0
46236,6
46237,28
46238,10
46239,24
46240,9
46241,8
46242,29
46243,28
46244,0
46245,28
46246,1
46247,15
46248,10
46249,42
46250,5
46251,28
46252,29
46253,0
46254,1
46255,49
46256,25
46257,30
46258,4
46259,5
46260,32
46261,4
46262,5
46263,31
46264,1
46265,0
46266,28
46267,55
46268,6
46269,4
46270,15
46271,7
46272,18
46273,29
46274,9
46275,37
46276,7
46277,2
46278,22
46279,40
46280,30
46281,22
46282,2
46283,8
46284,26
46285,6
46286,8
46287,9
46288,39
46289,5
46290,8
46291,2
46292,12
46293,4
46294,3
46295,30
46296,9
46297,4
46298,7
46299,4
46300,6
46301,0
46302,37
46303,5
46304,3
46305,28
46306,0
46307,25
46308,1
46309,28
46310,4
46311,7
46312,24
46313,40
46314,52
46315,6
46316,7
46317,40
46318,15
46319,36
46320,40
46321,34
46322,34
46323,3
46324,8
46325,3
46326,1
46327,10
46328,25
46329,0
46330,8
46331,49
46332,5
46333,1
46334,7
46335,18
46336,4
46337,10
46338,2
46339,2
46340,8
46341,28
46342,7
46343,6
46344,1
46345,49
46346,7
46347,40
46348,8
46349,28
46350,25
46351,31
46352,9
46353,3
46354,7
46355,55
46356,2
46357,4
46358,7
46359,49
46360,9
46361,58
46362,29
46363,24
46364,2
46365,3
46366,40
46367,25
46368,9
46369,25
46370,49
46371,59
46372,4
46373,55
46374,22
46375,31
46376,20
46377,1
46378,28
46379,30
46380,9
46381,39
46382,1
46383,9
46384,7
46385,9
46386,7
46387,55
46388,0
46389,36
46390,12
46391,7
46392,15
46393,9
46394,23
46395,3
46396,4
46397,40
46398,31
46399,37
46400,7
46401,1
46402,3
46403,2
46404,4
46405,58
46406,22
46407,18
46408,28
46409,39
46410,1
46411,40
46412,6
46413,14
46414,39
46415,1
46416,8
46417,4
46418,28
46419,24
46420,9
46421,6
46422,1
46423,6
46424,2
46425,43
46426,9
46427,7
46428,7
46429,35
46430,3
46431,22
46432,0
46433,9
46434,22
46435,3
46436,15
46437,27
46438,10
46439,6
46440,28
46441,5
46442,1
46443,6
46444,28
46445,3
46446,13
46447,22
46448,55
46449,6
46450,28
46451,2
46452,1
46453,12
46454,1
46455,1
46456,7
46457,1
46458,8
46459,1
46460,30
46461,19
46462,28
46463,61
46464,2
46465,37
46466,3
46467,2
46468,18
46469,6
46470,0
46471,1
46472,2
46473,33
46474,55
46475,6
46476,49
46477,17
46478,3
46479,28
46480,1
46481,1
46482,18
46483,47
46484,58
46485,19
46486,61
46487,25
46488,2
46489,9
46490,21
46491,40
46492,19
46493,53
46494,5
46495,6
46496,27
46497,24
46498,1
46499,5
46500,17
46501,7
46502,3
46503,0
46504,4
46505,1
46506,55
46507,9
46508,59
46509,8
46510,1
46511,9
46512,40
46513,37
46514,15
46515,9
46516,2
46517,1
46518,19
46519,40
46520,5
46521,8
46522,18
46523,9
46524,5
46525,55
46526,28
46527,4
46528,8
46529,18
46530,10
46531,6
46532,9
46533,8
46534,31
46535,21
46536,21
46537,40
46538,0
46539,15
46540,9
46541,12
46542,42
46543,0
46544,46
46545,7
46546,28
46547,3
46548,15
46549,55
46550,6
46551,40
46552,8
46553,1
46554,42
46555,0
46556,1
46557,7
46558,8
46559,60
46560,40
46561,40
46562,16
46563,4
46564,29
46565,21
46566,40
46567,4
46568,53
46569,8
46570,4
46571,18
46572,24
46573,42
46574,53
46575,24
46576,6
46577,40
46578,0
46579,40
46580,5
46581,22
46582,2
46583,43
46584,4
46585,36
46586,6
46587,55
46588,12
46589,20
46590,36
46591,8
46592,27
46593,2
46594,1
46595,2
46596,8
46597,12
46598,7
46599,8
46600,3
46601,8
46602,9
46603,1
46604,0
46605,24
46606,34
46607,33
46608,6
46609,1
46610,18
46611,6
46612,7
46613,9
46614,6
46615,15
46616,1
46617,26
46618,2
46619,9
46620,2
46621,35
46622,24
46623,3
46624,12
46625,1
46626,9
46627,30
46628,2
46629,28
46630,1
46631,53
46632,36
46633,25
46634,9
46635,22
46636,55
46637,9
46638,23
46639,0
46640,9
46641,1
46642,9
46643,53
46644,4
46645,7
46646,5
46647,5
46648,28
46649,10
46650,5
46651,0
46652,0
46653,1
46654,39
46655,3
46656,49
46657,24
46658,3
46659,4
46660,2
46661,3
46662,55
46663,24
46664,15
46665,4
46666,39
46667,5
46668,8
46669,40
46670,28
46671,28
46672,9
46673,8
46674,2
46675,0
46676,3
46677,15
46678,3
46679,9
46680,30
46681,21
46682,3
46683,25
46684,6
46685,55
46686,7
46687,5
46688,55
46689,7
46690,58
46691,27
46692,12
46693,4
46694,1
46695,4
46696,4
46697,4
46698,2
46699,22
46700,3
46701,30
46702,36
46703,7
46704,22
46705,4
46706,8
46707,0
46708,43
46709,1
46710,60
46711,1
46712,0
46713,48
46714,3
46715,23
46716,1
46717,2
46718,7
46719,1
46720,28
46721,0
46722,6
46723,22
46724,49
46725,6
46726,9
46727,40
46728,40
46729,5
46730,0
46731,4
46732,3
46733,6
46734,5
46735,28
46736,26
46737,6
46738,5
46739,9
46740,3
46741,13
46742,8
46743,6
46744,4
46745,4
46746,9
46747,53
46748,28
46749,6
46750,2
46751,4
46752,43
46753,8
46754,27
46755,30
46756,0
46757,39
46758,36
46759,0
46760,6
46761,15
46762,29
46763,49
46764,60
46765,3
46766,0
46767,55
46768,2
46769,2
46770,8
46771,6
46772,7
46773,6
46774,29
46775,5
46776,16
46777,11
46778,7
46779,40
46780,28
46781,19
46782,8
46783,24
46784,0
46785,8
46786,3
46787,7
46788,6
46789,53
46790,36
46791,6
46792,31
46793,0
46794,2
46795,19
46796,5
46797,3
46798,47
46799,4
46800,3
46801,13
46802,3
46803,9
46804,14
46805,12
46806,8
46807,4
46808,1
46809,8
46810,4
46811,4
46812,2
46813,4
46814,29
46815,7
46816,28
46817,5
46818,15
46819,32
46820,24
46821,23
46822,43
46823,9
46824,1
46825,0
46826,24
46827,22
46828,2
46829,24
46830,9
46831,5
46832,3
46833,12
46834,8
46835,39
46836,40
46837,4
46838,11
46839,2
46840,5
46841,9
46842,6
46843,55
46844,0
46845,10
46846,12
46847,39
46848,3
46849,25
46850,9
46851,1
46852,9
46853,8
46854,6
46855,6
46856,39
46857,5
46858,5
46859,8
46860,8
46861,9
46862,28
46863,8
46864,8
46865,7
46866,7
46867,53
46868,8
46869,53
46870,39
46871,25
46872,28
46873,29
46874,49
46875,1
46876,24
46877,6
46878,49
46879,0
46880,9
46881,3
46882,0
46883,0
46884,8
46885,24
46886,3
46887,5
46888,6
46889,39
46890,5
46891,0
46892,2
46893,23
46894,43
46895,4
46896,7
46897,20
46898,40
46899,35
46900,2
46901,40
46902,28
46903,2
46904,3
46905,7
46906,28
46907,6
46908,3
46909,3
46910,5
46911,2
46912,10
46913,1
46914,34
46915,2
46916,9
46917,25
46918,3
46919,58
46920,6
46921,7
46922,0
46923,4
46924,40
46925,12
46926,7
46927,22
46928,4
46929,36
46930,15
46931,53
46932,40
46933,12
46934,29
46935,24
46936,31
46937,7
46938,8
46939,12
46940,8
46941,2
46942,36
46943,29
46944,3
46945,37
46946,9
46947,22
46948,27
46949,2
46950,1
46951,27
46952,1
46953,5
46954,4
46955,15
46956,18
46957,3
46958,18
46959,7
46960,8
46961,2
46962,1
46963,3
46964,18
46965,30
46966,0
46967,1
46968,24
46969,5
46970,2
46971,5
46972,23
46973,55
46974,7
46975,47
46976,5
46977,31
46978,30
46979,28
46980,0
46981,24
46982,10
46983,7
46984,7
46985,28
46986,60
46987,28
46988,8
46989,24
46990,2
46991,10
46992,27
46993,0
46994,8
46995,36
46996,49
46997,15
46998,28
46999,3
47000,49
47001,28
47002,1
47003,9
47004,24
47005,21
47006,5
47007,40
47008,15
47009,18
47010,8
47011,3
47012,28
47013,39
47014,0
47015,8
47016,1
47017,7
47018,45
47019,0
47020,45
47021,2
47022,24
47023,30
47024,37
47025,0
47026,36
47027,2
47028,0
47029,40
47030,3
47031,0
47032,30
47033,7
47034,6
47035,2
47036,7
47037,12
47038,0
47039,31
47040,0
47041,1
47042,0
47043,3
47044,5
47045,2
47046,12
47047,47
47048,3
47049,26
47050,28
47051,59
47052,1
47053,3
47054,3
47055,3
47056,22
47057,2
47058,55
47059,14
47060,49
47061,31
47062,47
47063,16
47064,40
47065,2
47066,3
47067,39
47068,9
47069,3
47070,39
47071,6
47072,21
47073,16
47074,7
47075,11
47076,55
47077,61
47078,2
47079,28
47080,28
47081,39
47082,3
47083,7
47084,53
47085,0
47086,2
47087,28
47088,4
47089,41
47090,2
47091,28
47092,4
47093,9
47094,8
47095,1
47096,29
47097,24
47098,24
47099,16
47100,55
47101,28
47102,28
47103,43
47104,40
47105,7
47106,0
47107,7
47108,58
47109,53
47110,1
47111,40
47112,33
47113,40
47114,5
47115,55
47116,1
47117,49
47118,24
47119,31
47120,52
47121,24
47122,53
47123,52
47124,12
47125,8
47126,3
47127,22
47128,1
47129,4
47130,9
47131,6
47132,34
47133,9
47134,0
47135,40
47136,10
47137,25
47138,44
47139,4
47140,1
47141,3
47142,5
47143,8
47144,15
47145,0
47146,12
47147,3
47148,53
47149,4
47150,6
47151,6
47152,36
47153,24
47154,12
47155,30
47156,1
47157,36
47158,17
47159,42
47160,43
47161,43
47162,4
47163,7
47164,39
47165,9
47166,0
47167,7
47168,36
47169,58
47170,49
47171,18
47172,1
47173,6
47174,4
47175,1
47176,7
47177,30
47178,5
47179,40
47180,7
47181,1
47182,4
47183,12
47184,28
47185,8
47186,55
47187,0
47188,40
47189,0
47190,3
47191,3
47192,25
47193,1
47194,3
47195,10
47196,7
47197,3
47198,2
47199,1
47200,40
47201,27
47202,40
47203,8
47204,1
47205,0
47206,22
47207,1
47208,5
47209,9
47210,10
47211,3
47212,40
47213,4
47214,8
47215,40
47216,25
47217,5
47218,0
47219,8
47220,49
47221,24
47222,5
47223,9
47224,28
47225,31
47226,10
47227,3
47228,2
47229,16
47230,6
47231,18
47232,2
47233,4
47234,2
47235,39
47236,9
47237,18
47238,33
47239,1
47240,22
47241,0
47242,40
47243,30
47244,6
47245,5
47246,6
47247,1
47248,21
47249,7
47250,15
47251,5
47252,40
47253,7
47254,0
47255,3
47256,25
47257,53
47258,9
47259,1
47260,5
47261,15
47262,3
47263,35
47264,3
47265,8
47266,0
47267,53
47268,27
47269,19
47270,3
47271,10
47272,7
47273,43
47274,28
47275,7
47276,9
47277,9
47278,2
47279,3
47280,7
47281,9
47282,1
47283,6
47284,0
47285,7
47286,8
47287,39
47288,45
47289,37
47290,6
47291,40
47292,8
47293,1
47294,10
47295,28
47296,6
47297,3
47298,43
47299,1
47300,11
47301,4
47302,14
47303,12
47304,4
47305,3
47306,6
47307,12
47308,26
47309,3
47310,6
47311,3
47312,1
47313,1
47314,8
47315,24
47316,53
47317,1
47318,12
47319,0
47320,18
47321,1
47322,5
47323,10
47324,4
47325,8
47326,4
47327,1
47328,2
47329,21
47330,23
47331,9
47332,29
47333,3
47334,40
47335,9
47336,2
47337,0
47338,1
47339,4
47340,55
47341,18
47342,7
47343,55
47344,36
47345,40
47346,6
47347,46
47348,58
47349,43
47350,1
47351,2
47352,7
47353,3
47354,7
47355,22
47356,18
47357,28
47358,29
47359,7
47360,30
47361,26
47362,8
47363,9
47364,4
47365,6
47366,13
47367,9
47368,25
47369,43
47370,21
47371,1
47372,6
47373,20
47374,43
47375,8
47376,28
47377,9
47378,8
47379,2
47380,2
47381,2
47382,0
47383,36
47384,27
47385,20
47386,22
47387,4
47388,1
47389,7
47390,31
47391,1
47392,12
47393,7
47394,11
47395,9
47396,6
47397,22
47398,7
47399,42
47400,2
47401,6
47402,30
47403,5
47404,20
47405,24
47406,55
47407,24
47408,1
47409,49
47410,8
47411,8
47412,2
47413,49
47414,12
47415,1
47416,6
47417,2
47418,3
47419,5
47420,6
47421,29
47422,29
47423,27
47424,8
47425,0
47426,0
47427,0
47428,5
47429,7
47430,15
47431,5
47432,6
47433,39
47434,4
47435,43
47436,37
47437,0
47438,2
47439,40
47440,9
47441,24
47442,0
47443,12
47444,5
47445,7
47446,3
47447,30
47448,9
47449,55
47450,1
47451,36
47452,7
47453,2
47454,3
47455,8
47456,8
47457,58
47458,8
47459,5
47460,24
47461,23
47462,6
47463,8
47464,8
47465,43
47466,2
47467,15
47468,28
47469,40
47470,25
47471,7
47472,1
47473,2
47474,29
47475,36
47476,24
47477,39
47478,0
47479,55
47480,16
47481,34
47482,0
47483,29
47484,1
47485,0
47486,28
47487,18
47488,5
47489,28
47490,8
47491,3
47492,12
47493,53
47494,31
47495,5
47496,36
47497,34
47498,9
47499,15
47500,53
47501,14
47502,45
47503,1
47504,9
47505,30
47506,31
47507,43
47508,5
47509,25
47510,5
47511,2
47512,53
47513,47
47514,0
47515,4
47516,55
47517,1
47518,39
47519,0
47520,34
47521,5
47522,30
47523,55
47524,13
47525,34
47526,3
47527,0
47528,5
47529,28
47530,6
47531,1
47532,0
47533,1
47534,6
47535,4
47536,9
47537,0
47538,22
47539,12
47540,9
47541,40
47542,2
47543,21
47544,40
47545,31
47546,15
47547,8
47548,40
47549,22
47550,1
47551,9
47552,8
47553,10
47554,30
47555,33
47556,5
47557,7
47558,3
47559,2
47560,6
47561,2
47562,3
47563,4
47564,4
47565,6
47566,28
47567,9
47568,3
47569,61
47570,4
47571,6
47572,25
47573,24
47574,15
47575,3
47576,24
47577,24
47578,4
47579,40
47580,23
47581,24
47582,19
47583,6
47584,22
47585,6
47586,9
47587,0
47588,1
47589,7
47590,1
47591,6
47592,6
47593,0
47594,32
47595,7
47596,1
47597,15
47598,7
47599,9
47600,21
47601,7
47602,3
47603,14
47604,55
47605,43
47606,39
47607,3
47608,52
47609,5
47610,4
47611,27
47612,31
47613,0
47614,23
47615,3
47616,3
47617,3
47618,0
47619,1
47620,53
47621,7
47622,13
47623,3
47624,22
47625,1
47626,9
47627,2
47628,8
47629,1
47630,14
47631,39
47632,55
47633,7
47634,28
47635,4
47636,43
47637,12
47638,2
47639,24
47640,1
47641,28
47642,6
47643,2
47644,0
47645,23
47646,28
47647,4
47648,2
47649,55
47650,40
47651,5
47652,1
47653,18
47654,25
47655,37
47656,8
47657,8
47658,39
47659,9
47660,29
47661,25
47662,24
47663,2
47664,47
47665,1
47666,37
47667,2
47668,3
47669,8
47670,8
47671,30
47672,40
47673,3
47674,47
47675,7
47676,28
47677,5
47678,3
47679,4
47680,3
47681,53
47682,29
47683,34
47684,2
47685,8
47686,7
47687,55
47688,24
47689,2
47690,1
47691,31
47692,6
47693,21
47694,7
47695,21
47696,43
47697,8
47698,0
47699,32
47700,9
47701,3
47702,49
47703,28
47704,55
47705,3
47706,0
47707,26
47708,1
47709,30
47710,9
47711,2
47712,21
47713,5
47714,40
47715,34
47716,5
47717,1
47718,3
47719,24
47720,24
47721,12
47722,5
47723,7
47724,2
47725,9
47726,9
47727,7
47728,1
47729,24
47730,7
47731,55
47732,3
47733,2
47734,1
47735,43
47736,6
47737,1
47738,53
47739,3
47740,32
47741,7
47742,28
47743,8
47744,7
47745,0
47746,6
47747,1
47748,28
47749,5
47750,7
47751,1
47752,1
47753,2
47754,61
47755,43
47756,28
47757,49
47758,24
47759,9
47760,0
47761,40
47762,13
47763,49
47764,6
47765,40
47766,7
47767,14
47768,24
47769,57
47770,52
47771,20
47772,3
47773,13
47774,2
47775,30
47776,24
47777,28
47778,59
47779,40
47780,1
47781,40
47782,4
47783,7
47784,3
47785,2
47786,7
47787,22
47788,2
47789,8
47790,3
47791,7
47792,27
47793,4
47794,3
47795,9
47796,0
47797,4
47798,5
47799,24
47800,8
47801,11
47802,26
47803,23
47804,6
47805,18
47806,8
47807,2
47808,24
47809,6
47810,40
47811,53
47812,27
47813,18
47814,2
47815,25
47816,3
47817,40
47818,21
47819,22
47820,28
47821,0
47822,1
47823,53
47824,40
47825,9
47826,21
47827,0
47828,2
47829,12
47830,32
47831,8
47832,9
47833,2
47834,29
47835,11
47836,1
47837,9
47838,13
47839,30
47840,25
47841,2
47842,40
47843,9
47844,1
47845,2
47846,1
47847,9
47848,7
47849,28
47850,7
47851,2
47852,18
47853,55
47854,40
47855,6
47856,28
47857,3
47858,55
47859,23
47860,40
47861,6
47862,30
47863,3
47864,6
47865,39
47866,43
47867,0
47868,51
47869,25
47870,6
47871,49
47872,28
47873,3
47874,55
47875,8
47876,3
47877,1
47878,39
47879,1
47880,59
47881,49
47882,32
47883,4
47884,37
47885,19
47886,20
47887,6
47888,53
47889,7
47890,1
47891,19
47892,22
47893,0
47894,40
47895,40
47896,31
47897,40
47898,23
47899,47
47900,1
47901,0
47902,5
47903,31
47904,43
47905,1
47906,11
47907,36
47908,36
47909,5
47910,2
47911,5
47912,1
47913,1
47914,24
47915,13
47916,1
47917,19
47918,8
47919,28
47920,1
47921,9
47922,5
47923,0
47924,3
47925,39
47926,2
47927,55
47928,40
47929,14
47930,1
47931,30
47932,0
47933,2
47934,40
47935,0
47936,15
47937,3
47938,1
47939,49
47940,8
47941,27
47942,2
47943,32
47944,4
47945,12
47946,5
47947,30
47948,31
47949,20
47950,1
47951,40
47952,1
47953,2
47954,8
47955,39
47956,8
47957,1
47958,6
47959,18
47960,30
47961,9
47962,30
47963,7
47964,5
47965,3
47966,8
47967,3
47968,15
47969,22
47970,1
47971,47
47972,49
47973,1
47974,28
47975,26
47976,30
47977,7
47978,9
47979,40
47980,40
47981,21
47982,39
47983,30
47984,4
47985,24
47986,5
47987,7
47988,39
47989,6
47990,31
47991,6
47992,21
47993,39
47994,22
47995,28
47996,6
47997,1
47998,36
47999,25
48000,9
48001,53
48002,1
48003,20
48004,60
48005,8
48006,6
48007,53
48008,8
48009,59
48010,8
48011,28
48012,1
48013,29
48014,21
48015,32
48016,9
48017,1
48018,4
48019,7
48020,44
48021,22
48022,9
48023,6
48024,19
48025,7
48026,53
48027,28
48028,29
48029,1
48030,1
48031,4
48032,1
48033,4
48034,9
48035,1
48036,40
48037,2
48038,20
48039,6
48040,12
48041,15
48042,7
48043,15
48044,1
48045,24
48046,0
48047,28
48048,34
48049,8
48050,3
48051,7
48052,25
48053,53
48054,28
48055,4
48056,5
48057,29
48058,10
48059,2
48060,40
48061,28
48062,0
48063,29
48064,2
48065,19
48066,3
48067,7
48068,24
48069,34
48070,3
48071,23
48072,3
48073,4
48074,28
48075,29
48076,7
48077,7
48078,7
48079,7
48080,37
48081,9
48082,3
48083,12
48084,7
48085,6
48086,39
48087,13
48088,13
48089,55
48090,6
48091,24
48092,1
48093,53
48094,12
48095,5
48096,17
48097,6
48098,42
48099,40
48100,39
48101,8
48102,2
48103,2
48104,1
48105,1
48106,1
48107,25
48108,9
48109,9
48110,24
48111,3
48112,25
48113,5
48114,40
48115,14
48116,1
48117,34
48118,12
48119,40
48120,28
48121,45
48122,52
48123,8
48124,2
48125,40
48126,5
48127,1
48128,9
48129,8
48130,9
48131,2
48132,4
48133,0
48134,2
48135,8
48136,24
48137,4
48138,17
48139,30
48140,34
48141,17
48142,4
48143,2
48144,8
48145,4
48146,24
48147,9
48148,36
48149,55
48150,10
48151,9
48152,2
48153,10
48154,3
48155,8
48156,36
48157,3
48158,1
48159,12
48160,4
48161,0
48162,40
48163,9
48164,24
48165,21
48166,49
48167,21
48168,40
48169,1
48170,28
48171,6
48172,55
48173,2
48174,8
48175,40
48176,7
48177,29
48178,4
48179,3
48180,1
48181,8
48182,5
48183,39
48184,28
48185,8
48186,12
48187,3
48188,3
48189,28
48190,13
48191,7
48192,0
48193,15
48194,21
48195,1
48196,2
48197,1
48198,5
48199,23
48200,24
48201,26
48202,7
48203,53
48204,5
48205,1
48206,1
48207,5
48208,30
48209,9
48210,13
48211,9
48212,3
48213,28
48214,1
48215,4
48216,2
48217,30
48218,46
48219,0
48220,49
48221,29
48222,12
48223,1
48224,39
48225,30
48226,1
48227,23
48228,2
48229,24
48230,5
48231,40
48232,8
48233,2
48234,8
48235,7
48236,33
48237,22
48238,49
48239,7
48240,9
48241,9
48242,49
48243,28
48244,7
48245,5
48246,5
48247,7
48248,40
48249,0
48250,9
48251,24
48252,5
48253,8
48254,6
48255,8
48256,0
48257,40
48258,3
48259,28
48260,2
48261,6
48262,2
48263,9
48264,4
48265,40
48266,31
48267,24
48268,8
48269,1
48270,7
48271,5
48272,40
48273,9
48274,5
48275,28
48276,39
48277,15
48278,6
48279,0
48280,13
48281,40
48282,1
48283,2
48284,9
48285,24
48286,2
48287,1
48288,1
48289,11
48290,5
48291,53
48292,36
48293,7
48294,6
48295,36
48296,0
48297,49
48298,24
48299,59
48300,8
48301,37
48302,2
48303,4
48304,6
48305,33
48306,3
48307,3
48308,40
48309,53
48310,3
48311,15
48312,40
48313,29
48314,47
48315,18
48316,43
48317,39
48318,9
48319,23
48320,39
48321,1
48322,6
48323,4
48324,8
48325,47
48326,9
48327,49
48328,4
48329,28
48330,6
48331,53
48332,8
48333,8
48334,19
48335,2
48336,7
48337,37
48338,2
48339,29
48340,6
48341,8
48342,9
48343,0
48344,4
48345,4
48346,1
48347,0
48348,2
48349,7
48350,5
48351,9
48352,34
48353,1
48354,3
48355,1
48356,4
48357,9
48358,28
48359,8
48360,4
48361,4
48362,37
48363,0
48364,3
48365,39
48366,7
48367,7
48368,43
48369,40
48370,11
48371,18
48372,23
48373,40
48374,4
48375,2
48376,53
48377,0
48378,40
48379,8
48380,9
48381,8
48382,0
48383,53
48384,49
48385,36
48386,41
48387,12
48388,3
48389,8
48390,24
48391,28
48392,58
48393,13
48394,36
48395,7
48396,9
48397,2
48398,16
48399,7
48400,4
48401,4
48402,1
48403,5
48404,17
48405,39
48406,1
48407,31
48408,31
48409,55
48410,53
48411,5
48412,8
48413,1
48414,25
48415,43
48416,43
48417,55
48418,28
48419,8
48420,1
48421,0
48422,8
48423,61
48424,4
48425,8
48426,55
48427,28
48428,6
48429,40
48430,55
48431,0
48432,6
48433,14
48434,8
48435,28
48436,55
48437,27
48438,18
48439,49
48440,3
48441,21
48442,36
48443,1
48444,25
48445,8
48446,5
48447,40
48448,1
48449,1
48450,8
48451,5
48452,58
48453,0
48454,8
48455,8
48456,28
48457,21
48458,9
48459,4
48460,6
48461,4
48462,9
48463,4
48464,9
48465,15
48466,1
48467,16
48468,7
48469,0
48470,2
48471,25
48472,4
48473,55
48474,5
48475,6
48476,15
48477,18
48478,33
48479,10
48480,55
48481,0
48482,42
48483,53
48484,25
48485,55
48486,0
48487,55
48488,49
48489,3
48490,20
48491,7
48492,25
48493,31
48494,53
48495,1
48496,36
48497,2
48498,4
48499,40
48500,5
48501,1
48502,8
48503,12
48504,10
48505,0
48506,0
48507,39
48508,23
48509,1
48510,6
48511,4
48512,25
48513,22
48514,53
48515,17
48516,5
48517,42
48518,8
48519,5
48520,1
48521,8
48522,5
48523,4
48524,3
48525,1
48526,31
48527,12
48528,9
48529,4
48530,1
48531,2
48532,0
48533,5
48534,0
48535,1
48536,26
48537,9
48538,1
48539,30
48540,1
48541,1
48542,3
48543,10
48544,19
48545,15
48546,1
48547,1
48548,24
48549,7
48550,45
48551,25
48552,7
48553,12
48554,31
48555,35
48556,9
48557,2
48558,24
48559,24
48560,21
48561,6
48562,59
48563,29
48564,5
48565,28
48566,3
48567,3
48568,6
48569,29
48570,6
48571,22
48572,5
48573,15
48574,55
48575,39
48576,7
48577,40
48578,21
48579,8
48580,29
48581,0
48582,26
48583,8
48584,3
48585,55
48586,5
48587,8
48588,11
48589,59
48590,4
48591,22
48592,0
48593,3
48594,0
48595,4
48596,28
48597,55
48598,25
48599,6
48600,8
48601,22
48602,7
48603,24
48604,0
48605,28
48606,2
48607,5
48608,2
48609,2
48610,2
48611,28
48612,19
48613,6
48614,4
48615,2
48616,53
48617,25
48618,55
48619,4
48620,12
48621,16
48622,2
48623,39
48624,2
48625,1
48626,10
48627,21
48628,32
48629,39
48630,8
48631,3
48632,20
48633,15
48634,18
48635,1
48636,53
48637,55
48638,25
48639,1
48640,2
48641,39
48642,8
48643,0
48644,7
48645,40
48646,31
48647,3
48648,36
48649,5
48650,6
48651,8
48652,8
48653,6
48654,8
48655,9
48656,1
48657,0
48658,40
48659,30
48660,2
48661,24
48662,18
48663,2
48664,39
48665,23
48666,43
48667,8
48668,3
48669,40
48670,17
48671,7
48672,53
48673,8
48674,43
48675,9
48676,10
48677,0
48678,1
48679,3
48680,3
48681,47
48682,0
48683,19
48684,36
48685,3
48686,7
48687,9
48688,49
48689,0
48690,15
48691,40
48692,1
48693,2
48694,9
48695,1
48696,9
48697,40
48698,43
48699,9
48700,36
48701,28
48702,1
48703,49
48704,40
48705,18
48706,2
48707,30
48708,28
48709,0
48710,1
48711,3
48712,5
48713,0
48714,3
48715,6
48716,0
48717,3
48718,24
48719,3
48720,0
48721,59
48722,5
48723,37
48724,7
48725,1
48726,7
48727,32
48728,9
48729,0
48730,6
48731,49
48732,36
48733,8
48734,3
48735,29
48736,46
48737,12
48738,0
48739,18
48740,35
48741,1
48742,5
48743,25
48744,8
48745,28
48746,32
48747,0
48748,9
48749,4
48750,3
48751,9
48752,5
48753,0
48754,8
48755,32
48756,4
48757,1
48758,0
48759,1
48760,8
48761,20
48762,59
48763,1
48764,55
48765,9
48766,7
48767,1
48768,2
48769,0
48770,1
48771,5
48772,5
48773,9
48774,9
48775,0
48776,2
48777,1
48778,9
48779,7
48780,27
48781,36
48782,30
48783,4
48784,40
48785,20
48786,1
48787,32
48788,5
48789,2
48790,0
48791,0
48792,27
48793,11
48794,39
48795,6
48796,24
48797,1
48798,25
48799,2
48800,40
48801,21
48802,30
48803,24
48804,55
48805,40
48806,40
48807,39
48808,29
48809,35
48810,3
48811,1
48812,25
48813,4
48814,36
48815,24
48816,27
48817,34
48818,15
48819,0
48820,53
48821,2
48822,40
48823,43
48824,10
48825,52
48826,36
48827,55
48828,6
48829,5
48830,12
48831,8
48832,40
48833,33
48834,3
48835,28
48836,0
48837,0
48838,4
48839,30
48840,7
48841,6
48842,9
48843,58
48844,13
48845,40
48846,12
48847,49
48848,4
48849,36
48850,6
48851,0
48852,1
48853,0
48854,28
48855,8
48856,1
48857,1
48858,27
48859,2
48860,2
48861,5
48862,6
48863,0
48864,1
48865,3
48866,28
48867,43
48868,4
48869,1
48870,40
48871,17
48872,24
48873,31
48874,20
48875,8
48876,8
48877,4
48878,2
48879,28
48880,7
48881,3
48882,5
48883,9
48884,5
48885,15
48886,11
48887,2
48888,1
48889,1
48890,6
48891,22
48892,9
48893,9
48894,27
48895,55
48896,6
48897,1
48898,9
48899,3
48900,11
48901,7
48902,7
48903,29
48904,24
48905,42
48906,0
48907,40
48908,1
48909,5
48910,2
48911,53
48912,4
48913,31
48914,29
48915,6
48916,34
48917,15
48918,6
48919,2
48920,2
48921,30
48922,2
48923,8
48924,8
48925,7
48926,5
48927,14
48928,4
48929,3
48930,40
48931,24
48932,14
48933,5
48934,4
48935,28
48936,0
48937,2
48938,49
48939,5
48940,13
48941,15
48942,18
48943,36
48944,55
48945,43
48946,8
48947,28
48948,7
48949,28
48950,9
48951,3
48952,23
48953,24
48954,5
48955,23
48956,24
48957,8
48958,10
48959,9
48960,0
48961,10
48962,9
48963,24
48964,53
48965,7
48966,1
48967,28
48968,3
48969,2
48970,7
48971,8
48972,40
48973,61
48974,15
48975,6
48976,8
48977,5
48978,47
48979,8
48980,7
48981,18
48982,32
48983,29
48984,17
48985,31
48986,1
48987,0
48988,39
48989,6
48990,8
48991,24
48992,5
48993,3
48994,39
48995,6
48996,0
48997,28
48998,28
48999,3
49000,4
49001,30
49002,27
49003,3
49004,2
49005,13
49006,15
49007,1
49008,28
49009,19
49010,4
49011,3
49012,4
49013,6
49014,53
49015,6
49016,47
49017,29
49018,1
49019,43
49020,25
49021,40
49022,12
49023,5
49024,0
49025,40
49026,49
49027,25
49028,2
49029,2
49030,7
49031,8
49032,0
49033,40
49034,39
49035,25
49036,24
49037,24
49038,53
49039,9
49040,6
49041,4
49042,19
49043,0
49044,3
49045,3
49046,26
49047,43
49048,2
49049,24
49050,28
49051,34
49052,8
49053,3
49054,9
49055,14
49056,1
49057,17
49058,40
49059,4
49060,0
49061,13
49062,43
49063,39
49064,2
49065,0
49066,18
49067,24
49068,30
49069,7
49070,4
49071,3
49072,32
49073,6
49074,4
49075,5
49076,14
49077,36
49078,32
49079,1
49080,9
49081,42
49082,10
49083,29
49084,1
49085,22
49086,53
49087,2
49088,28
49089,40
49090,7
49091,5
49092,30
49093,14
49094,22
49095,1
49096,11
49097,1
49098,9
49099,0
49100,9
49101,3
49102,49
49103,36
49104,6
49105,4
49106,24
49107,6
49108,2
49109,4
49110,4
49111,3
49112,1
49113,30
49114,3
49115,30
49116,31
49117,34
49118,2
49119,9
49120,28
49121,53
49122,6
49123,23
49124,0
49125,8
49126,12
49127,53
49128,37
49129,8
49130,40
49131,4
49132,40
49133,14
49134,40
49135,7
49136,18
49137,37
49138,2
49139,19
49140,55
49141,21
49142,12
49143,7
49144,1
49145,7
49146,9
49147,24
49148,1
49149,53
49150,2
49151,0
49152,6
49153,40
49154,6
49155,5
49156,1
49157,18
49158,9
49159,39
49160,24
49161,42
49162,24
49163,8
49164,4
49165,0
49166,7
49167,17
49168,6
49169,0
49170,24
49171,19
49172,3
49173,12
49174,14
49175,4
49176,56
49177,3
49178,7
49179,40
49180,40
49181,4
49182,28
49183,1
49184,10
49185,39
49186,27
49187,0
49188,31
49189,6
49190,24
49191,6
49192,43
49193,7
49194,0
49195,11
49196,21
49197,24
49198,7
49199,32
49200,55
49201,0
49202,25
49203,29
49204,40
49205,6
49206,59
49207,30
49208,6
49209,6
49210,3
49211,22
49212,3
49213,8
49214,49
49215,11
49216,29
49217,12
49218,43
49219,4
49220,27
49221,7
49222,8
49223,23
49224,1
49225,23
49226,7
49227,9
49228,7
49229,5
49230,49
49231,15
49232,25
49233,59
49234,0
49235,0
49236,6
49237,0
49238,17
49239,7
49240,5
49241,9
49242,3
49243,18
49244,28
49245,1
49246,58
49247,6
49248,3
49249,9
49250,6
49251,2
49252,2
49253,2
49254,55
49255,3
49256,0
49257,0
49258,1
49259,37
49260,21
49261,4
49262,3
49263,0
49264,25
49265,0
49266,40
49267,0
49268,7
49269,9
49270,30
49271,1
49272,1
49273,9
49274,8
49275,15
49276,46
49277,40
49278,8
49279,43
49280,24
49281,3
49282,15
49283,47
49284,8
49285,43
49286,24
49287,1
49288,8
49289,1
49290,25
49291,49
49292,18
49293,8
49294,47
49295,39
49296,17
49297,0
49298,49
49299,9
49300,59
49301,1
49302,25
49303,8
49304,27
49305,5
49306,24
49307,18
49308,39
49309,61
49310,3
49311,2
49312,8
49313,3
49314,37
49315,9
49316,8
49317,7
49318,34
49319,6
49320,4
49321,9
49322,1
49323,11
49324,3
49325,22
49326,0
49327,1
49328,34
49329,24
49330,4
49331,1
49332,53
49333,1
49334,22
49335,4
49336,10
49337,33
49338,28
49339,8
49340,5
49341,6
49342,12
49343,0
49344,9
49345,1
49346,39
49347,43
49348,47
49349,0
49350,49
49351,0
49352,1
49353,6
49354,9
49355,43
49356,32
49357,53
49358,55
49359,15
49360,4
49361,40
49362,55
49363,22
49364,4
49365,24
49366,8
49367,26
49368,40
49369,4
49370,3
49371,0
49372,2
49373,19
49374,47
49375,9
49376,2
49377,6
49378,12
49379,18
49380,15
49381,0
49382,5
49383,8
49384,28
49385,53
49386,24
49387,20
49388,53
49389,3
49390,32
49391,1
49392,18
49393,17
49394,0
49395,15
49396,2
49397,2
49398,9
49399,11
49400,4
49401,8
49402,5
49403,29
49404,12
49405,28
49406,24
49407,0
49408,22
49409,1
49410,40
49411,40
49412,4
49413,1
49414,55
49415,28
49416,8
49417,20
49418,0
49419,7
49420,9
49421,9
49422,36
49423,1
49424,23
49425,7
49426,13
49427,24
49428,21
49429,1
49430,28
49431,0
49432,47
49433,4
49434,8
49435,24
49436,0
49437,12
49438,29
49439,36
49440,49
49441,1
49442,7
49443,8
49444,1
49445,24
49446,30
49447,4
49448,4
49449,1
49450,10
49451,2
49452,53
49453,36
49454,55
49455,0
49456,5
49457,30
49458,40
49459,9
49460,9
49461,55
49462,22
49463,43
49464,4
49465,4
49466,39
49467,4
49468,0
49469,52
49470,28
49471,39
49472,8
49473,40
49474,6
49475,26
49476,7
49477,53
49478,7
49479,7
49480,2
49481,9
49482,8
49483,37
49484,28
49485,34
49486,4
49487,4
49488,9
49489,36
49490,19
49491,4
49492,23
49493,58
49494,58
49495,1
49496,28
49497,2
49498,6
49499,12
49500,39
49501,4
49502,9
49503,29
49504,8
49505,49
49506,40
49507,17
49508,9
49509,7
49510,8
49511,53
49512,24
49513,30
49514,15
49515,43
49516,6
49517,7
49518,3
49519,2
49520,1
49521,9
49522,36
49523,61
49524,28
49525,14
49526,9
49527,8
49528,3
49529,0
49530,24
49531,55
49532,6
49533,2
49534,6
49535,8
49536,0
49537,9
49538,24
49539,5
49540,7
49541,3
49542,5
49543,5
49544,31
49545,39
49546,12
49547,13
49548,8
49549,9
49550,49
49551,9
49552,37
49553,5
49554,0
49555,58
49556,1
49557,2
49558,16
49559,4
49560,28
49561,24
49562,31
49563,5
49564,28
49565,30
49566,28
49567,55
49568,43
49569,6
49570,25
49571,36
49572,3
49573,8
49574,8
49575,9
49576,31
49577,2
49578,5
49579,5
49580,15
49581,30
49582,49
49583,7
49584,1
49585,8
49586,5
49587,0
49588,12
49589,9
49590,4
49591,21
49592,1
49593,30
49594,6
49595,7
49596,49
49597,22
49598,6
49599,13
49600,37
49601,35
49602,24
49603,1
49604,14
49605,28
49606,28
49607,7
49608,1
49609,2
49610,2
49611,43
49612,4
49613,6
49614,53
49615,1
49616,52
49617,10
49618,0
49619,19
49620,19
49621,5
49622,21
49623,24
49624,3
49625,7
49626,34
49627,4
49628,0
49629,40
49630,47
49631,23
49632,10
49633,4
49634,0
49635,8
49636,40
49637,24
49638,3
49639,14
49640,15
49641,53
49642,7
49643,40
49644,24
49645,22
49646,12
49647,10
49648,6
49649,23
49650,1
49651,2
49652,8
49653,5
49654,1
49655,9
49656,12
49657,8
49658,5
49659,2
49660,11
49661,0
49662,20
49663,0
49664,1
49665,43
49666,4
49667,8
49668,0
49669,7
49670,15
49671,18
49672,1
49673,3
49674,39
49675,7
49676,53
49677,5
49678,25
49679,29
49680,40
49681,29
49682,8
49683,55
49684,37
49685,5
49686,28
49687,7
49688,27
49689,31
49690,23
49691,24
49692,24
49693,8
49694,2
49695,8
49696,7
49697,25
49698,2
49699,0
49700,1
49701,24
49702,43
49703,28
49704,3
49705,2
49706,8
49707,9
49708,59
49709,37
49710,24
49711,4
49712,49
49713,0
49714,29
49715,24
49716,20
49717,2
49718,10
49719,0
49720,9
49721,0
49722,19
49723,5
49724,10
49725,5
49726,39
49727,12
49728,10
49729,18
49730,30
49731,6
49732,6
49733,11
49734,3
49735,40
49736,6
49737,9
49738,3
49739,4
49740,3
49741,0
49742,22
49743,12
49744,4
49745,3
49746,40
49747,4
49748,24
49749,6
49750,0
49751,19
49752,0
49753,5
49754,29
49755,6
49756,53
49757,2
49758,33
49759,4
49760,6
49761,53
49762,9
49763,3
49764,6
49765,47
49766,25
49767,0
49768,5
49769,28
49770,8
49771,43
49772,7
49773,40
49774,3
49775,1
49776,53
49777,37
49778,40
49779,2
49780,55
49781,43
49782,12
49783,55
49784,7
49785,15
49786,55
49787,5
49788,18
49789,0
49790,29
49791,4
49792,6
49793,24
49794,27
49795,39
49796,0
49797,12
49798,3
49799,28
49800,30
49801,1
49802,30
49803,3
49804,6
49805,18
49806,40
49807,24
49808,3
49809,55
49810,40
49811,12
49812,1
49813,40
49814,53
49815,3
49816,6
49817,55
49818,6
49819,53
49820,6
49821,52
49822,8
49823,29
49824,33
49825,23
49826,7
49827,7
49828,5
49829,9
49830,3
49831,40
49832,27
49833,24
49834,3
49835,5
49836,24
49837,1
49838,0
49839,12
49840,8
49841,0
49842,56
49843,4
49844,1
49845,4
49846,12
49847,7
49848,25
49849,24
49850,28
49851,5
49852,6
49853,5
49854,2
49855,18
49856,8
49857,0
49858,30
49859,4
49860,9
49861,17
49862,5
49863,22
49864,4
49865,36
49866,9
49867,29
49868,3
49869,30
49870,17
49871,12
49872,40
49873,28
49874,8
49875,28
49876,55
49877,0
49878,0
49879,7
49880,6
49881,21
49882,9
49883,7
49884,15
49885,15
49886,15
49887,8
49888,43
49889,5
49890,24
49891,6
49892,7
49893,6
49894,40
49895,1
49896,0
49897,0
49898,9
49899,28
49900,18
49901,28
49902,5
49903,5
49904,59
49905,33
49906,21
49907,11
49908,28
49909,28
49910,2
49911,28
49912,55
49913,4
49914,12
49915,5
49916,55
49917,3
49918,22
49919,9
49920,1
49921,7
49922,39
49923,2
49924,7
49925,7
49926,15
49927,5
49928,0
49929,7
49930,53
49931,24
49932,2
49933,30
49934,4
49935,4
49936,4
49937,7
49938,0
49939,55
49940,39
49941,34
49942,23
49943,27
49944,8
49945,18
49946,8
49947,2
49948,33
49949,36
49950,0
49951,49
49952,22
49953,7
49954,13
49955,8
49956,31
49957,2
49958,24
49959,43
49960,7
49961,24
49962,40
49963,4
49964,23
49965,52
49966,23
49967,57
49968,6
49969,29
49970,3
49971,10
49972,12
49973,2
49974,0
49975,8
49976,7
49977,7
49978,23
49979,28
49980,7
49981,40
49982,17
49983,24
49984,24
49985,0
49986,9
49987,7
49988,3
49989,25
49990,19
49991,8
49992,18
49993,8
49994,3
49995,18
49996,3
49997,43
49998,40
49999,3
50000,4
50001,12
50002,4
50003,31
50004,5
50005,1
50006,6
50007,31
50008,25
50009,35
50010,8
50011,40
50012,0
50013,3
50014,29
50015,7
50016,9
50017,2
50018,9
50019,4
50020,2
50021,14
50022,23
50023,0
50024,23
50025,28
50026,60
50027,24
50028,2
50029,7
50030,7
50031,3
50032,28
50033,5
50034,53
50035,1
50036,24
50037,21
50038,9
50039,0
50040,1
50041,27
50042,19
50043,26
50044,15
50045,28
50046,0
50047,6
50048,3
50049,9
50050,4
50051,3
50052,37
50053,53
50054,7
50055,55
50056,3
50057,23
50058,32
50059,2
50060,39
50061,9
50062,18
50063,55
50064,36
50065,40
50066,6
50067,3
50068,24
50069,8
50070,27
50071,23
50072,29
50073,40
50074,8
50075,4
50076,8
50077,4
50078,12
50079,3
50080,11
50081,9
50082,3
50083,0
50084,13
50085,10
50086,59
50087,1
50088,30
50089,12
50090,8
50091,49
50092,4
50093,14
50094,30
50095,8
50096,42
50097,40
50098,9
50099,5
50100,8
50101,31
50102,30
50103,27
50104,28
50105,24
50106,8
50107,24
50108,0
50109,7
50110,1
50111,6
50112,34
50113,6
50114,2
50115,55
50116,1
50117,0
50118,27
50119,23
50120,19
50121,24
50122,8
50123,17
50124,7
50125,15
50126,0
50127,15
50128,20
50129,39
50130,6
50131,49
50132,1
50133,11
50134,1
50135,8
50136,53
50137,1
50138,2
50139,43
50140,5
50141,7
50142,1
50143,31
50144,34
50145,4
50146,5
50147,1
50148,9
50149,2
50150,6
50151,18
50152,56
50153,8
50154,55
50155,22
50156,9
50157,2
50158,9
50159,9
50160,22
50161,15
50162,55
50163,13
50164,49
50165,36
50166,24
50167,3
50168,49
50169,43
50170,55
50171,30
50172,6
50173,0
50174,4
50175,18
50176,5
50177,22
50178,12
50179,9
50180,4
50181,5
50182,3
50183,0
50184,12
50185,8
50186,5
50187,0
50188,3
50189,8
50190,28
50191,12
50192,6
50193,40
50194,6
50195,24
50196,0
50197,7
50198,12
50199,3
50200,2
50201,1
50202,40
50203,18
50204,29
50205,9
50206,6
50207,8
50208,5
50209,3
50210,24
50211,2
50212,1
50213,4
50214,8
50215,0
50216,11
50217,55
50218,7
50219,19
50220,1
50221,43
50222,6
50223,0
50224,34
50225,30
50226,9
50227,9
50228,3
50229,8
50230,37
50231,0
50232,1
50233,0
50234,55
50235,28
50236,53
50237,40
50238,11
50239,0
50240,55
50241,40
50242,14
50243,6
50244,28
50245,9
50246,34
50247,2
50248,0
50249,34
50250,14
50251,13
50252,30
50253,10
50254,0
50255,18
50256,19
50257,26
50258,1
50259,12
50260,1
50261,5
50262,8
50263,3
50264,1
50265,11
50266,0
50267,7
50268,1
50269,30
50270,12
50271,5
50272,55
50273,7
50274,7
50275,1
50276,3
50277,4
50278,3
50279,5
50280,4
50281,7
50282,9
50283,59
50284,24
50285,27
50286,24
50287,15
50288,47
50289,12
50290,28
50291,22
50292,1
50293,12
50294,36
50295,32
50296,30
50297,4
50298,7
50299,19
50300,2
50301,31
50302,1
50303,7
50304,22
50305,36
50306,53
50307,28
50308,26
50309,36
50310,21
50311,1
50312,25
50313,9
50314,7
50315,28
50316,7
50317,22
50318,1
50319,34
50320,36
50321,1
50322,17
50323,39
50324,2
50325,2
50326,2
50327,2
50328,17
50329,15
50330,39
50331,6
50332,30
50333,55
50334,10
50335,43
50336,7
50337,13
50338,5
50339,6
50340,8
50341,53
50342,8
50343,8
50344,7
50345,35
50346,0
50347,7
50348,28
50349,23
50350,0
50351,1
50352,7
50353,0
50354,1
50355,3
50356,40
50357,5
50358,4
50359,17
50360,0
50361,23
50362,10
50363,55
50364,2
50365,52
50366,0
50367,5
50368,30
50369,2
50370,0
50371,28
50372,6
50373,28
50374,2
50375,1
50376,13
50377,3
50378,3
50379,7
50380,1
50381,22
50382,35
50383,55
50384,8
50385,5
50386,9
50387,1
50388,4
50389,21
50390,29
50391,2
50392,5
50393,47
50394,28
50395,18
50396,3
50397,9
50398,6
50399,30
50400,1
50401,10
50402,8
50403,12
50404,6
50405,1
50406,6
50407,1
50408,1
50409,0
50410,55
50411,2
50412,4
50413,2
50414,0
50415,8
50416,8
50417,2
50418,1
50419,28
50420,1
50421,40
50422,21
50423,6
50424,1
50425,5
50426,25
50427,49
50428,23
50429,30
50430,31
50431,18
50432,0
50433,1
50434,43
50435,3
50436,58
50437,18
50438,15
50439,5
50440,25
50441,5
50442,29
50443,2
50444,7
50445,7
50446,18
50447,0
50448,6
50449,1
50450,36
50451,55
50452,2
50453,3
50454,3
50455,3
50456,23
50457,29
50458,4
50459,12
50460,7
50461,28
50462,39
50463,53
50464,2
50465,28
50466,12
50467,32
50468,5
50469,2
50470,28
50471,24
50472,28
50473,0
50474,1
50475,47
50476,1
50477,1
50478,1
50479,8
50480,30
50481,6
50482,53
50483,31
50484,1
50485,3
50486,0
50487,7
50488,9
50489,46
50490,39
50491,24
50492,2
50493,8
50494,30
50495,8
50496,8
50497,4
50498,36
50499,6
50500,4
50501,0
50502,49
50503,2
50504,10
50505,14
50506,3
50507,39
50508,0
50509,6
50510,5
50511,28
50512,7
50513,14
50514,55
50515,9
50516,12
50517,28
50518,5
50519,4
50520,7
50521,24
50522,1
50523,8
50524,0
50525,0
50526,1
50527,39
50528,1
50529,52
50530,28
50531,14
50532,8
50533,18
50534,2
50535,4
50536,3
50537,1
50538,6
50539,60
50540,4
50541,9
50542,10
50543,29
50544,22
50545,36
50546,8
50547,9
50548,9
50549,4
50550,31
50551,0
50552,0
50553,6
50554,3
50555,3
50556,12
50557,9
50558,6
50559,2
50560,5
50561,36
50562,9
50563,59
50564,55
50565,8
50566,5
50567,4
50568,39
50569,49
50570,19
50571,37
50572,4
50573,1
50574,2
50575,6
50576,5
50577,43
50578,40
50579,15
50580,28
50581,22
50582,3
50583,8
50584,3
50585,53
50586,0
50587,2
50588,8
50589,36
50590,13
50591,36
50592,6
50593,34
50594,28
50595,29
50596,1
50597,37
50598,8
50599,5
50600,8
50601,31
50602,14
50603,1
50604,7
50605,8
50606,10
50607,7
50608,30
50609,36
50610,31
50611,6
50612,3
50613,14
50614,24
50615,30
50616,19
50617,2
50618,0
50619,43
50620,24
50621,40
50622,15
50623,26
50624,22
50625,11
50626,9
50627,15
50628,9
50629,0
50630,5
50631,9
50632,6
50633,7
50634,12
50635,55
50636,24
50637,55
50638,39
50639,5
50640,4
50641,49
50642,28
50643,7
50644,13
50645,25
50646,7
50647,5
50648,0
50649,40
50650,40
50651,0
50652,0
50653,1
50654,3
50655,3
50656,9
50657,34
50658,49
50659,4
50660,49
50661,24
50662,0
50663,53
50664,6
50665,36
50666,7
50667,24
50668,5
50669,24
50670,4
50671,0
50672,40
50673,26
50674,4
50675,36
50676,28
50677,29
50678,43
50679,1
50680,0
50681,5
50682,40
50683,24
50684,15
50685,5
50686,1
50687,33
50688,2
50689,36
50690,37
50691,36
50692,8
50693,2
50694,11
50695,8
50696,5
50697,2
50698,8
50699,4
50700,3
50701,29
50702,4
50703,8
50704,3
50705,27
50706,24
50707,40
50708,0
50709,9
50710,12
50711,53
50712,24
50713,1
50714,0
50715,25
50716,6
50717,5
50718,8
50719,21
50720,8
50721,21
50722,1
50723,2
50724,2
50725,55
50726,25
50727,55
50728,7
50729,53
50730,1
50731,10
50732,43
50733,46
50734,1
50735,40
50736,5
50737,12
50738,40
50739,5
50740,40
50741,6
50742,0
50743,0
50744,17
50745,4
50746,3
50747,19
50748,28
50749,24
50750,8
50751,24
50752,18
50753,5
50754,3
50755,6
50756,34
50757,25
50758,3
50759,2
50760,31
50761,2
50762,6
50763,40
50764,24
50765,0
50766,5
50767,5
50768,40
50769,49
50770,18
50771,6
50772,1
50773,1
50774,11
50775,5
50776,8
50777,5
50778,31
50779,21
50780,49
50781,36
50782,28
50783,7
50784,7
50785,36
50786,28
50787,31
50788,1
50789,28
50790,3
50791,9
50792,28
50793,9
50794,3
50795,4
50796,25
50797,3
50798,3
50799,15
50800,7
50801,3
50802,3
50803,8
50804,2
50805,0
50806,7
50807,7
50808,2
50809,28
50810,1
50811,1
50812,12
50813,23
50814,6
50815,0
50816,9
50817,7
50818,2
50819,8
50820,9
50821,6
50822,37
50823,9
50824,25
50825,0
50826,7
50827,15
50828,4
50829,4
50830,3
50831,6
50832,2
50833,0
50834,28
50835,43
50836,6
50837,8
50838,18
50839,30
50840,6
50841,59
50842,28
50843,24
50844,31
50845,0
50846,9
50847,9
50848,6
50849,3
50850,30
50851,0
50852,5
50853,6
50854,5
50855,4
50856,1
50857,24
50858,47
50859,40
50860,1
50861,2
50862,9
50863,2
50864,0
50865,7
50866,49
50867,1
50868,1
50869,29
50870,39
50871,9
50872,40
50873,6
50874,8
50875,0
50876,2
50877,4
50878,55
50879,4
50880,43
50881,39
50882,30
50883,36
50884,18
50885,14
50886,39
50887,2
50888,1
50889,0
50890,7
50891,2
50892,24
50893,5
50894,15
50895,53
50896,30
50897,59
50898,19
50899,7
50900,49
50901,1
50902,0
50903,7
50904,2
50905,6
50906,1
50907,18
50908,12
50909,0
50910,6
50911,12
50912,2
50913,24
50914,27
50915,2
50916,0
50917,2
50918,4
50919,19
50920,3
50921,30
50922,26
50923,55
50924,12
50925,0
50926,6
50927,8
50928,5
50929,8
50930,3
50931,7
50932,7
50933,4
50934,3
50935,55
50936,49
50937,6
50938,3
50939,49
50940,8
50941,4
50942,2
50943,1
50944,53
50945,5
50946,2
50947,53
50948,0
50949,4
50950,28
50951,39
50952,25
50953,2
50954,8
50955,32
50956,22
50957,53
50958,15
50959,23
50960,3
50961,6
50962,5
50963,28
50964,2
50965,7
50966,1
50967,5
50968,53
50969,4
50970,0
50971,6
50972,2
50973,27
50974,60
50975,23
50976,0
50977,22
50978,35
50979,1
50980,39
50981,30
50982,40
50983,2
50984,4
50985,36
50986,28
50987,53
50988,15
50989,4
50990,1
50991,10
50992,7
50993,28
50994,0
50995,24
50996,40
50997,28
50998,2
50999,59
51000,0
51001,9
51002,53
51003,19
51004,25
51005,4
51006,2
51007,10
51008,8
51009,25
51010,40
51011,28
51012,7
51013,6
51014,8
51015,39
51016,28
51017,9
51018,4
51019,0
51020,40
51021,29
51022,15
51023,6
51024,0
51025,3
51026,1
51027,2
51028,3
51029,4
51030,55
51031,9
51032,58
51033,5
51034,3
51035,40
51036,36
51037,58
51038,31
51039,40
51040,7
51041,0
51042,4
51043,29
51044,40
51045,9
51046,55
51047,30
51048,9
51049,5
51050,8
51051,4
51052,7
51053,1
51054,3
51055,1
51056,36
51057,1
51058,22
51059,3
51060,4
51061,18
51062,39
51063,31
51064,1
51065,14
51066,2
51067,8
51068,22
51069,29
51070,9
51071,18
51072,4
51073,8
51074,4
51075,6
51076,22
51077,7
51078,52
51079,28
51080,0
51081,23
51082,36
51083,40
51084,9
51085,3
51086,28
51087,27
51088,13
51089,5
51090,0
51091,22
51092,55
51093,29
51094,11
51095,40
51096,9
51097,6
51098,2
51099,23
51100,3
51101,53
51102,8
51103,53
51104,9
51105,2
51106,1
51107,53
51108,22
51109,2
51110,32
51111,9
51112,7
51113,4
51114,30
51115,6
51116,5
51117,15
51118,49
51119,36
51120,6
51121,7
51122,5
51123,6
51124,7
51125,30
51126,1
51127,30
51128,2
51129,8
51130,2
51131,16
51132,35
51133,36
51134,46
51135,7
51136,1
51137,3
51138,40
51139,55
51140,2
51141,53
51142,12
51143,24
51144,40
51145,3
51146,30
51147,26
51148,4
51149,7
51150,0
51151,3
51152,6
51153,49
51154,3
51155,3
51156,9
51157,28
51158,4
51159,46
51160,2
51161,59
51162,39
51163,22
51164,4
51165,39
51166,8
51167,8
51168,40
51169,47
51170,0
51171,32
51172,14
51173,7
51174,28
51175,14
51176,57
51177,2
51178,39
51179,39
51180,30
51181,4
51182,32
51183,2
51184,2
51185,0
51186,12
51187,6
51188,24
51189,8
51190,4
51191,8
51192,32
51193,40
51194,1
51195,55
51196,2
51197,24
51198,25
51199,0
51200,10
51201,23
51202,0
51203,3
51204,28
51205,22
51206,1
51207,0
51208,58
51209,8
51210,26
51211,40
51212,29
51213,1
51214,2
51215,3
51216,49
51217,58
51218,23
51219,34
51220,0
51221,2
51222,22
51223,12
51224,6
51225,6
51226,3
51227,6
51228,30
51229,22
51230,28
51231,3
51232,60
51233,40
51234,1
51235,29
51236,20
51237,4
51238,8
51239,8
51240,8
51241,19
51242,40
51243,55
51244,24
51245,8
51246,5
51247,5
51248,8
51249,5
51250,36
51251,11
51252,0
51253,0
51254,40
51255,6
51256,7
51257,8
51258,3
51259,10
51260,0
51261,30
51262,7
51263,16
51264,2
51265,7
51266,9
51267,2
51268,4
51269,6
51270,30
51271,8
51272,40
51273,47
51274,1
51275,17
51276,43
51277,7
51278,10
51279,52
51280,6
51281,30
51282,2
51283,1
51284,0
51285,7
51286,28
51287,52
51288,9
51289,9
51290,12
51291,28
51292,10
51293,36
51294,40
51295,55
51296,7
51297,37
51298,3
51299,28
51300,1
51301,5
51302,12
51303,23
51304,53
51305,5
51306,9
51307,55
51308,29
51309,31
51310,9
51311,24
51312,24
51313,6
51314,16
51315,22
51316,53
51317,40
51318,24
51319,0
51320,3
51321,1
51322,20
51323,8
51324,3
51325,1
51326,13
51327,24
51328,25
51329,36
51330,28
51331,8
51332,22
51333,3
51334,1
51335,1
51336,49
51337,43
51338,53
51339,53
51340,31
51341,7
51342,6
51343,24
51344,49
51345,21
51346,4
51347,39
51348,2
51349,34
51350,9
51351,1
51352,43
51353,56
51354,5
51355,5
51356,8
51357,53
51358,24
51359,24
51360,8
51361,1
51362,7
51363,7
51364,25
51365,9
51366,55
51367,28
51368,3
51369,33
51370,4
51371,8
51372,5
51373,1
51374,5
51375,1
51376,24
51377,8
51378,24
51379,28
51380,1
51381,28
51382,28
51383,57
51384,30
51385,5
51386,26
51387,6
51388,0
51389,1
51390,40
51391,5
51392,9
51393,23
51394,28
51395,17
51396,4
51397,53
51398,26
51399,29
51400,4
51401,22
51402,5
51403,5
51404,0
51405,9
51406,7
51407,7
51408,5
51409,6
51410,3
51411,10
51412,3
51413,12
51414,6
51415,58
51416,34
51417,14
51418,0
51419,6
51420,6
51421,4
51422,18
51423,4
51424,9
51425,1
51426,2
51427,9
51428,7
51429,9
51430,28
51431,9
51432,12
51433,10
51434,2
51435,23
51436,23
51437,18
51438,0
51439,49
51440,22
51441,1
51442,2
51443,28
51444,24
51445,2
51446,43
51447,30
51448,28
51449,6
51450,29
51451,7
51452,33
51453,53
51454,6
51455,4
51456,8
51457,12
51458,0
51459,55
51460,4
51461,0
51462,12
51463,7
51464,5
51465,2
51466,40
51467,7
51468,2
51469,10
51470,9
51471,28
51472,2
51473,29
51474,6
51475,1
51476,5
51477,4
51478,8
51479,3
51480,2
51481,46
51482,1
51483,31
51484,7
51485,22
51486,23
51487,42
51488,55
51489,3
51490,8
51491,6
51492,5
51493,9
51494,0
51495,15
51496,23
51497,28
51498,35
51499,24
51500,31
51501,3
51502,3
51503,9
51504,0
51505,17
51506,6
51507,9
51508,10
51509,55
51510,36
51511,55
51512,9
51513,2
51514,0
51515,6
51516,24
51517,28
51518,2
51519,8
51520,44
51521,40
51522,8
51523,25
51524,9
51525,1
51526,52
51527,43
51528,0
51529,8
51530,61
51531,1
51532,1
51533,30
51534,8
51535,5
51536,15
51537,24
51538,30
51539,7
51540,11
51541,4
51542,11
51543,2
51544,0
51545,24
51546,28
51547,60
51548,7
51549,7
51550,22
51551,4
51552,55
51553,9
51554,6
51555,8
51556,40
51557,15
51558,23
51559,7
51560,12
51561,1
51562,3
51563,17
51564,9
51565,15
51566,7
51567,31
51568,53
51569,2
51570,4
51571,9
51572,28
51573,6
51574,4
51575,3
51576,16
51577,6
51578,24
51579,55
51580,8
51581,20
51582,3
51583,49
51584,8
51585,1
51586,3
51587,3
51588,3
51589,3
51590,15
51591,9
51592,2
51593,2
51594,9
51595,4
51596,24
51597,9
51598,8
51599,9
51600,0
51601,40
51602,1
51603,49
51604,30
51605,29
51606,7
51607,2
51608,7
51609,53
51610,0
51611,7
51612,58
51613,7
51614,28
51615,4
51616,47
51617,47
51618,53
51619,3
51620,24
51621,4
51622,28
51623,7
51624,43
51625,55
51626,4
51627,30
51628,14
51629,39
51630,9
51631,39
51632,0
51633,24
51634,4
51635,55
51636,25
51637,0
51638,12
51639,6
51640,31
51641,8
51642,8
51643,55
51644,28
51645,2
51646,40
51647,24
51648,7
51649,55
51650,5
51651,8
51652,9
51653,3
51654,19
51655,22
51656,12
51657,5
51658,2
51659,43
51660,4
51661,40
51662,7
51663,36
51664,5
51665,1
51666,44
51667,5
51668,0
51669,30
51670,40
51671,49
51672,40
51673,5
51674,15
51675,9
51676,11
51677,1
51678,9
51679,3
51680,40
51681,5
51682,8
51683,6
51684,43
51685,15
51686,8
51687,55
51688,5
51689,39
51690,4
51691,7
51692,5
51693,5
51694,1
51695,15
51696,26
51697,1
51698,24
51699,6
51700,2
51701,28
51702,9
51703,7
51704,12
51705,1
51706,55
51707,56
51708,5
51709,29
51710,5
51711,12
51712,1
51713,12
51714,46
51715,26
51716,32
51717,34
51718,3
51719,53
51720,34
51721,19
51722,1
51723,1
51724,0
51725,4
51726,47
51727,39
51728,4
51729,55
51730,5
51731,6
51732,2
51733,8
51734,5
51735,18
51736,6
51737,5
51738,7
51739,1
51740,49
51741,5
51742,24
51743,30
51744,5
51745,35
51746,28
51747,4
51748,4
51749,5
51750,19
51751,0
51752,10
51753,24
51754,0
51755,8
51756,5
51757,2
51758,53
51759,9
51760,13
51761,28
51762,8
51763,10
51764,29
51765,9
51766,6
51767,2
51768,7
51769,3
51770,1
51771,40
51772,36
51773,22
51774,0
51775,2
51776,0
51777,15
51778,36
51779,6
51780,9
51781,1
51782,40
51783,7
51784,12
51785,22
51786,0
51787,55
51788,2
51789,0
51790,25
51791,25
51792,9
51793,4
51794,58
51795,40
51796,15
51797,1
51798,2
51799,8
51800,6
51801,24
51802,8
51803,33
51804,34
51805,39
51806,9
51807,24
51808,17
51809,20
51810,24
51811,35
51812,8
51813,28
51814,1
51815,3
51816,22
51817,2
51818,7
51819,8
51820,1
51821,28
51822,0
51823,2
51824,19
51825,22
51826,2
51827,58
51828,55
51829,7
51830,40
51831,45
51832,8
51833,31
51834,49
51835,41
51836,15
51837,4
51838,22
51839,4
51840,10
51841,59
51842,3
51843,15
51844,9
51845,28
51846,0
51847,6
51848,55
51849,9
51850,5
51851,8
51852,31
51853,5
51854,40
51855,1
51856,9
51857,3
51858,32
51859,40
51860,8
51861,3
51862,7
51863,6
51864,33
51865,7
51866,9
51867,16
51868,23
51869,1
51870,24
51871,55
51872,4
51873,9
51874,4
51875,23
51876,11
51877,2
51878,45
51879,9
51880,25
51881,39
51882,0
51883,3
51884,0
51885,25
51886,0
51887,28
51888,33
51889,5
51890,4
51891,28
51892,7
51893,0
51894,9
51895,8
51896,49
51897,2
51898,36
51899,4
51900,10
51901,53
51902,12
51903,30
51904,0
51905,2
51906,4
51907,23
51908,1
51909,7
51910,3
51911,45
51912,36
51913,49
51914,1
51915,8
51916,40
51917,2
51918,6
51919,3
51920,3
51921,2
51922,36
51923,30
51924,55
51925,2
51926,1
51927,15
51928,40
51929,12
51930,27
51931,0
51932,30
51933,1
51934,1
51935,1
51936,8
51937,28
51938,3
51939,40
51940,9
51941,26
51942,5
51943,46
51944,3
51945,49
51946,8
51947,6
51948,10
51949,1
51950,40
51951,0
51952,0
51953,10
51954,15
51955,8
51956,8
51957,8
51958,29
51959,7
51960,2
51961,12
51962,18
51963,36
51964,2
51965,15
51966,4
51967,2
51968,6
51969,3
51970,35
51971,28
51972,2
51973,36
51974,28
51975,8
51976,0
51977,2
51978,5
51979,2
51980,0
51981,1
51982,22
51983,1
51984,30
51985,21
51986,8
51987,7
51988,40
51989,28
51990,53
51991,59
51992,12
51993,1
51994,49
51995,19
51996,28
51997,9
51998,9
51999,6
52000,22
52001,58
52002,37
52003,37
52004,24
52005,4
52006,22
52007,3
52008,6
52009,9
52010,23
52011,20
52012,30
52013,3
52014,30
52015,32
52016,0
52017,6
52018,53
52019,29
52020,43
52021,1
52022,49
52023,58
52024,4
52025,2
52026,12
52027,9
52028,18
52029,6
52030,19
52031,2
52032,35
52033,4
52034,31
52035,53
52036,8
52037,55
52038,28
52039,9
52040,14
52041,9
52042,58
52043,7
52044,49
52045,6
52046,1
52047,30
52048,1
52049,30
52050,28
52051,9
52052,7
52053,39
52054,7
52055,28
52056,5
52057,15
52058,8
52059,6
52060,12
52061,28
52062,25
52063,30
52064,5
52065,6
52066,49
52067,34
52068,1
52069,9
52070,49
52071,29
52072,40
52073,28
52074,25
52075,33
52076,2
52077,2
52078,1
52079,2
52080,52
52081,28
52082,24
52083,36
52084,9
52085,9
52086,24
52087,24
52088,40
52089,4
52090,7
52091,53
52092,25
52093,4
52094,58
52095,0
52096,2
52097,7
52098,2
52099,6
52100,53
52101,7
52102,3
52103,7
52104,20
52105,5
52106,31
52107,34
52108,9
52109,3
52110,8
52111,3
52112,5
52113,6
52114,3
52115,6
52116,5
52117,36
52118,8
52119,59
52120,30
52121,5
52122,3
52123,8
52124,1
52125,3
52126,32
52127,43
52128,6
52129,18
52130,0
52131,15
52132,15
52133,28
52134,1
52135,7
52136,8
52137,28
52138,6
52139,8
52140,8
52141,22
52142,8
52143,59
52144,7
52145,40
52146,2
52147,53
52148,4
52149,24
52150,3
52151,58
52152,2
52153,7
52154,55
52155,6
52156,7
52157,53
52158,36
52159,9
52160,9
52161,0
52162,30
52163,2
52164,7
52165,8
52166,59
52167,9
52168,55
52169,9
52170,7
52171,21
52172,40
52173,6
52174,24
52175,53
52176,29
52177,14
52178,23
52179,5
52180,1
52181,3
52182,10
52183,4
52184,28
52185,6
52186,55
52187,55
52188,1
52189,8
52190,2
52191,29
52192,5
52193,1
52194,7
52195,58
52196,0
52197,20
52198,6
52199,29
52200,0
52201,30
52202,2
52203,6
52204,2
52205,55
52206,6
52207,2
52208,53
52209,0
52210,55
52211,29
52212,22
52213,18
52214,29
52215,2
52216,0
52217,5
52218,12
52219,3
52220,5
52221,22
52222,24
52223,43
52224,9
52225,6
52226,12
52227,1
52228,42
52229,49
52230,9
52231,3
52232,5
52233,0
52234,0
52235,11
52236,9
52237,28
52238,2
52239,0
52240,22
52241,40
52242,1
52243,4
52244,1
52245,23
52246,1
52247,19
52248,28
52249,55
52250,0
52251,1
52252,24
52253,46
52254,6
52255,0
52256,5
52257,40
52258,25
52259,22
52260,1
52261,49
52262,29
52263,43
52264,8
52265,2
52266,2
52267,14
52268,37
52269,4
52270,9
52271,44
52272,36
52273,1
52274,18
52275,5
52276,5
52277,8
52278,8
52279,1
52280,1
52281,40
52282,1
52283,7
52284,4
52285,9
52286,9
52287,6
52288,40
52289,3
52290,12
52291,22
52292,32
52293,0
52294,55
52295,14
52296,2
52297,3
52298,47
52299,28
52300,1
52301,39
52302,6
52303,0
52304,46
52305,9
52306,30
52307,28
52308,6
52309,12
52310,7
52311,1
52312,20
52313,32
52314,30
52315,30
52316,36
52317,10
52318,6
52319,3
52320,1
52321,9
52322,36
52323,4
52324,9
52325,2
52326,6
52327,23
52328,4
52329,6
52330,2
52331,36
52332,24
52333,53
52334,3
52335,43
52336,33
52337,28
52338,5
52339,49
52340,9
52341,6
52342,9
52343,0
52344,8
52345,27
52346,30
52347,36
52348,12
52349,22
52350,8
52351,5
52352,1
52353,4
52354,53
52355,5
52356,16
52357,39
52358,35
52359,9
52360,0
52361,9
52362,29
52363,7
52364,5
52365,29
52366,24
52367,8
52368,2
52369,15
52370,19
52371,49
52372,4
52373,1
52374,46
52375,30
52376,1
52377,7
52378,3
52379,2
52380,1
52381,18
52382,6
52383,5
52384,5
52385,14
52386,25
52387,39
52388,5
52389,55
52390,5
52391,4
52392,28
52393,53
52394,1
52395,55
52396,3
52397,9
52398,59
52399,24
52400,3
52401,5
52402,9
52403,4
52404,2
52405,9
52406,28
52407,6
52408,17
52409,8
52410,13
52411,8
52412,46
52413,3
52414,15
52415,4
52416,28
52417,9
52418,1
52419,4
52420,5
52421,30
52422,25
52423,25
52424,53
52425,5
52426,4
52427,53
52428,39
52429,6
52430,5
52431,29
52432,18
52433,9
52434,23
52435,40
52436,4
52437,5
52438,12
52439,39
52440,8
52441,9
52442,8
52443,8
52444,20
52445,36
52446,2
52447,24
52448,49
52449,4
52450,2
52451,4
52452,28
52453,6
52454,18
52455,3
52456,6
52457,35
52458,0
52459,24
52460,9
52461,18
52462,1
52463,30
52464,8
52465,17
52466,0
52467,40
52468,1
52469,1
52470,7
52471,4
52472,8
52473,40
52474,40
52475,1
52476,36
52477,1
52478,6
52479,49
52480,31
52481,7
52482,3
52483,55
52484,25
52485,15
52486,44
52487,0
52488,24
52489,3
52490,53
52491,1
52492,24
52493,1
52494,28
52495,7
52496,4
52497,0
52498,0
52499,28
52500,28
52501,36
52502,7
52503,4
52504,27
52505,55
52506,10
52507,59
52508,1
52509,43
52510,36
52511,0
52512,58
52513,3
52514,0
52515,22
52516,2
52517,4
52518,8
52519,53
52520,0
52521,2
52522,55
52523,49
52524,18
52525,24
52526,8
52527,1
52528,55
52529,6
52530,7
52531,24
52532,40
52533,8
52534,8
52535,6
52536,2
52537,9
52538,2
52539,7
52540,23
52541,30
52542,2
52543,25
52544,53
52545,7
52546,7
52547,2
52548,28
52549,14
52550,49
52551,21
52552,22
52553,39
52554,8
52555,47
52556,8
52557,6
52558,33
52559,43
52560,60
52561,40
52562,0
52563,6
52564,47
52565,27
52566,1
52567,3
52568,1
52569,34
52570,4
52571,12
52572,46
52573,3
52574,22
52575,1
52576,28
52577,9
52578,24
52579,1
52580,3
52581,4
52582,1
52583,40
52584,12
52585,7
52586,8
52587,1
52588,5
52589,53
52590,6
52591,28
52592,42
52593,0
52594,28
52595,4
52596,40
52597,8
52598,13
52599,40
52600,43
52601,0
52602,12
52603,1
52604,7
52605,8
52606,9
52607,40
52608,40
52609,53
52610,3
52611,4
52612,3
52613,43
52614,6
52615,2
52616,20
52617,6
52618,59
52619,43
52620,9
52621,8
52622,16
52623,1
52624,46
52625,24
52626,7
52627,55
52628,5
52629,3
52630,12
52631,4
52632,25
52633,0
52634,53
52635,40
52636,53
52637,0
52638,6
52639,8
52640,12
52641,2
52642,30
52643,7
52644,18
52645,40
52646,29
52647,39
52648,31
52649,37
52650,3
52651,12
52652,22
52653,3
52654,31
52655,1
52656,55
52657,4
52658,33
52659,18
52660,7
52661,15
52662,8
52663,40
52664,6
52665,37
52666,40
52667,40
52668,0
52669,43
52670,14
52671,19
52672,1
52673,53
52674,39
52675,46
52676,6
52677,0
52678,2
52679,22
52680,28
52681,1
52682,2
52683,5
52684,24
52685,7
52686,10
52687,3
52688,6
52689,40
52690,2
52691,16
52692,31
52693,28
52694,24
52695,5
52696,1
52697,9
52698,24
52699,4
52700,20
52701,7
52702,55
52703,1
52704,3
52705,8
52706,30
52707,40
52708,3
52709,4
52710,25
52711,0
52712,9
52713,8
52714,27
52715,3
52716,43
52717,4
52718,36
52719,49
52720,3
52721,2
52722,9
52723,9
52724,24
52725,30
52726,55
52727,1
52728,18
52729,2
52730,27
52731,3
52732,3
52733,4
52734,2
52735,47
52736,29
52737,7
52738,43
52739,40
52740,29
52741,9
52742,12
52743,24
52744,5
52745,28
52746,4
52747,8
52748,7
52749,1
52750,1
52751,40
52752,7
52753,53
52754,28
52755,3
52756,28
52757,0
52758,6
52759,0
52760,10
52761,59
52762,6
52763,5
52764,18
52765,9
52766,5
52767,49
52768,3
52769,28
52770,4
52771,31
52772,6
52773,0
52774,15
52775,16
52776,22
52777,3
52778,8
52779,1
52780,6
52781,7
52782,2
52783,28
52784,9
52785,27
52786,10
52787,12
52788,40
52789,12
52790,10
52791,2
52792,7
52793,22
52794,20
52795,5
52796,3
52797,24
52798,0
52799,5
52800,3
52801,58
52802,3
52803,24
52804,9
52805,60
52806,40
52807,4
52808,5
52809,3
52810,15
52811,1
52812,5
52813,37
52814,19
52815,2
52816,12
52817,8
52818,16
52819,9
52820,8
52821,0
52822,55
52823,30
52824,0
52825,2
52826,23
52827,18
52828,5
52829,7
52830,6
52831,24
52832,25
52833,27
52834,22
52835,1
52836,1
52837,0
52838,0
52839,12
52840,9
52841,55
52842,3
52843,2
52844,6
52845,9
52846,43
52847,9
52848,6
52849,28
52850,2
52851,5
52852,5
52853,24
52854,8
52855,1
52856,0
52857,2
52858,1
52859,40
52860,37
52861,7
52862,37
52863,12
52864,49
52865,1
52866,1
52867,1
52868,9
52869,7
52870,53
52871,1
52872,30
52873,6
52874,17
52875,53
52876,34
52877,24
52878,5
52879,1
52880,6
52881,24
52882,7
52883,18
52884,9
52885,2
52886,1
52887,28
52888,13
52889,4
52890,1
52891,9
52892,40
52893,2
52894,0
52895,0
52896,24
52897,6
52898,7
52899,40
52900,13
52901,1
52902,53
52903,24
52904,15
52905,1
52906,0
52907,6
52908,12
52909,7
52910,30
52911,5
52912,5
52913,1
52914,4
52915,1
52916,3
52917,38
52918,7
52919,5
52920,4
52921,6
52922,1
52923,6
52924,6
52925,39
52926,2
52927,8
52928,9
52929,24
52930,7
52931,5
52932,1
52933,2
52934,7
52935,0
52936,1
52937,0
52938,5
52939,0
52940,22
52941,21
52942,43
52943,9
52944,3
52945,8
52946,8
52947,18
52948,36
52949,6
52950,18
52951,26
52952,53
52953,25
52954,28
52955,24
52956,6
52957,28
52958,8
52959,49
52960,10
52961,39
52962,2
52963,4
52964,29
52965,28
52966,6
52967,35
52968,2
52969,40
52970,12
52971,1
52972,9
52973,46
52974,22
52975,1
52976,9
52977,7
52978,6
52979,5
52980,0
52981,1
52982,8
52983,61
52984,30
52985,2
52986,1
52987,4
52988,6
52989,8
52990,40
52991,1
52992,0
52993,3
52994,23
52995,24
52996,1
52997,9
52998,15
52999,7
53000,11
53001,9
53002,1
53003,15
53004,29
53005,12
53006,2
53007,37
53008,24
53009,6
53010,1
53011,30
53012,5
53013,46
53014,28
53015,6
53016,6
53017,55
53018,24
53019,25
53020,33
53021,5
53022,1
53023,28
53024,6
53025,58
53026,14
53027,2
53028,10
53029,6
53030,9
53031,5
53032,5
53033,47
53034,30
53035,12
53036,0
53037,7
53038,5
53039,33
53040,16
53041,12
53042,1
53043,32
53044,1
53045,8
53046,43
53047,40
53048,47
53049,5
53050,3
53051,7
53052,12
53053,19
53054,22
53055,7
53056,9
53057,32
53058,45
53059,29
53060,27
53061,1
53062,28
53063,9
53064,55
53065,3
53066,0
53067,2
53068,7
53069,1
53070,9
53071,9
53072,0
53073,40
53074,4
53075,8
53076,18
53077,6
53078,9
53079,6
53080,3
53081,8
53082,58
53083,40
53084,2
53085,4
53086,22
53087,12
53088,30
53089,0
53090,24
53091,31
53092,55
53093,4
53094,15
53095,9
53096,37
53097,8
53098,4
53099,9
53100,53
53101,39
53102,12
53103,7
53104,0
53105,8
53106,8
53107,39
53108,0
53109,0
53110,22
53111,1
53112,28
53113,6
53114,6
53115,8
53116,55
53117,8
53118,8
53119,10
53120,39
53121,1
53122,40
53123,32
53124,1
53125,2
53126,3
53127,28
53128,0
53129,22
53130,2
53131,9
53132,9
53133,0
53134,7
53135,0
53136,3
53137,23
53138,15
53139,43
53140,2
53141,2
53142,2
53143,0
53144,55
53145,53
53146,3
53147,53
53148,9
53149,2
53150,4
53151,47
53152,22
53153,0
53154,6
53155,49
53156,1
53157,25
53158,8
53159,22
53160,7
53161,8
53162,55
53163,25
53164,53
53165,2
53166,5
53167,30
53168,5
53169,53
53170,6
53171,43
53172,37
53173,8
53174,2
53175,36
53176,28
53177,8
53178,40
53179,7
53180,39
53181,3
53182,3
53183,8
53184,55
53185,29
53186,53
53187,1
53188,4
53189,4
53190,1
53191,1
53192,46
53193,32
53194,2
53195,12
53196,7
53197,40
53198,7
53199,24
53200,24
53201,35
53202,1
53203,8
53204,2
53205,34
53206,0
53207,36
53208,31
53209,9
53210,3
53211,6
53212,2
53213,3
53214,43
53215,9
53216,6
53217,0
53218,0
53219,5
53220,6
53221,6
53222,24
53223,7
53224,5
53225,6
53226,29
53227,49
53228,18
53229,31
53230,1
53231,29
53232,36
53233,47
53234,15
53235,0
53236,1
53237,0
53238,9
53239,22
53240,24
53241,5
53242,8
53243,12
53244,5
53245,0
53246,4
53247,30
53248,40
53249,1
53250,6
53251,18
53252,7
53253,55
53254,30
53255,7
53256,6
53257,1
53258,0
53259,39
53260,21
53261,38
53262,9
53263,1
53264,24
53265,59
53266,2
53267,49
53268,49
53269,29
53270,6
53271,6
53272,43
53273,30
53274,36
53275,37
53276,29
53277,9
53278,23
53279,31
53280,4
53281,6
53282,5
53283,12
53284,28
53285,49
53286,5
53287,6
53288,14
53289,9
53290,16
53291,28
53292,29
53293,0
53294,55
53295,0
53296,18
53297,15
53298,1
53299,3
53300,7
53301,4
53302,0
53303,9
53304,22
53305,0
53306,5
53307,6
53308,1
53309,40
53310,11
53311,53
53312,20
53313,43
53314,15
53315,3
53316,13
53317,12
53318,2
53319,55
53320,0
53321,1
53322,55
53323,45
53324,4
53325,8
53326,5
53327,5
53328,25
53329,43
53330,1
53331,23
53332,55
53333,26
53334,24
53335,30
53336,1
53337,2
53338,43
53339,3
53340,8
53341,30
53342,14
53343,9
53344,30
53345,2
53346,15
53347,58
53348,30
53349,22
53350,30
53351,7
53352,40
53353,39
53354,53
53355,4
53356,8
53357,7
53358,28
53359,6
53360,9
53361,1
53362,0
53363,8
53364,12
53365,29
53366,22
53367,4
53368,55
53369,7
53370,0
53371,32
53372,1
53373,30
53374,1
53375,1
53376,1
53377,6
53378,60
53379,53
53380,13
53381,24
53382,3
53383,33
53384,1
53385,3
53386,17
53387,10
53388,3
53389,40
53390,21
53391,9
53392,25
53393,29
53394,29
53395,8
53396,1
53397,30
53398,28
53399,0
53400,8
53401,9
53402,9
53403,4
53404,24
53405,22
53406,8
53407,24
53408,4
53409,0
53410,34
53411,58
53412,30
53413,6
53414,3
53415,10
53416,36
53417,21
53418,6
53419,8
53420,25
53421,1
53422,7
53423,15
53424,22
53425,6
53426,29
53427,6
53428,9
53429,1
53430,2
53431,5
53432,28
53433,9
53434,6
53435,8
53436,34
53437,2
53438,3
53439,7
53440,1
53441,55
53442,4
53443,1
53444,55
53445,10
53446,30
53447,5
53448,12
53449,0
53450,32
53451,5
53452,0
53453,8
53454,7
53455,39
53456,5
53457,35
53458,9
53459,3
53460,15
53461,2
53462,21
53463,17
53464,6
53465,7
53466,7
53467,36
53468,55
53469,32
53470,4
53471,53
53472,3
53473,29
53474,1
53475,31
53476,9
53477,55
53478,17
53479,61
53480,40
53481,5
53482,0
53483,0
53484,28
53485,40
53486,0
53487,17
53488,15
53489,6
53490,1
53491,3
53492,25
53493,55
53494,43
53495,24
53496,4
53497,44
53498,30
53499,6
53500,0
53501,6
53502,8
53503,4
53504,12
53505,5
53506,28
53507,55
53508,4
53509,36
53510,28
53511,0
53512,2
53513,6
53514,34
53515,15
53516,8
53517,8
53518,1
53519,7
53520,28
53521,40
53522,15
53523,4
53524,5
53525,10
53526,9
53527,5
53528,9
53529,28
53530,31
53531,29
53532,43
53533,0
53534,42
53535,7
53536,28
53537,1
53538,2
53539,40
53540,4
53541,18
53542,7
53543,4
53544,9
53545,18
53546,7
53547,31
53548,9
53549,3
53550,29
53551,55
53552,9
53553,6
53554,1
53555,8
53556,23
53557,58
53558,28
53559,4
53560,1
53561,6
53562,55
53563,1
53564,8
53565,5
53566,7
53567,9
53568,0
53569,18
53570,22
53571,24
53572,22
53573,7
53574,22
53575,24
53576,0
53577,9
53578,8
53579,15
53580,24
53581,15
53582,2
53583,24
53584,10
53585,9
53586,55
53587,28
53588,3
53589,26
53590,6
53591,15
53592,28
53593,7
53594,49
53595,10
53596,1
53597,10
53598,7
53599,12
53600,7
53601,1
53602,18
53603,0
53604,40
53605,1
53606,2
53607,1
53608,25
53609,6
53610,45
53611,3
53612,59
53613,9
53614,9
53615,28
53616,0
53617,2
53618,32
53619,40
53620,53
53621,24
53622,14
53623,29
53624,24
53625,4
53626,55
53627,24
53628,2
53629,25
53630,45
53631,23
53632,55
53633,3
53634,43
53635,0
53636,0
53637,4
53638,14
53639,9
53640,0
53641,12
53642,7
53643,4
53644,9
53645,30
53646,13
53647,8
53648,59
53649,28
53650,15
53651,24
53652,53
53653,28
53654,1
53655,8
53656,39
53657,19
53658,5
53659,34
53660,4
53661,22
53662,55
53663,42
53664,5
53665,4
53666,37
53667,1
53668,1
53669,2
53670,5
53671,5
53672,7
53673,8
53674,12
53675,6
53676,5
53677,7
53678,39
53679,22
53680,5
53681,0
53682,7
53683,1
53684,12
53685,0
53686,40
53687,15
53688,4
53689,39
53690,42
53691,4
53692,43
53693,43
53694,3
53695,7
53696,46
53697,24
53698,6
53699,28
53700,16
53701,7
53702,2
53703,9
53704,11
53705,4
53706,30
53707,1
53708,60
53709,6
53710,43
53711,1
53712,28
53713,6
53714,22
53715,25
53716,14
53717,0
53718,7
53719,13
53720,40
53721,9
53722,0
53723,1
53724,29
53725,28
53726,4
53727,30
53728,9
53729,4
53730,5
53731,36
53732,8
53733,32
53734,7
53735,7
53736,28
53737,3
53738,1
53739,46
53740,24
53741,7
53742,12
53743,25
53744,36
53745,7
53746,1
53747,12
53748,40
53749,23
53750,25
53751,2
53752,4
53753,25
53754,12
53755,6
53756,1
53757,18
53758,7
53759,4
53760,0
53761,43
53762,9
53763,0
53764,24
53765,49
53766,23
53767,24
53768,25
53769,8
53770,30
53771,0
53772,29
53773,58
53774,36
53775,28
53776,28
53777,39
53778,13
53779,36
53780,24
53781,0
53782,11
53783,9
53784,4
53785,9
53786,8
53787,5
53788,4
53789,0
53790,15
53791,1
53792,8
53793,10
53794,34
53795,59
53796,34
53797,10
53798,0
53799,22
53800,0
53801,36
53802,8
53803,34
53804,24
53805,55
53806,43
53807,28
53808,9
53809,19
53810,2
53811,12
53812,1
53813,0
53814,26
53815,4
53816,1
53817,15
53818,40
53819,30
53820,9
53821,2
53822,5
53823,4
53824,2
53825,5
53826,52
53827,8
53828,8
53829,20
53830,12
53831,26
53832,24
53833,1
53834,9
53835,2
53836,19
53837,8
53838,28
53839,21
53840,0
53841,5
53842,3
53843,9
53844,1
53845,4
53846,40
53847,53
53848,3
53849,1
53850,28
53851,10
53852,0
53853,7
53854,1
53855,5
53856,49
53857,31
53858,2
53859,43
53860,40
53861,22
53862,55
53863,39
53864,1
53865,29
53866,3
53867,29
53868,43
53869,6
53870,40
53871,0
53872,40
53873,9
53874,31
53875,2
53876,42
53877,19
53878,53
53879,49
53880,39
53881,24
53882,9
53883,8
53884,29
53885,46
53886,31
53887,1
53888,53
53889,3
53890,29
53891,7
53892,12
53893,3
53894,7
53895,16
53896,24
53897,37
53898,3
53899,18
53900,0
53901,10
53902,8
53903,6
53904,61
53905,58
53906,55
53907,30
53908,2
53909,0
53910,28
53911,49
53912,3
53913,53
53914,2
53915,30
53916,4
53917,49
53918,7
53919,6
53920,1
53921,43
53922,1
53923,37
53924,39
53925,23
53926,2
53927,3
53928,35
53929,3
53930,1
53931,7
53932,0
53933,9
53934,1
53935,53
53936,1
53937,7
53938,18
53939,2
53940,24
53941,34
53942,9
53943,12
53944,3
53945,3
53946,1
53947,5
53948,14
53949,47
53950,7
53951,22
53952,2
53953,3
53954,14
53955,32
53956,7
53957,5
53958,59
53959,1
53960,39
53961,5
53962,1
53963,49
53964,12
53965,32
53966,0
53967,2
53968,24
53969,15
53970,3
53971,6
53972,0
53973,55
53974,10
53975,28
53976,32
53977,1
53978,12
53979,10
53980,8
53981,1
53982,53
53983,6
53984,7
53985,22
53986,5
53987,5
53988,3
53989,28
53990,7
53991,30
53992,55
53993,2
53994,8
53995,2
53996,6
53997,6
53998,35
53999,31
54000,31
54001,21
54002,30
54003,30
54004,2
54005,1
54006,6
54007,19
54008,1
54009,14
54010,9
54011,39
54012,2
54013,40
54014,4
54015,39
54016,26
54017,29
54018,1
54019,40
54020,12
54021,1
54022,0
54023,29
54024,40
54025,8
54026,37
54027,5
54028,0
54029,2
54030,35
54031,28
54032,9
54033,0
54034,6
54035,55
54036,5
54037,22
54038,37
54039,4
54040,6
54041,43
54042,58
54043,28
54044,3
54045,49
54046,2
54047,9
54048,49
54049,3
54050,43
54051,36
54052,47
54053,29
54054,18
54055,6
54056,21
54057,3
54058,22
54059,1
54060,0
54061,39
54062,20
54063,40
54064,8
54065,6
54066,3
54067,21
54068,28
54069,29
54070,34
54071,52
54072,6
54073,2
54074,7
54075,1
54076,53
54077,40
54078,3
54079,5
54080,8
54081,45
54082,14
54083,53
54084,10
54085,8
54086,40
54087,55
54088,28
54089,24
54090,4
54091,29
54092,12
54093,3
54094,39
54095,18
54096,27
54097,1
54098,8
54099,5
54100,2
54101,3
54102,30
54103,28
54104,40
54105,32
54106,1
54107,1
54108,36
54109,53
54110,19
54111,24
54112,36
54113,9
54114,30
54115,1
54116,1
54117,8
54118,9
54119,4
54120,9
54121,7
54122,4
54123,30
54124,24
54125,8
54126,13
54127,43
54128,5
54129,1
54130,19
54131,55
54132,55
54133,36
54134,53
54135,6
54136,3
54137,33
54138,47
54139,12
54140,25
54141,43
54142,20
54143,28
54144,2
54145,12
54146,40
54147,28
54148,29
54149,4
54150,49
54151,31
54152,10
54153,53
54154,1
54155,3
54156,11
54157,0
54158,40
54159,41
54160,8
54161,49
54162,2
54163,2
54164,3
54165,9
54166,34
54167,4
54168,6
54169,28
54170,12
54171,8
54172,40
54173,3
54174,25
54175,30
54176,5
54177,17
54178,5
54179,3
54180,32
54181,18
54182,1
54183,18
54184,47
54185,9
54186,0
54187,8
54188,22
54189,9
54190,13
54191,7
54192,22
54193,1
54194,9
54195,7
54196,2
54197,15
54198,3
54199,0
54200,18
54201,6
54202,6
54203,1
54204,6
54205,30
54206,2
54207,4
54208,20
54209,28
54210,25
54211,4
54212,49
54213,7
54214,3
54215,4
54216,6
54217,61
54218,55
54219,3
54220,17
54221,4
54222,29
54223,37
54224,9
54225,1
54226,0
54227,3
54228,34
54229,53
54230,9
54231,40
54232,9
54233,4
54234,9
54235,3
54236,0
54237,40
54238,4
54239,7
54240,13
54241,8
54242,5
54243,15
54244,0
54245,40
54246,4
54247,34
54248,15
54249,6
54250,2
54251,1
54252,49
54253,28
54254,40
54255,11
54256,9
54257,8
54258,1
54259,34
54260,5
54261,18
54262,4
54263,30
54264,28
54265,8
54266,2
54267,6
54268,12
54269,6
54270,0
54271,11
54272,4
54273,15
54274,8
54275,2
54276,1
54277,5
54278,34
54279,23
54280,28
54281,30
54282,0
54283,22
54284,6
54285,2
54286,7
54287,5
54288,30
54289,1
54290,6
54291,27
54292,0
54293,28
54294,12
54295,5
54296,32
54297,36
54298,9
54299,18
54300,2
54301,24
54302,7
54303,1
54304,7
54305,2
54306,32
54307,43
54308,7
54309,1
54310,3
54311,0
54312,31
54313,58
54314,0
54315,3
54316,39
54317,1
54318,7
54319,40
54320,28
54321,4
54322,1
54323,4
54324,49
54325,4
54326,43
54327,0
54328,28
54329,32
54330,9
54331,29
54332,12
54333,58
54334,3
54335,9
54336,55
54337,36
54338,5
54339,39
54340,5
54341,49
54342,6
54343,3
54344,43
54345,59
54346,5
54347,28
54348,42
54349,2
54350,6
54351,32
54352,4
54353,0
54354,0
54355,52
54356,2
54357,28
54358,1
54359,1
54360,23
54361,35
54362,22
54363,8
54364,56
54365,9
54366,32
54367,3
54368,2
54369,30
54370,7
54371,6
54372,1
54373,10
54374,10
54375,9
54376,4
54377,2
54378,0
54379,30
54380,8
54381,14
54382,14
54383,4
54384,49
54385,22
54386,47
54387,14
54388,2
54389,12
54390,7
54391,5
54392,1
54393,4
54394,23
54395,3
54396,49
54397,5
54398,39
54399,24
54400,46
54401,23
54402,6
54403,0
54404,4
54405,2
54406,40
54407,12
54408,43
54409,3
54410,6
54411,1
54412,39
54413,40
54414,25
54415,42
54416,25
54417,28
54418,18
54419,4
54420,2
54421,15
54422,5
54423,4
54424,49
54425,25
54426,33
54427,7
54428,9
54429,0
54430,3
54431,7
54432,7
54433,24
54434,1
54435,37
54436,1
54437,6
54438,32
54439,7
54440,40
54441,40
54442,31
54443,6
54444,40
54445,58
54446,3
54447,8
54448,21
54449,5
54450,42
54451,4
54452,3
54453,4
54454,1
54455,6
54456,12
54457,30
54458,3
54459,20
54460,2
54461,58
54462,55
54463,24
54464,6
54465,12
54466,5
54467,58
54468,1
54469,9
54470,1
54471,24
54472,1
54473,8
54474,3
54475,1
54476,4
54477,1
54478,9
54479,30
54480,0
54481,2
54482,28
54483,6
54484,4
54485,5
54486,55
54487,23
54488,28
54489,24
54490,59
54491,0
54492,0
54493,6
54494,1
54495,7
54496,3
54497,9
54498,24
54499,25
54500,30
54501,16
54502,6
54503,39
54504,28
54505,28
54506,22
54507,4
54508,4
54509,37
54510,5
54511,9
54512,4
54513,25
54514,55
54515,4
54516,13
54517,8
54518,22
54519,24
54520,7
54521,30
54522,3
54523,44
54524,32
54525,0
54526,40
54527,4
54528,4
54529,39
54530,31
54531,9
54532,1
54533,0
54534,3
54535,22
54536,55
54537,42
54538,2
54539,32
54540,40
54541,55
54542,55
54543,9
54544,17
54545,9
54546,1
54547,2
54548,1
54549,55
54550,0
54551,12
54552,4
54553,1
54554,5
54555,8
54556,43
54557,7
54558,43
54559,8
54560,0
54561,7
54562,24
54563,12
54564,7
54565,5
54566,5
54567,4
54568,4
54569,8
54570,9
54571,8
54572,3
54573,20
54574,41
54575,9
54576,29
54577,25
54578,28
54579,6
54580,7
54581,33
54582,3
54583,29
54584,2
54585,55
54586,9
54587,49
54588,37
54589,1
54590,6
54591,46
54592,1
54593,9
54594,28
54595,9
54596,1
54597,8
54598,2
54599,46
54600,3
54601,55
54602,3
54603,4
54604,7
54605,25
54606,3
54607,4
54608,12
54609,5
54610,7
54611,7
54612,21
54613,6
54614,29
54615,12
54616,8
54617,34
54618,7
54619,12
54620,4
54621,40
54622,7
54623,43
54624,4
54625,8
54626,0
54627,12
54628,56
54629,14
54630,4
54631,0
54632,2
54633,55
54634,49
54635,12
54636,4
54637,6
54638,53
54639,8
54640,1
54641,7
54642,8
54643,21
54644,9
54645,3
54646,7
54647,9
54648,0
54649,40
54650,5
54651,7
54652,2
54653,24
54654,8
54655,4
54656,5
54657,28
54658,40
54659,9
54660,8
54661,3
54662,5
54663,25
54664,42
54665,0
54666,28
54667,3
54668,3
54669,7
54670,22
54671,7
54672,8
54673,8
54674,1
54675,4
54676,3
54677,1
54678,1
54679,28
54680,4
54681,2
54682,28
54683,2
54684,1
54685,36
54686,60
54687,5
54688,23
54689,5
54690,1
54691,19
54692,0
54693,40
54694,5
54695,3
54696,12
54697,7
54698,1
54699,40
54700,29
54701,7
54702,12
54703,24
54704,49
54705,0
54706,1
54707,7
54708,1
54709,7
54710,4
54711,2
54712,5
54713,8
54714,20
54715,2
54716,9
54717,6
54718,5
54719,18
54720,47
54721,24
54722,2
54723,23
54724,5
54725,26
54726,9
54727,25
54728,40
54729,6
54730,0
54731,18
54732,45
54733,2
54734,43
54735,8
54736,3
54737,8
54738,39
54739,13
54740,40
54741,2
54742,1
54743,7
54744,6
54745,2
54746,2
54747,7
54748,5
54749,4
54750,9
54751,2
54752,42
54753,2
54754,58
54755,55
54756,7
54757,45
54758,1
54759,24
54760,1
54761,2
54762,5
54763,4
54764,5
54765,28
54766,4
54767,5
54768,3
54769,40
54770,2
54771,1
54772,3
54773,31
54774,45
54775,2
54776,34
54777,7
54778,8
54779,18
54780,5
54781,23
54782,31
54783,45
54784,12
54785,1
54786,22
54787,7
54788,58
54789,7
54790,53
54791,31
54792,51
54793,7
54794,30
54795,6
54796,0
54797,0
54798,6
54799,7
54800,0
54801,53
54802,23
54803,16
54804,8
54805,2
54806,3
54807,2
54808,21
54809,24
54810,3
54811,53
54812,24
54813,12
54814,8
54815,15
54816,3
54817,3
54818,5
54819,18
54820,30
54821,40
54822,8
54823,7
54824,0
54825,1
54826,3
54827,15
54828,1
54829,4
54830,32
54831,53
54832,9
54833,43
54834,28
54835,2
54836,3
54837,28
54838,28
54839,13
54840,0
54841,34
54842,2
54843,2
54844,0
54845,36
54846,9
54847,9
54848,36
54849,6
54850,28
54851,16
54852,1
54853,30
54854,40
54855,1
54856,4
54857,3
54858,18
54859,43
54860,58
54861,44
54862,9
54863,5
54864,55
54865,2
54866,1
54867,0
54868,37
54869,8
54870,6
54871,1
54872,10
54873,55
54874,5
54875,1
54876,44
54877,12
54878,30
54879,22
54880,3
54881,12
54882,55
54883,7
54884,1
54885,18
54886,40
54887,49
54888,22
54889,53
54890,4
54891,9
54892,2
54893,6
54894,36
54895,2
54896,28
54897,6
54898,12
54899,9
54900,53
54901,12
54902,8
54903,6
54904,28
54905,8
54906,4
54907,34
54908,9
54909,4
54910,10
54911,3
54912,16
54913,36
54914,1
54915,2
54916,40
54917,1
54918,12
54919,7
54920,4
54921,31
54922,36
54923,6
54924,27
54925,15
54926,4
54927,3
54928,5
54929,10
54930,3
54931,6
54932,7
54933,10
54934,5
54935,3
54936,28
54937,1
54938,18
54939,29
54940,1
54941,31
54942,6
54943,8
54944,1
54945,2
54946,2
54947,7
54948,40
54949,8
54950,18
54951,1
54952,7
54953,43
54954,29
54955,7
54956,26
54957,24
54958,8
54959,3
54960,49
54961,32
54962,9
54963,2
54964,17
54965,55
54966,5
54967,19
54968,1
54969,18
54970,47
54971,3
54972,4
54973,1
54974,19
54975,58
54976,17
54977,53
54978,8
54979,43
54980,7
54981,9
54982,5
54983,8
54984,8
54985,6
54986,2
54987,59
54988,30
54989,59
54990,2
54991,1
54992,15
54993,55
54994,27
54995,40
54996,3
54997,2
54998,7
54999,1
55000,0
55001,5
55002,4
55003,29
55004,55
55005,9
55006,11
55007,42
55008,7
55009,55
55010,2
55011,39
55012,7
55013,7
55014,42
55015,6
55016,1
55017,4
55018,49
55019,55
55020,30
55021,8
55022,2
55023,1
55024,0
55025,9
55026,3
55027,6
55028,0
55029,1
55030,10
55031,36
55032,6
55033,14
55034,30
55035,7
55036,18
55037,0
55038,7
55039,2
55040,3
55041,3
55042,6
55043,8
55044,6
55045,8
55046,10
55047,40
55048,3
55049,15
55050,46
55051,49
55052,37
55053,1
55054,55
55055,15
55056,29
55057,53
55058,40
55059,28
55060,40
55061,4
55062,15
55063,28
55064,49
55065,2
55066,6
55067,6
55068,1
55069,55
55070,53
55071,36
55072,55
55073,36
55074,4
55075,7
55076,49
55077,0
55078,55
55079,25
55080,0
55081,1
55082,2
55083,1
55084,45
55085,23
55086,31
55087,3
55088,10
55089,9
55090,39
55091,8
55092,8
55093,39
55094,55
55095,22
55096,4
55097,40
55098,0
55099,9
55100,1
55101,1
55102,32
55103,2
55104,1
55105,43
55106,3
55107,40
55108,0
55109,3
55110,12
55111,4
55112,40
55113,9
55114,2
55115,2
55116,3
55117,55
55118,9
55119,29
55120,7
55121,24
55122,5
55123,53
55124,3
55125,24
55126,61
55127,6
55128,7
55129,1
55130,3
55131,36
55132,22
55133,2
55134,2
55135,23
55136,2
55137,1
55138,1
55139,53
55140,39
55141,1
55142,1
55143,28
55144,3
55145,1
55146,31
55147,6
55148,20
55149,40
55150,3
55151,8
55152,24
55153,5
55154,3
55155,2
55156,25
55157,7
55158,7
55159,40
55160,28
55161,5
55162,27
55163,9
55164,3
55165,8
55166,53
55167,1
55168,6
55169,5
55170,36
55171,25
55172,12
55173,4
55174,4
55175,39
55176,34
55177,5
55178,53
55179,30
55180,28
55181,1
55182,40
55183,28
55184,7
55185,1
55186,28
55187,12
55188,4
55189,35
55190,26
55191,3
55192,29
55193,18
55194,2
55195,28
55196,5
55197,1
55198,39
55199,7
55200,6
55201,1
55202,5
55203,53
55204,2
55205,0
55206,0
55207,16
55208,2
55209,1
55210,2
55211,5
55212,49
55213,11
55214,5
55215,2
55216,30
55217,28
55218,4
55219,2
55220,3
55221,28
55222,35
55223,40
55224,5
55225,0
55226,10
55227,24
55228,2
55229,18
55230,4
55231,39
55232,3
55233,9
55234,0
55235,3
55236,10
55237,1
55238,1
55239,30
55240,1
55241,3
55242,9
55243,35
55244,31
55245,24
55246,12
55247,14
55248,13
55249,52
55250,1
55251,55
55252,43
55253,7
55254,30
55255,4
55256,23
55257,1
55258,7
55259,4
55260,0
55261,49
55262,2
55263,7
55264,36
55265,29
55266,28
55267,18
55268,4
55269,2
55270,11
55271,0
55272,28
55273,2
55274,1
55275,24
55276,12
55277,12
55278,9
55279,39
55280,1
55281,40
55282,53
55283,6
55284,27
55285,28
55286,14
55287,18
55288,5
55289,4
55290,29
55291,4
55292,0
55293,7
55294,1
55295,30
55296,3
55297,0
55298,46
55299,18
55300,13
55301,7
55302,1
55303,9
55304,0
55305,55
55306,22
55307,5
55308,18
55309,5
55310,6
55311,31
55312,6
55313,4
55314,24
55315,0
55316,7
55317,28
55318,7
55319,9
55320,7
55321,2
55322,6
55323,0
55324,28
55325,19
55326,6
55327,1
55328,0
55329,3
55330,5
55331,30
55332,2
55333,16
55334,28
55335,24
55336,22
55337,55
55338,21
55339,24
55340,24
55341,0
55342,55
55343,22
55344,1
55345,8
55346,37
55347,3
55348,20
55349,61
55350,1
55351,37
55352,5
55353,40
55354,6
55355,8
55356,28
55357,42
55358,40
55359,5
55360,6
55361,23
55362,6
55363,49
55364,25
55365,4
55366,1
55367,4
55368,25
55369,2
55370,12
55371,24
55372,39
55373,28
55374,1
55375,6
55376,55
55377,24
55378,0
55379,3
55380,43
55381,0
55382,28
55383,46
55384,2
55385,0
55386,4
55387,5
55388,9
55389,40
55390,55
55391,37
55392,24
55393,1
55394,43
55395,1
55396,2
55397,5
55398,2
55399,55
55400,2
55401,0
55402,21
55403,0
55404,36
55405,2
55406,0
55407,8
55408,0
55409,2
55410,12
55411,15
55412,4
55413,30
55414,8
55415,14
55416,59
55417,6
55418,5
55419,1
55420,1
55421,29
55422,18
55423,16
55424,1
55425,6
55426,13
55427,55
55428,0
55429,3
55430,9
55431,3
55432,2
55433,53
55434,1
55435,4
55436,0
55437,8
55438,15
55439,28
55440,15
55441,30
55442,2
55443,2
55444,24
55445,36
55446,8
55447,18
55448,8
55449,1
55450,2
55451,15
55452,4
55453,28
55454,30
55455,3
55456,55
55457,5
55458,7
55459,0
55460,22
55461,40
55462,1
55463,53
55464,0
55465,28
55466,9
55467,19
55468,46
55469,28
55470,36
55471,4
55472,53
55473,1
55474,28
55475,3
55476,2
55477,4
55478,2
55479,7
55480,3
55481,2
55482,39
55483,0
55484,1
55485,5
55486,5
55487,19
55488,26
55489,2
55490,6
55491,23
55492,6
55493,7
55494,0
55495,2
55496,10
55497,12
55498,0
55499,2
55500,40
55501,14
55502,4
55503,49
55504,30
55505,25
55506,1
55507,22
55508,5
55509,9
55510,49
55511,1
55512,20
55513,40
55514,6
55515,0
55516,28
55517,2
55518,37
55519,29
55520,7
55521,4
55522,36
55523,40
55524,53
55525,53
55526,4
55527,3
55528,4
55529,1
55530,28
55531,33
55532,22
55533,21
55534,49
55535,2
55536,2
55537,5
55538,8
55539,9
55540,40
55541,5
55542,9
55543,7
55544,20
55545,53
55546,7
55547,22
55548,30
55549,6
55550,10
55551,2
55552,40
55553,28
55554,6
55555,3
55556,6
55557,7
55558,29
55559,6
55560,23
55561,6
55562,9
55563,4
55564,6
55565,9
55566,5
55567,9
55568,2
55569,28
55570,1
55571,0
55572,7
55573,9
55574,2
55575,4
55576,4
55577,11
55578,43
55579,4
55580,9
55581,9
55582,9
55583,1
55584,49
55585,20
55586,5
55587,1
55588,8
55589,39
55590,9
55591,43
55592,1
55593,6
55594,1
55595,6
55596,0
55597,0
55598,25
55599,12
55600,35
55601,40
55602,5
55603,3
55604,34
55605,3
55606,3
55607,9
55608,28
55609,0
55610,47
55611,28
55612,9
55613,8
55614,21
55615,9
55616,2
55617,5
55618,53
55619,4
55620,19
55621,24
55622,11
55623,24
55624,40
55625,6
55626,4
55627,28
55628,40
55629,5
55630,25
55631,9
55632,5
55633,6
55634,49
55635,24
55636,4
55637,0
55638,55
55639,8
55640,19
55641,1
55642,19
55643,28
55644,1
55645,7
55646,30
55647,40
55648,11
55649,0
55650,3
55651,0
55652,40
55653,49
55654,1
55655,9
55656,6
55657,40
55658,1
55659,43
55660,35
55661,40
55662,6
55663,31
55664,2
55665,3
55666,3
55667,22
55668,0
55669,36
55670,58
55671,1
55672,31
55673,8
55674,49
55675,28
55676,28
55677,4
55678,2
55679,3
55680,7
55681,6
55682,3
55683,26
55684,44
55685,1
55686,7
55687,11
55688,32
55689,47
55690,0
55691,19
55692,0
55693,7
55694,40
55695,32
55696,28
55697,8
55698,26
55699,59
55700,5
55701,42
55702,47
55703,40
55704,7
55705,8
55706,1
55707,1
55708,14
55709,55
55710,2
55711,55
55712,43
55713,6
55714,40
55715,8
55716,43
55717,18
55718,24
55719,39
55720,0
55721,28
55722,1
55723,28
55724,53
55725,0
55726,4
55727,0
55728,55
55729,3
55730,5
55731,6
55732,12
55733,2
55734,8
55735,3
55736,6
55737,43
55738,8
55739,29
55740,7
55741,6
55742,1
55743,0
55744,27
55745,28
55746,4
55747,3
55748,1
55749,6
55750,31
55751,4
55752,8
55753,3
55754,6
55755,1
55756,49
55757,1
55758,25
55759,5
55760,59
55761,14
55762,5
55763,5
55764,40
55765,3
55766,18
55767,37
55768,8
55769,3
55770,3
55771,22
55772,24
55773,2
55774,29
55775,36
55776,0
55777,14
55778,2
55779,24
55780,1
55781,7
55782,0
55783,28
55784,5
55785,40
55786,40
55787,55
55788,1
55789,0
55790,45
55791,4
55792,22
55793,24
55794,53
55795,40
55796,3
55797,28
55798,10
55799,38
55800,0
55801,14
55802,24
55803,31
55804,10
55805,22
55806,2
55807,3
55808,1
55809,29
55810,1
55811,15
55812,3
55813,8
55814,6
55815,2
55816,3
55817,49
55818,6
55819,36
55820,4
55821,20
55822,35
55823,7
55824,40
55825,6
55826,3
55827,30
55828,1
55829,10
55830,8
55831,0
55832,2
55833,2
55834,8
55835,15
55836,21
55837,0
55838,5
55839,3
55840,43
55841,7
55842,7
55843,1
55844,2
55845,8
55846,0
55847,39
55848,0
55849,30
55850,4
55851,24
55852,4
55853,16
55854,0
55855,5
55856,6
55857,22
55858,0
55859,27
55860,3
55861,30
55862,0
55863,8
55864,22
55865,10
55866,9
55867,29
55868,5
55869,31
55870,2
55871,34
55872,4
55873,17
55874,5
55875,9
55876,4
55877,0
55878,8
55879,40
55880,12
55881,15
55882,5
55883,36
55884,7
55885,1
55886,0
55887,2
55888,4
55889,53
55890,27
55891,2
55892,41
55893,9
55894,6
55895,1
55896,52
55897,31
55898,1
55899,9
55900,5
55901,6
55902,7
55903,1
55904,9
55905,15
55906,1
55907,49
55908,31
55909,20
55910,4
55911,1
55912,42
55913,1
55914,7
55915,55
55916,7
55917,0
55918,40
55919,6
55920,3
55921,9
55922,7
55923,18
55924,1
55925,4
55926,10
55927,40
55928,21
55929,33
55930,3
55931,39
55932,0
55933,12
55934,43
55935,3
55936,40
55937,1
55938,7
55939,1
55940,9
55941,23
55942,23
55943,7
55944,40
55945,24
55946,19
55947,33
55948,5
55949,28
55950,53
55951,55
55952,18
55953,47
55954,39
55955,25
55956,19
55957,7
55958,5
55959,9
55960,4
55961,18
55962,45
55963,1
55964,0
55965,4
55966,40
55967,2
55968,29
55969,2
55970,53
55971,40
55972,8
55973,9
55974,7
55975,5
55976,55
55977,8
55978,5
55979,6
55980,7
55981,2
55982,33
55983,1
55984,2
55985,7
55986,7
55987,53
55988,28
55989,10
55990,7
55991,1
55992,24
55993,28
55994,25
55995,0
55996,29
55997,30
55998,5
55999,26
56000,1
56001,25
56002,43
56003,6
56004,3
56005,30
56006,57
56007,9
56008,1
56009,12
56010,13
56011,9
56012,39
56013,43
56014,1
56015,24
56016,8
56017,23
56018,9
56019,5
56020,23
56021,39
56022,30
56023,36
56024,8
56025,8
56026,29
56027,3
56028,18
56029,32
56030,40
56031,4
56032,6
56033,23
56034,19
56035,2
56036,10
56037,0
56038,1
56039,0
56040,1
56041,53
56042,53
56043,0
56044,4
56045,1
56046,2
56047,24
56048,3
56049,49
56050,3
56051,28
56052,3
56053,8
56054,28
56055,55
56056,24
56057,49
56058,5
56059,5
56060,24
56061,40
56062,36
56063,1
56064,55
56065,2
56066,2
56067,16
56068,3
56069,15
56070,0
56071,1
56072,21
56073,28
56074,3
56075,1
56076,5
56077,1
56078,43
56079,3
56080,40
56081,23
56082,2
56083,31
56084,18
56085,8
56086,25
56087,25
56088,1
56089,41
56090,24
56091,3
56092,1
56093,39
56094,9
56095,5
56096,7
56097,39
56098,7
56099,33
56100,42
56101,47
56102,43
56103,22
56104,1
56105,31
56106,8
56107,7
56108,28
56109,5
56110,1
56111,6
56112,12
56113,9
56114,4
56115,4
56116,1
56117,0
56118,59
56119,21
56120,8
56121,53
56122,4
56123,24
56124,8
56125,10
56126,2
56127,28
56128,2
56129,47
56130,5
56131,2
56132,0
56133,30
56134,5
56135,1
56136,0
56137,1
56138,8
56139,4
56140,36
56141,9
56142,24
56143,7
56144,30
56145,6
56146,1
56147,3
56148,6
56149,1
56150,24
56151,58
56152,1
56153,55
56154,6
56155,1
56156,27
56157,15
56158,40
56159,1
56160,24
56161,0
56162,1
56163,12
56164,3
56165,9
56166,8
56167,40
56168,8
56169,28
56170,40
56171,24
56172,1
56173,7
56174,0
56175,43
56176,3
56177,30
56178,12
56179,7
56180,7
56181,23
56182,15
56183,2
56184,15
56185,34
56186,15
56187,30
56188,8
56189,1
56190,43
56191,0
56192,40
56193,8
56194,37
56195,3
56196,15
56197,47
56198,49
56199,13
56200,6
56201,25
56202,30
56203,9
56204,28
56205,29
56206,22
56207,0
56208,40
56209,13
56210,18
56211,1
56212,12
56213,1
56214,55
56215,4
56216,28
56217,0
56218,1
56219,3
56220,31
56221,5
56222,7
56223,31
56224,17
56225,9
56226,42
56227,3
56228,5
56229,1
56230,36
56231,7
56232,22
56233,15
56234,0
56235,1
56236,24
56237,28
56238,8
56239,15
56240,43
56241,53
56242,28
56243,40
56244,6
56245,2
56246,0
56247,7
56248,30
56249,4
56250,11
56251,1
56252,0
56253,12
56254,39
56255,3
56256,22
56257,4
56258,6
56259,1
56260,39
56261,22
56262,1
56263,2
56264,0
56265,24
56266,4
56267,9
56268,31
56269,1
56270,39
56271,4
56272,49
56273,8
56274,3
56275,18
56276,9
56277,28
56278,40
56279,32
56280,28
56281,4
56282,46
56283,6
56284,10
56285,30
56286,39
56287,5
56288,9
56289,2
56290,18
56291,5
56292,5
56293,39
56294,9
56295,6
56296,6
56297,2
56298,40
56299,40
56300,3
56301,27
56302,51
56303,19
56304,6
56305,18
56306,53
56307,9
56308,24
56309,4
56310,3
56311,55
56312,5
56313,7
56314,6
56315,4
56316,8
56317,24
56318,27
56319,6
56320,9
56321,4
56322,29
56323,3
56324,2
56325,36
56326,1
56327,36
56328,47
56329,25
56330,39
56331,24
56332,3
56333,22
56334,40
56335,30
56336,30
56337,7
56338,8
56339,19
56340,10
56341,1
56342,25
56343,9
56344,9
56345,29
56346,12
56347,6
56348,7
56349,6
56350,1
56351,32
56352,12
56353,8
56354,1
56355,24
56356,4
56357,6
56358,2
56359,0
56360,22
56361,40
56362,22
56363,9
56364,17
56365,15
56366,28
56367,0
56368,31
56369,10
56370,6
56371,21
56372,3
56373,7
56374,30
56375,1
56376,55
56377,30
56378,1
56379,1
56380,5
56381,9
56382,49
56383,4
56384,3
56385,8
56386,36
56387,28
56388,24
56389,0
56390,8
56391,7
56392,8
56393,0
56394,1
56395,15
56396,0
56397,4
56398,23
56399,28
56400,6
56401,16
56402,30
56403,11
56404,27
56405,17
56406,55
56407,9
56408,7
56409,21
56410,7
56411,0
56412,10
56413,6
56414,22
56415,1
56416,14
56417,49
56418,40
56419,53
56420,30
56421,40
56422,6
56423,3
56424,7
56425,55
56426,6
56427,12
56428,5
56429,3
56430,13
56431,22
56432,12
56433,33
56434,2
56435,29
56436,12
56437,8
56438,8
56439,25
56440,7
56441,10
56442,8
56443,1
56444,6
56445,3
56446,7
56447,36
56448,59
56449,55
56450,7
56451,1
56452,6
56453,4
56454,58
56455,49
56456,32
56457,5
56458,0
56459,9
56460,8
56461,5
56462,53
56463,4
56464,9
56465,3
56466,39
56467,0
56468,30
56469,9
56470,3
56471,28
56472,40
56473,18
56474,1
56475,1
56476,18
56477,3
56478,12
56479,36
56480,24
56481,59
56482,28
56483,32
56484,0
56485,40
56486,6
56487,24
56488,37
56489,42
56490,53
56491,7
56492,53
56493,27
56494,8
56495,39
56496,5
56497,4
56498,7
56499,8
56500,8
56501,61
56502,9
56503,4
56504,14
56505,18
56506,34
56507,28
56508,7
56509,8
56510,5
56511,5
56512,25
56513,49
56514,4
56515,3
56516,6
56517,28
56518,2
56519,18
56520,3
56521,1
56522,58
56523,0
56524,8
56525,5
56526,1
56527,53
56528,40
56529,4
56530,9
56531,8
56532,8
56533,2
56534,25
56535,6
56536,0
56537,55
56538,30
56539,1
56540,4
56541,15
56542,8
56543,3
56544,1
56545,13
56546,20
56547,45
56548,21
56549,1
56550,3
56551,6
56552,24
56553,40
56554,1
56555,0
56556,55
56557,24
56558,7
56559,22
56560,47
56561,25
56562,36
56563,46
56564,29
56565,7
56566,18
56567,2
56568,58
56569,30
56570,55
56571,24
56572,0
56573,1
56574,3
56575,53
56576,15
56577,4
56578,0
56579,7
56580,28
56581,6
56582,7
56583,6
56584,6
56585,4
56586,0
56587,1
56588,9
56589,2
56590,22
56591,49
56592,26
56593,53
56594,24
56595,2
56596,17
56597,55
56598,31
56599,9
56600,55
56601,1
56602,17
56603,22
56604,1
56605,22
56606,8
56607,7
56608,12
56609,39
56610,0
56611,0
56612,9
56613,28
56614,3
56615,40
56616,9
56617,7
56618,3
56619,2
56620,2
56621,7
56622,1
56623,21
56624,1
56625,31
56626,2
56627,22
56628,28
56629,2
56630,18
56631,5
56632,4
56633,0
56634,40
56635,0
56636,49
56637,35
56638,49
56639,30
56640,3
56641,24
56642,5
56643,6
56644,0
56645,3
56646,58
56647,40
56648,1
56649,1
56650,2
56651,0
56652,5
56653,43
56654,40
56655,30
56656,0
56657,7
56658,9
56659,39
56660,22
56661,1
56662,7
56663,9
56664,1
56665,3
56666,55
56667,1
56668,43
56669,9
56670,31
56671,5
56672,3
56673,55
56674,55
56675,2
56676,7
56677,22
56678,28
56679,39
56680,4
56681,40
56682,28
56683,28
56684,55
56685,30
56686,8
56687,4
56688,3
56689,7
56690,2
56691,6
56692,0
56693,24
56694,34
56695,25
56696,28
56697,1
56698,55
56699,39
56700,6
56701,6
56702,7
56703,28
56704,0
56705,0
56706,4
56707,16
56708,5
56709,49
56710,53
56711,3
56712,28
56713,30
56714,28
56715,23
56716,6
56717,8
56718,43
56719,39
56720,7
56721,4
56722,1
56723,22
56724,2
56725,49
56726,40
56727,28
56728,24
56729,1
56730,24
56731,53
56732,5
56733,7
56734,60
56735,2
56736,9
56737,4
56738,34
56739,1
56740,0
56741,55
56742,21
56743,9
56744,31
56745,23
56746,21
56747,6
56748,6
56749,30
56750,2
56751,30
56752,30
56753,31
56754,19
56755,28
56756,3
56757,1
56758,28
56759,40
56760,8
56761,3
56762,13
56763,0
56764,6
56765,28
56766,7
56767,8
56768,4
56769,0
56770,40
56771,28
56772,0
56773,61
56774,0
56775,36
56776,59
56777,4
56778,1
56779,28
56780,55
56781,3
56782,1
56783,4
56784,55
56785,34
56786,39
56787,8
56788,35
56789,23
56790,1
56791,0
56792,28
56793,5
56794,6
56795,34
56796,2
56797,6
56798,1
56799,6
56800,9
56801,13
56802,35
56803,49
56804,8
56805,2
56806,1
56807,5
56808,7
56809,7
56810,32
56811,8
56812,24
56813,12
56814,4
56815,9
56816,8
56817,29
56818,7
56819,37
56820,7
56821,55
56822,36
56823,4
56824,24
56825,46
56826,1
56827,2
56828,28
56829,0
56830,59
56831,11
56832,40
56833,29
56834,7
56835,15
56836,20
56837,4
56838,8
56839,24
56840,1
56841,3
56842,28
56843,49
56844,52
56845,6
56846,17
56847,2
56848,16
56849,32
56850,28
56851,9
56852,0
56853,4
56854,22
56855,53
56856,0
56857,18
56858,9
56859,28
56860,16
56861,27
56862,24
56863,6
56864,29
56865,3
56866,2
56867,7
56868,4
56869,3
56870,1
56871,43
56872,2
56873,28
56874,40
56875,40
56876,5
56877,1
56878,6
56879,40
56880,52
56881,5
56882,12
56883,3
56884,7
56885,12
56886,55
56887,1
56888,2
56889,9
56890,8
56891,24
56892,40
56893,25
56894,4
56895,28
56896,1
56897,1
56898,30
56899,24
56900,24
56901,10
56902,53
56903,12
56904,2
56905,39
56906,34
56907,5
56908,18
56909,5
56910,5
56911,2
56912,31
56913,3
56914,2
56915,36
56916,1
56917,25
56918,1
56919,31
56920,8
56921,1
56922,3
56923,1
56924,55
56925,4
56926,28
56927,4
56928,7
56929,6
56930,8
56931,28
56932,3
56933,3
56934,4
56935,1
56936,29
56937,0
56938,24
56939,55
56940,34
56941,8
56942,45
56943,9
56944,30
56945,13
56946,34
56947,3
56948,25
56949,40
56950,0
56951,2
56952,40
56953,2
56954,23
56955,4
56956,29
56957,1
56958,49
56959,3
56960,0
56961,23
56962,4
56963,7
56964,22
56965,5
56966,24
56967,2
56968,4
56969,40
56970,1
56971,40
56972,8
56973,40
56974,0
56975,9
56976,8
56977,0
56978,55
56979,0
56980,5
56981,8
56982,55
56983,21
56984,53
56985,4
56986,40
56987,30
56988,6
56989,12
56990,1
56991,18
56992,34
56993,9
56994,0
56995,7
56996,4
56997,8
56998,2
56999,4
57000,28
57001,29
57002,5
57003,22
57004,6
57005,24
57006,2
57007,4
57008,1
57009,1
57010,4
57011,37
57012,15
57013,22
57014,4
57015,9
57016,53
57017,29
57018,2
57019,40
57020,7
57021,1
57022,21
57023,29
57024,1
57025,15
57026,6
57027,7
57028,32
57029,4
57030,28
57031,31
57032,0
57033,40
57034,6
57035,0
57036,5
57037,18
57038,7
57039,7
57040,8
57041,4
57042,28
57043,7
57044,17
57045,8
57046,4
57047,8
57048,28
57049,7
57050,3
57051,23
57052,22
57053,28
57054,31
57055,49
57056,7
57057,40
57058,8
57059,4
57060,43
57061,40
57062,3
57063,5
57064,40
57065,25
57066,8
57067,9
57068,1
57069,20
57070,7
57071,14
57072,2
57073,4
57074,37
57075,23
57076,25
57077,4
57078,29
57079,7
57080,3
57081,7
57082,53
57083,4
57084,43
57085,55
57086,7
57087,14
57088,15
57089,31
57090,29
57091,18
57092,4
57093,1
57094,10
57095,28
57096,29
57097,7
57098,4
57099,6
57100,28
57101,12
57102,40
57103,40
57104,18
57105,7
57106,4
57107,6
57108,7
57109,2
57110,3
57111,21
57112,2
57113,30
57114,4
57115,0
57116,43
57117,1
57118,8
57119,5
57120,40
57121,36
57122,19
57123,22
57124,1
57125,30
57126,3
57127,8
57128,34
57129,2
57130,8
57131,7
57132,4
57133,53
57134,5
57135,7
57136,8
57137,40
57138,13
57139,15
57140,2
57141,3
57142,40
57143,40
57144,1
57145,16
57146,31
57147,22
57148,9
57149,9
57150,7
57151,5
57152,40
57153,55
57154,29
57155,8
57156,9
57157,7
57158,1
57159,8
57160,28
57161,15
57162,5
57163,49
57164,9
57165,47
57166,32
57167,4
57168,0
57169,30
57170,7
57171,4
57172,14
57173,3
57174,9
57175,8
57176,55
57177,39
57178,12
57179,55
57180,33
57181,4
57182,46
57183,9
57184,5
57185,52
57186,42
57187,34
57188,15
57189,40
57190,7
57191,3
57192,7
57193,3
57194,1
57195,8
57196,40
57197,10
57198,7
57199,37
57200,22
57201,9
57202,24
57203,0
57204,22
57205,2
57206,8
57207,2
57208,0
57209,19
57210,1
57211,15
57212,30
57213,6
57214,40
57215,21
57216,55
57217,39
57218,7
57219,49
57220,4
57221,8
57222,24
57223,43
57224,9
57225,5
57226,9
57227,53
57228,20
57229,7
57230,6
57231,6
57232,3
57233,6
57234,42
57235,2
57236,15
57237,2
57238,8
57239,16
57240,8
57241,1
57242,15
57243,4
57244,24
57245,34
57246,28
57247,6
57248,8
57249,0
57250,0
57251,16
57252,29
57253,29
57254,6
57255,1
57256,49
57257,8
57258,3
57259,6
57260,40
57261,1
57262,1
57263,7
57264,46
57265,4
57266,9
57267,8
57268,25
57269,31
57270,23
57271,15
57272,21
57273,4
57274,30
57275,8
57276,35
57277,25
57278,36
57279,8
57280,17
57281,1
57282,18
57283,10
57284,5
57285,7
57286,2
57287,24
57288,0
57289,1
57290,2
57291,5
57292,40
57293,11
57294,3
57295,6
57296,56
57297,10
57298,2
57299,28
57300,37
57301,7
57302,3
57303,8
57304,25
57305,2
57306,27
57307,22
57308,61
57309,49
57310,3
57311,8
57312,3
57313,29
57314,1
57315,7
57316,27
57317,0
57318,17
57319,8
57320,26
57321,3
57322,2
57323,4
57324,7
57325,0
57326,9
57327,4
57328,0
57329,30
57330,4
57331,5
57332,1
57333,2
57334,3
57335,53
57336,4
57337,7
57338,14
57339,22
57340,15
57341,29
57342,0
57343,40
57344,0
57345,55
57346,6
57347,7
57348,3
57349,40
57350,8
57351,13
57352,27
57353,9
57354,43
57355,0
57356,8
57357,7
57358,7
57359,0
57360,6
57361,15
57362,49
57363,0
57364,5
57365,30
57366,32
57367,23
57368,9
57369,5
57370,27
57371,29
57372,40
57373,24
57374,7
57375,4
57376,0
57377,8
57378,7
57379,1
57380,51
57381,30
57382,9
57383,5
57384,8
57385,0
57386,2
57387,52
57388,31
57389,24
57390,5
57391,4
57392,30
57393,40
57394,55
57395,39
57396,49
57397,1
57398,40
57399,39
57400,2
57401,15
57402,18
57403,5
57404,53
57405,16
57406,4
57407,30
57408,24
57409,0
57410,2
57411,49
57412,47
57413,8
57414,43
57415,28
57416,27
57417,40
57418,8
57419,9
57420,55
57421,8
57422,33
57423,7
57424,28
57425,4
57426,3
57427,6
57428,36
57429,6
57430,7
57431,31
57432,8
57433,39
57434,6
57435,21
57436,5
57437,30
57438,49
57439,3
57440,3
57441,40
57442,3
57443,43
57444,57
57445,9
57446,2
57447,15
57448,2
57449,7
57450,1
57451,5
57452,1
57453,29
57454,1
57455,8
57456,8
57457,61
57458,53
57459,23
57460,39
57461,12
57462,32
57463,1
57464,7
57465,22
57466,0
57467,2
57468,6
57469,2
57470,0
57471,28
57472,5
57473,3
57474,0
57475,9
57476,2
57477,24
57478,40
57479,13
57480,6
57481,1
57482,1
57483,4
57484,27
57485,0
57486,29
57487,1
57488,55
57489,9
57490,3
57491,39
57492,2
57493,32
57494,2
57495,23
57496,22
57497,28
57498,8
57499,6
57500,42
57501,7
57502,5
57503,4
57504,1
57505,4
57506,40
57507,21
57508,7
57509,0
57510,40
57511,2
57512,53
57513,39
57514,4
57515,18
57516,22
57517,7
57518,5
57519,9
57520,16
57521,3
57522,1
57523,6
57524,55
57525,0
57526,27
57527,47
57528,12
57529,25
57530,59
57531,5
57532,0
57533,0
57534,18
57535,3
57536,9
57537,2
57538,8
57539,23
57540,25
57541,5
57542,28
57543,1
57544,0
57545,1
57546,7
57547,0
57548,1
57549,8
57550,1
57551,9
57552,30
57553,2
57554,2
57555,19
57556,55
57557,3
57558,28
57559,11
57560,32
57561,25
57562,9
57563,4
57564,1
57565,28
57566,49
57567,55
57568,39
57569,1
57570,8
57571,21
57572,14
57573,6
57574,19
57575,6
57576,36
57577,28
57578,52
57579,1
57580,8
57581,30
57582,5
57583,1
57584,49
57585,9
57586,10
57587,32
57588,6
57589,3
57590,3
57591,2
57592,29
57593,36
57594,27
57595,7
57596,3
57597,40
57598,4
57599,34
57600,22
57601,28
57602,30
57603,11
57604,58
57605,1
57606,7
57607,6
57608,34
57609,10
57610,36
57611,7
57612,9
57613,9
57614,30
57615,3
57616,30
57617,34
57618,12
57619,12
57620,10
57621,34
57622,6
57623,9
57624,37
57625,0
57626,22
57627,1
57628,3
57629,10
57630,7
57631,8
57632,29
57633,0
57634,29
57635,1
57636,8
57637,42
57638,6
57639,9
57640,53
57641,32
57642,0
57643,13
57644,1
57645,38
57646,20
57647,22
57648,7
57649,8
57650,24
57651,10
57652,49
57653,5
57654,0
57655,28
57656,43
57657,30
57658,24
57659,1
57660,37
57661,1
57662,43
57663,58
57664,40
57665,7
57666,15
57667,2
57668,12
57669,8
57670,23
57671,15
57672,34
57673,7
57674,39
57675,15
57676,5
57677,5
57678,29
57679,21
57680,55
57681,8
57682,3
57683,4
57684,0
57685,47
57686,7
57687,34
57688,18
57689,5
57690,22
57691,24
57692,7
57693,1
57694,6
57695,34
57696,2
57697,5
57698,9
57699,10
57700,1
57701,49
57702,46
57703,5
57704,25
57705,1
57706,4
57707,42
57708,2
57709,43
57710,2
57711,2
57712,3
57713,20
57714,32
57715,7
57716,6
57717,30
57718,40
57719,30
57720,28
57721,1
57722,0
57723,53
57724,24
57725,7
57726,40
57727,4
57728,4
57729,9
57730,4
57731,14
57732,15
57733,1
57734,8
57735,40
57736,16
57737,4
57738,8
57739,4
57740,49
57741,29
57742,40
57743,3
57744,6
57745,6
57746,43
57747,30
57748,4
57749,12
57750,29
57751,53
57752,6
57753,0
57754,30
57755,7
57756,60
57757,10
57758,24
57759,10
57760,4
57761,5
57762,4
57763,30
57764,3
57765,34
57766,45
57767,9
57768,8
57769,0
57770,21
57771,29
57772,30
57773,7
57774,7
57775,29
57776,27
57777,1
57778,40
57779,32
57780,15
57781,0
57782,1
57783,9
57784,24
57785,28
57786,40
57787,15
57788,6
57789,23
57790,8
57791,25
57792,1
57793,18
57794,7
57795,55
57796,0
57797,9
57798,2
57799,0
57800,28
57801,6
57802,14
57803,7
57804,14
57805,14
57806,2
57807,33
57808,40
57809,18
57810,0
57811,30
57812,53
57813,39
57814,9
57815,28
57816,18
57817,1
57818,1
57819,5
57820,0
57821,28
57822,1
57823,15
57824,0
57825,6
57826,16
57827,0
57828,10
57829,1
57830,53
57831,22
57832,7
57833,53
57834,24
57835,12
57836,40
57837,3
57838,6
57839,8
57840,0
57841,8
57842,55
57843,1
57844,0
57845,40
57846,40
57847,24
57848,1
57849,6
57850,40
57851,31
57852,2
57853,0
57854,4
57855,39
57856,40
57857,24
57858,9
57859,16
57860,6
57861,7
57862,31
57863,9
57864,7
57865,18
57866,24
57867,30
57868,9
57869,30
57870,27
57871,4
57872,3
57873,58
57874,53
57875,3
57876,26
57877,23
57878,6
57879,8
57880,1
57881,23
57882,10
57883,7
57884,7
57885,4
57886,4
57887,3
57888,55
57889,29
57890,6
57891,37
57892,8
57893,2
57894,9
57895,9
57896,0
57897,3
57898,0
57899,59
57900,2
57901,28
57902,28
57903,0
57904,9
57905,25
57906,0
57907,53
57908,49
57909,7
57910,9
57911,28
57912,0
57913,0
57914,3
57915,5
57916,5
57917,43
57918,17
57919,39
57920,29
57921,29
57922,6
57923,30
57924,22
57925,6
57926,30
57927,2
57928,9
57929,28
57930,10
57931,7
57932,0
57933,24
57934,25
57935,24
57936,1
57937,8
57938,6
57939,4
57940,3
57941,19
57942,0
57943,3
57944,29
57945,8
57946,42
57947,1
57948,39
57949,0
57950,9
57951,21
57952,39
57953,11
57954,0
57955,2
57956,3
57957,49
57958,5
57959,7
57960,0
57961,6
57962,49
57963,8
57964,34
57965,12
57966,36
57967,5
57968,37
57969,9
57970,49
57971,13
57972,3
57973,3
57974,30
57975,0
57976,53
57977,22
57978,53
57979,3
57980,24
57981,12
57982,1
57983,21
57984,9
57985,7
57986,18
57987,3
57988,3
57989,6
57990,4
57991,31
57992,1
57993,7
57994,4
57995,23
57996,2
57997,28
57998,0
57999,39
58000,8
58001,24
58002,23
58003,4
58004,0
58005,3
58006,12
58007,14
58008,5
58009,2
58010,1
58011,28
58012,40
58013,32
58014,2
58015,2
58016,30
58017,2
58018,53
58019,37
58020,53
58021,2
58022,25
58023,9
58024,40
58025,10
58026,15
58027,4
58028,15
58029,8
58030,2
58031,55
58032,6
58033,43
58034,6
58035,1
58036,15
58037,20
58038,40
58039,2
58040,4
58041,6
58042,4
58043,5
58044,6
58045,28
58046,60
58047,53
58048,24
58049,6
58050,49
58051,8
58052,53
58053,8
58054,56
58055,26
58056,8
58057,5
58058,0
58059,55
58060,24
58061,7
58062,4
58063,10
58064,28
58065,12
58066,5
58067,40
58068,0
58069,4
58070,53
58071,9
58072,9
58073,1
58074,49
58075,5
58076,18
58077,2
58078,24
58079,1
58080,28
58081,29
58082,25
58083,2
58084,43
58085,1
58086,25
58087,0
58088,5
58089,28
58090,21
58091,8
58092,0
58093,23
58094,8
58095,30
58096,7
58097,6
58098,24
58099,9
58100,7
58101,1
58102,6
58103,1
58104,1
58105,4
58106,24
58107,24
58108,39
58109,43
58110,30
58111,18
58112,6
58113,55
58114,16
58115,12
58116,8
58117,1
58118,58
58119,2
58120,6
58121,60
58122,4
58123,34
58124,5
58125,40
58126,55
58127,1
58128,25
58129,31
58130,4
58131,0
58132,20
58133,1
58134,39
58135,17
58136,4
58137,4
58138,30
58139,1
58140,2
58141,1
58142,21
58143,28
58144,29
58145,1
58146,6
58147,28
58148,55
58149,3
58150,55
58151,1
58152,2
58153,7
58154,8
58155,1
58156,5
58157,12
58158,36
58159,5
58160,8
58161,27
58162,25
58163,22
58164,5
58165,15
58166,24
58167,5
58168,4
58169,2
58170,18
58171,28
58172,5
58173,4
58174,47
58175,36
58176,34
58177,1
58178,1
58179,4
58180,0
58181,40
58182,1
58183,7
58184,19
58185,19
58186,1
58187,55
58188,21
58189,55
58190,53
58191,1
58192,3
58193,0
58194,25
58195,22
58196,27
58197,9
58198,0
58199,55
58200,3
58201,9
58202,22
58203,55
58204,0
58205,12
58206,53
58207,0
58208,0
58209,8
58210,15
58211,14
58212,29
58213,3
58214,53
58215,12
58216,12
58217,0
58218,53
58219,49
58220,3
58221,15
58222,7
58223,11
58224,4
58225,20
58226,6
58227,5
58228,21
58229,3
58230,28
58231,1
58232,0
58233,7
58234,1
58235,6
58236,39
58237,43
58238,40
58239,2
58240,32
58241,0
58242,24
58243,0
58244,34
58245,7
58246,46
58247,8
58248,59
58249,30
58250,53
58251,4
58252,49
58253,9
58254,30
58255,23
58256,24
58257,40
58258,16
58259,7
58260,1
58261,29
58262,7
58263,1
58264,28
58265,6
58266,3
58267,53
58268,17
58269,3
58270,2
58271,40
58272,3
58273,2
58274,9
58275,4
58276,40
58277,28
58278,28
58279,18
58280,40
58281,2
58282,14
58283,6
58284,2
58285,24
58286,6
58287,1
58288,2
58289,1
58290,36
58291,1
58292,27
58293,8
58294,22
58295,17
58296,7
58297,40
58298,40
58299,31
58300,1
58301,6
58302,5
58303,55
58304,30
58305,18
58306,32
58307,12
58308,5
58309,5
58310,7
58311,8
58312,24
58313,28
58314,43
58315,23
58316,2
58317,4
58318,55
58319,55
58320,5
58321,39
58322,0
58323,9
58324,23
58325,23
58326,37
58327,30
58328,8
58329,3
58330,1
58331,14
58332,7
58333,1
58334,55
58335,52
58336,6
58337,43
58338,24
58339,4
58340,9
58341,6
58342,8
58343,22
58344,9
58345,24
58346,46
58347,5
58348,55
58349,2
58350,6
58351,53
58352,29
58353,53
58354,10
58355,24
58356,18
58357,9
58358,40
58359,4
58360,22
58361,15
58362,6
58363,27
58364,1
58365,4
58366,28
58367,22
58368,5
58369,27
58370,6
58371,6
58372,55
58373,9
58374,17
58375,1
58376,26
58377,7
58378,28
58379,53
58380,1
58381,3
58382,17
58383,24
58384,28
58385,9
58386,53
58387,40
58388,3
58389,43
58390,0
58391,3
58392,22
58393,24
58394,9
58395,28
58396,14
58397,0
58398,8
58399,37
58400,9
58401,7
58402,9
58403,1
58404,7
58405,7
58406,9
58407,7
58408,1
58409,3
58410,6
58411,49
58412,49
58413,24
58414,1
58415,13
58416,6
58417,2
58418,39
58419,34
58420,28
58421,2
58422,6
58423,22
58424,61
58425,5
58426,30
58427,4
58428,1
58429,53
58430,5
58431,1
58432,2
58433,9
58434,0
58435,8
58436,24
58437,7
58438,4
58439,24
58440,1
58441,6
58442,4
58443,5
58444,1
58445,43
58446,24
58447,28
58448,5
58449,26
58450,53
58451,1
58452,7
58453,9
58454,1
58455,36
58456,24
58457,5
58458,4
58459,18
58460,43
58461,30
58462,3
58463,1
58464,31
58465,24
58466,6
58467,22
58468,8
58469,49
58470,9
58471,40
58472,16
58473,7
58474,9
58475,25
58476,6
58477,8
58478,24
58479,1
58480,39
58481,25
58482,29
58483,43
58484,9
58485,39
58486,2
58487,1
58488,25
58489,7
58490,0
58491,5
58492,7
58493,7
58494,59
58495,24
58496,45
58497,24
58498,3
58499,0
58500,25
58501,5
58502,0
58503,18
58504,0
58505,0
58506,5
58507,6
58508,8
58509,6
58510,3
58511,3
58512,13
58513,5
58514,8
58515,18
58516,15
58517,21
58518,8
58519,19
58520,2
58521,24
58522,4
58523,0
58524,3
58525,53
58526,3
58527,8
58528,7
58529,5
58530,28
58531,4
58532,55
58533,36
58534,49
58535,8
58536,53
58537,0
58538,6
58539,29
58540,7
58541,43
58542,26
58543,9
58544,32
58545,22
58546,6
58547,21
58548,30
58549,9
58550,49
58551,5
58552,8
58553,24
58554,1
58555,18
58556,3
58557,10
58558,8
58559,5
58560,6
58561,0
58562,7
58563,18
58564,16
58565,7
58566,40
58567,1
58568,24
58569,37
58570,23
58571,7
58572,0
58573,6
58574,8
58575,2
58576,10
58577,7
58578,8
58579,7
58580,28
58581,1
58582,30
58583,58
58584,53
58585,42
58586,15
58587,0
58588,5
58589,8
58590,9
58591,30
58592,6
58593,8
58594,1
58595,5
58596,8
58597,6
58598,0
58599,55
58600,3
58601,37
58602,29
58603,9
58604,25
58605,3
58606,1
58607,7
58608,0
58609,55
58610,55
58611,25
58612,7
58613,60
58614,3
58615,8
58616,7
58617,0
58618,1
58619,22
58620,12
58621,52
58622,30
58623,7
58624,0
58625,9
58626,6
58627,8
58628,1
58629,24
58630,6
58631,2
58632,1
58633,0
58634,9
58635,28
58636,4
58637,7
58638,1
58639,59
58640,40
58641,55
58642,29
58643,8
58644,29
58645,25
58646,3
58647,35
58648,7
58649,4
58650,6
58651,0
58652,3
58653,5
58654,15
58655,0
58656,12
58657,5
58658,1
58659,47
58660,9
58661,8
58662,40
58663,2
58664,8
58665,25
58666,53
58667,1
58668,8
58669,53
58670,3
58671,2
58672,5
58673,49
58674,4
58675,5
58676,5
58677,55
58678,58
58679,12
58680,40
58681,49
58682,28
58683,5
58684,28
58685,6
58686,23
58687,17
58688,0
58689,13
58690,1
58691,2
58692,3
58693,46
58694,40
58695,24
58696,1
58697,28
58698,27
58699,5
58700,8
58701,53
58702,30
58703,40
58704,25
58705,1
58706,8
58707,6
58708,7
58709,36
58710,55
58711,4
58712,4
58713,2
58714,7
58715,33
58716,6
58717,29
58718,0
58719,17
58720,9
58721,18
58722,2
58723,47
58724,3
58725,7
58726,7
58727,4
58728,5
58729,0
58730,9
58731,0
58732,36
58733,6
58734,1
58735,3
58736,7
58737,0
58738,9
58739,6
58740,6
58741,7
58742,49
58743,7
58744,24
58745,5
58746,29
58747,4
58748,22
58749,2
58750,55
58751,47
58752,40
58753,5
58754,23
58755,9
58756,49
58757,32
58758,0
58759,29
58760,53
58761,30
58762,7
58763,5
58764,20
58765,19
58766,7
58767,12
58768,55
58769,58
58770,7
58771,26
58772,3
58773,12
58774,1
58775,4
58776,8
58777,1
58778,1
58779,30
58780,28
58781,1
58782,49
58783,24
58784,4
58785,46
58786,7
58787,0
58788,27
58789,8
58790,1
58791,40
58792,23
58793,7
58794,43
58795,1
58796,9
58797,33
58798,28
58799,4
58800,7
58801,46
58802,4
58803,3
58804,1
58805,7
58806,0
58807,17
58808,9
58809,28
58810,17
58811,43
58812,8
58813,6
58814,8
58815,0
58816,20
58817,1
58818,37
58819,7
58820,55
58821,24
58822,3
58823,3
58824,20
58825,2
58826,27
58827,31
58828,4
58829,5
58830,0
58831,43
58832,40
58833,21
58834,31
58835,45
58836,1
58837,53
58838,5
58839,8
58840,0
58841,9
58842,2
58843,1
58844,10
58845,5
58846,30
58847,39
58848,15
58849,53
58850,1
58851,8
58852,3
58853,5
58854,0
58855,53
58856,9
58857,40
58858,15
58859,49
58860,29
58861,30
58862,1
58863,40
58864,2
58865,1
58866,24
58867,1
58868,23
58869,58
58870,53
58871,31
58872,55
58873,36
58874,25
58875,2
58876,8
58877,42
58878,15
58879,7
58880,47
58881,21
58882,24
58883,40
58884,0
58885,7
58886,6
58887,6
58888,29
58889,6
58890,55
58891,3
58892,39
58893,8
58894,40
58895,24
58896,8
58897,43
58898,25
58899,1
58900,59
58901,8
58902,0
58903,25
58904,8
58905,3
58906,2
58907,9
58908,21
58909,9
58910,30
58911,5
58912,2
58913,6
58914,1
58915,1
58916,40
58917,30
58918,39
58919,0
58920,55
58921,55
58922,43
58923,40
58924,6
58925,10
58926,11
58927,23
58928,27
58929,47
58930,1
58931,55
58932,9
58933,15
58934,21
58935,55
58936,1
58937,12
58938,4
58939,7
58940,2
58941,4
58942,1
58943,8
58944,53
58945,25
58946,43
58947,1
58948,3
58949,36
58950,28
58951,8
58952,3
58953,6
58954,58
58955,4
58956,29
58957,8
58958,6
58959,7
58960,25
58961,39
58962,5
58963,7
58964,30
58965,6
58966,7
58967,24
58968,0
58969,28
58970,12
58971,1
58972,7
58973,30
58974,5
58975,19
58976,40
58977,30
58978,55
58979,3
58980,8
58981,36
58982,43
58983,2
58984,4
58985,24
58986,1
58987,9
58988,0
58989,30
58990,33
58991,0
58992,28
58993,36
58994,23
58995,8
58996,15
58997,7
58998,2
58999,30
59000,2
59001,55
59002,9
59003,3
59004,0
59005,5
59006,2
59007,43
59008,9
59009,24
59010,14
59011,28
59012,7
59013,8
59014,7
59015,37
59016,3
59017,5
59018,4
59019,53
59020,19
59021,8
59022,19
59023,1
59024,6
59025,25
59026,4
59027,24
59028,5
59029,25
59030,11
59031,0
59032,5
59033,2
59034,12
59035,6
59036,55
59037,34
59038,8
59039,5
59040,3
59041,4
59042,60
59043,9
59044,24
59045,5
59046,39
59047,22
59048,9
59049,24
59050,8
59051,29
59052,12
59053,55
59054,0
59055,10
59056,1
59057,2
59058,39
59059,4
59060,60
59061,18
59062,1
59063,3
59064,3
59065,25
59066,6
59067,28
59068,8
59069,43
59070,30
59071,5
59072,9
59073,1
59074,59
59075,0
59076,13
59077,1
59078,15
59079,9
59080,4
59081,39
59082,21
59083,40
59084,1
59085,39
59086,3
59087,33
59088,1
59089,39
59090,43
59091,61
59092,1
59093,28
59094,3
59095,4
59096,29
59097,33
59098,8
59099,0
59100,3
59101,0
59102,4
59103,4
59104,0
59105,9
59106,1
59107,6
59108,1
59109,34
59110,3
59111,30
59112,29
59113,0
59114,8
59115,40
59116,42
59117,11
59118,9
59119,28
59120,1
59121,24
59122,8
59123,29
59124,10
59125,3
59126,24
59127,43
59128,27
59129,58
59130,30
59131,23
59132,6
59133,18
59134,0
59135,8
59136,4
59137,7
59138,28
59139,4
59140,35
59141,45
59142,55
59143,8
59144,2
59145,39
59146,5
59147,0
59148,2
59149,28
59150,4
59151,1
59152,1
59153,34
59154,15
59155,8
59156,22
59157,19
59158,29
59159,9
59160,23
59161,5
59162,7
59163,32
59164,7
59165,1
59166,5
59167,0
59168,43
59169,2
59170,5
59171,5
59172,15
59173,1
59174,7
59175,6
59176,8
59177,7
59178,34
59179,4
59180,9
59181,9
59182,8
59183,29
59184,0
59185,4
59186,3
59187,0
59188,8
59189,10
59190,7
59191,0
59192,6
59193,5
59194,25
59195,30
59196,0
59197,2
59198,43
59199,39
59200,3
59201,2
59202,2
59203,55
59204,18
59205,4
59206,6
59207,7
59208,6
59209,0
59210,40
59211,1
59212,3
59213,23
59214,28
59215,6
59216,2
59217,1
59218,25
59219,1
59220,32
59221,4
59222,23
59223,55
59224,24
59225,9
59226,6
59227,2
59228,6
59229,9
59230,1
59231,24
59232,24
59233,2
59234,9
59235,1
59236,0
59237,1
59238,9
59239,12
59240,55
59241,3
59242,36
59243,21
59244,8
59245,23
59246,53
59247,2
59248,24
59249,40
59250,17
59251,40
59252,55
59253,7
59254,9
59255,0
59256,28
59257,40
59258,14
59259,53
59260,21
59261,30
59262,14
59263,0
59264,22
59265,46
59266,22
59267,8
59268,8
59269,7
59270,40
59271,28
59272,1
59273,6
59274,49
59275,5
59276,40
59277,21
59278,4
59279,5
59280,7
59281,1
59282,28
59283,6
59284,1
59285,25
59286,42
59287,0
59288,2
59289,28
59290,25
59291,1
59292,10
59293,0
59294,55
59295,2
59296,3
59297,7
59298,0
59299,0
59300,2
59301,2
59302,9
59303,37
59304,18
59305,7
59306,7
59307,44
59308,2
59309,53
59310,36
59311,19
59312,18
59313,34
59314,30
59315,39
59316,9
59317,1
59318,0
59319,3
59320,40
59321,0
59322,0
59323,23
59324,49
59325,24
59326,3
59327,7
59328,18
59329,39
59330,27
59331,32
59332,2
59333,14
59334,6
59335,1
59336,25
59337,25
59338,9
59339,23
59340,30
59341,24
59342,1
59343,0
59344,1
59345,0
59346,12
59347,1
59348,1
59349,9
59350,1
59351,17
59352,1
59353,2
59354,53
59355,2
59356,24
59357,9
59358,12
59359,1
59360,6
59361,10
59362,0
59363,24
59364,28
59365,4
59366,39
59367,3
59368,5
59369,36
59370,5
59371,11
59372,0
59373,47
59374,49
59375,1
59376,4
59377,5
59378,7
59379,1
59380,7
59381,55
59382,40
59383,9
59384,21
59385,24
59386,0
59387,7
59388,24
59389,28
59390,1
59391,2
59392,23
59393,40
59394,29
59395,28
59396,28
59397,1
59398,21
59399,1
59400,5
59401,0
59402,8
59403,30
59404,9
59405,12
59406,12
59407,31
59408,49
59409,9
59410,2
59411,0
59412,23
59413,30
59414,5
59415,7
59416,0
59417,14
59418,22
59419,3
59420,6
59421,0
59422,8
59423,15
59424,7
59425,40
59426,7
59427,9
59428,13
59429,1
59430,2
59431,58
59432,1
59433,3
59434,6
59435,24
59436,1
59437,56
59438,60
59439,34
59440,5
59441,30
59442,24
59443,2
59444,9
59445,7
59446,24
59447,7
59448,9
59449,23
59450,0
59451,0
59452,6
59453,9
59454,36
59455,31
59456,3
59457,42
59458,3
59459,4
59460,1
59461,27
59462,3
59463,31
59464,40
59465,1
59466,5
59467,3
59468,5
59469,2
59470,9
59471,2
59472,2
59473,7
59474,30
59475,3
59476,56
59477,8
59478,4
59479,0
59480,2
59481,2
59482,14
59483,53
59484,39
59485,7
59486,12
59487,1
59488,7
59489,7
59490,0
59491,3
59492,2
59493,13
59494,4
59495,3
59496,7
59497,11
59498,2
59499,18
59500,4
59501,0
59502,55
59503,9
59504,53
59505,28
59506,55
59507,24
59508,43
59509,8
59510,36
59511,15
59512,23
59513,7
59514,8
59515,8
59516,3
59517,9
59518,30
59519,7
59520,4
59521,43
59522,25
59523,7
59524,28
59525,1
59526,55
59527,40
59528,1
59529,5
59530,28
59531,53
59532,53
59533,40
59534,10
59535,15
59536,3
59537,8
59538,0
59539,25
59540,43
59541,49
59542,28
59543,53
59544,0
59545,22
59546,5
59547,5
59548,5
59549,4
59550,9
59551,4
59552,40
59553,1
59554,36
59555,1
59556,3
59557,7
59558,40
59559,53
59560,40
59561,18
59562,5
59563,6
59564,1
59565,24
59566,24
59567,6
59568,2
59569,6
59570,2
59571,0
59572,1
59573,0
59574,55
59575,7
59576,8
59577,36
59578,4
59579,28
59580,24
59581,25
59582,43
59583,3
59584,53
59585,3
59586,42
59587,12
59588,13
59589,10
59590,3
59591,6
59592,28
59593,34
59594,4
59595,53
59596,59
59597,5
59598,9
59599,55
59600,2
59601,0
59602,0
59603,2
59604,39
59605,42
59606,9
59607,15
59608,21
59609,49
59610,22
59611,9
59612,29
59613,7
59614,6
59615,29
59616,58
59617,3
59618,30
59619,6
59620,5
59621,15
59622,3
59623,0
59624,5
59625,53
59626,28
59627,2
59628,5
59629,0
59630,5
59631,18
59632,0
59633,23
59634,8
59635,24
59636,55
59637,43
59638,4
59639,46
59640,55
59641,4
59642,24
59643,22
59644,27
59645,2
59646,52
59647,11
59648,3
59649,36
59650,2
59651,29
59652,2
59653,1
59654,2
59655,7
59656,9
59657,0
59658,20
59659,24
59660,4
59661,1
59662,3
59663,3
59664,10
59665,53
59666,16
59667,49
59668,29
59669,40
59670,13
59671,39
59672,23
59673,4
59674,56
59675,8
59676,7
59677,49
59678,20
59679,43
59680,18
59681,2
59682,0
59683,32
59684,17
59685,2
59686,4
59687,1
59688,5
59689,49
59690,1
59691,40
59692,9
59693,0
59694,2
59695,1
59696,1
59697,55
59698,53
59699,4
59700,15
59701,1
59702,0
59703,53
59704,1
59705,9
59706,15
59707,9
59708,24
59709,4
59710,15
59711,7
59712,10
59713,2
59714,24
59715,5
59716,30
59717,6
59718,29
59719,9
59720,11
59721,25
59722,2
59723,5
59724,11
59725,35
59726,2
59727,23
59728,5
59729,58
59730,21
59731,4
59732,5
59733,9
59734,1
59735,61
59736,2
59737,28
59738,8
59739,53
59740,34
59741,15
59742,34
59743,12
59744,15
59745,0
59746,22
59747,46
59748,24
59749,28
59750,10
59751,2
59752,25
59753,28
59754,9
59755,7
59756,4
59757,7
59758,12
59759,1
59760,23
59761,40
59762,37
59763,40
59764,17
59765,3
59766,40
59767,1
59768,21
59769,43
59770,29
59771,8
59772,36
59773,40
59774,6
59775,5
59776,0
59777,0
59778,28
59779,5
59780,3
59781,0
59782,40
59783,3
59784,6
59785,28
59786,12
59787,8
59788,7
59789,39
59790,25
59791,5
59792,53
59793,22
59794,19
59795,14
59796,9
59797,2
59798,44
59799,57
59800,1
59801,2
59802,1
59803,15
59804,12
59805,8
59806,3
59807,49
59808,32
59809,8
59810,8
59811,5
59812,14
59813,14
59814,19
59815,7
59816,29
59817,0
59818,2
59819,22
59820,1
59821,24
59822,40
59823,7
59824,22
59825,0
59826,40
59827,6
59828,4
59829,40
59830,8
59831,40
59832,1
59833,9
59834,0
59835,28
59836,0
59837,31
59838,8
59839,28
59840,1
59841,15
59842,12
59843,9
59844,3
59845,7
59846,31
59847,3
59848,39
59849,5
59850,9
59851,27
59852,28
59853,0
59854,35
59855,40
59856,24
59857,1
59858,2
59859,39
59860,13
59861,30
59862,8
59863,31
59864,9
59865,2
59866,46
59867,53
59868,7
59869,8
59870,45
59871,6
59872,1
59873,40
59874,17
59875,22
59876,0
59877,8
59878,16
59879,0
59880,21
59881,13
59882,8
59883,52
59884,25
59885,8
59886,18
59887,7
59888,1
59889,1
59890,24
59891,23
59892,6
59893,30
59894,21
59895,29
59896,16
59897,36
59898,6
59899,3
59900,4
59901,9
59902,59
59903,28
59904,9
59905,23
59906,25
59907,0
59908,9
59909,0
59910,21
59911,25
59912,15
59913,25
59914,7
59915,9
59916,27
59917,2
59918,28
59919,6
59920,34
59921,5
59922,9
59923,24
59924,7
59925,28
59926,6
59927,0
59928,39
59929,8
59930,6
59931,32
59932,25
59933,26
59934,8
59935,53
59936,2
59937,40
59938,40
59939,7
59940,0
59941,17
59942,28
59943,2
59944,4
59945,45
59946,1
59947,40
59948,39
59949,37
59950,4
59951,55
59952,9
59953,59
59954,0
59955,37
59956,4
59957,18
59958,3
59959,4
59960,6
59961,4
59962,3
59963,8
59964,55
59965,0
59966,3
59967,5
59968,49
59969,3
59970,30
59971,28
59972,3
59973,49
59974,3
59975,39
59976,2
59977,3
59978,0
59979,3
59980,1
59981,9
59982,2
59983,42
59984,8
59985,4
59986,15
59987,0
59988,8
59989,25
59990,5
59991,0
59992,47
59993,47
59994,4
59995,9
59996,2
59997,7
59998,1
59999,40
60000,7
60001,1
60002,24
60003,3
60004,32
60005,21
60006,6
60007,7
60008,40
60009,1
60010,6
60011,4
60012,34
60013,40
60014,12
60015,53
60016,9
60017,10
60018,17
60019,2
60020,5
60021,44
60022,2
60023,39
60024,18
60025,24
60026,4
60027,34
60028,8
60029,24
60030,30
60031,30
60032,53
60033,47
60034,8
60035,7
60036,28
60037,28
60038,6
60039,0
60040,4
60041,1
60042,24
60043,34
60044,1
60045,45
60046,31
60047,24
60048,7
60049,7
60050,5
60051,29
60052,9
60053,30
60054,1
60055,3
60056,4
60057,55
60058,59
60059,7
60060,7
60061,49
60062,0
60063,4
60064,0
60065,2
60066,8
60067,6
60068,1
60069,6
60070,24
60071,0
60072,1
60073,53
60074,2
60075,0
60076,6
60077,34
60078,5
60079,0
60080,2
60081,1
60082,8
60083,53
60084,25
60085,20
60086,5
60087,55
60088,28
60089,9
60090,55
60091,49
60092,33
60093,40
60094,0
60095,53
60096,23
60097,30
60098,28
60099,28
60100,9
60101,7
60102,43
60103,3
60104,8
60105,55
60106,40
60107,16
60108,5
60109,21
60110,18
60111,39
60112,31
60113,13
60114,1
60115,29
60116,36
60117,12
60118,0
60119,1
60120,3
60121,8
60122,4
60123,5
60124,8
60125,27
60126,24
60127,7
60128,3
60129,7
60130,8
60131,23
60132,4
60133,40
60134,9
60135,24
60136,12
60137,40
60138,28
60139,49
60140,1
60141,8
60142,9
60143,6
60144,3
60145,1
60146,8
60147,40
60148,40
60149,7
60150,3
60151,27
60152,6
60153,36
60154,23
60155,24
60156,18
60157,49
60158,14
60159,9
60160,55
60161,43
60162,24
60163,5
60164,53
60165,29
60166,55
60167,28
60168,3
60169,0
60170,28
60171,30
60172,31
60173,0
60174,2
60175,4
60176,40
60177,8
60178,1
60179,24
60180,1
60181,13
60182,43
60183,37
60184,9
60185,6
60186,6
60187,27
60188,55
60189,1
60190,53
60191,0
60192,28
60193,2
60194,15
60195,55
60196,17
60197,4
60198,37
60199,7
60200,7
60201,11
60202,17
60203,49
60204,1
60205,5
60206,0
60207,33
60208,29
60209,12
60210,6
60211,40
60212,9
60213,25
60214,3
60215,55
60216,6
60217,3
60218,22
60219,55
60220,34
60221,21
60222,22
60223,34
60224,31
60225,1
60226,0
60227,55
60228,8
60229,43
60230,7
60231,9
60232,35
60233,8
60234,17
60235,29
60236,30
60237,32
60238,27
60239,24
60240,3
60241,0
60242,12
60243,7
60244,49
60245,6
60246,6
60247,40
60248,3
60249,5
60250,31
60251,6
60252,55
60253,22
60254,6
60255,0
60256,2
60257,0
60258,36
60259,4
60260,47
60261,2
60262,28
60263,5
60264,21
60265,5
60266,6
60267,5
60268,19
60269,22
60270,5
60271,12
60272,4
60273,7
60274,5
60275,7
60276,1
60277,2
60278,15
60279,7
60280,55
60281,4
60282,1
60283,1
60284,28
60285,1
60286,1
60287,7
60288,43
60289,43
60290,9
60291,7
60292,3
60293,26
60294,1
60295,20
60296,15
60297,0
60298,30
60299,8
60300,35
60301,4
60302,25
60303,5
60304,37
60305,7
60306,24
60307,1
60308,8
60309,2
60310,28
60311,7
60312,16
60313,30
60314,4
60315,23
60316,18
60317,6
60318,8
60319,8
60320,12
60321,1
60322,8
60323,24
60324,5
60325,2
60326,36
60327,4
60328,1
60329,0
60330,8
60331,30
60332,4
60333,37
60334,39
60335,29
60336,4
60337,13
60338,29
60339,53
60340,7
60341,12
60342,55
60343,40
60344,12
60345,6
60346,53
60347,15
60348,1
60349,29
60350,24
60351,11
60352,6
60353,0
60354,25
60355,7
60356,0
60357,7
60358,3
60359,53
60360,28
60361,43
60362,1
60363,22
60364,6
60365,18
60366,43
60367,1
60368,42
60369,13
60370,1
60371,18
60372,55
60373,1
60374,34
60375,6
60376,1
60377,43
60378,1
60379,3
60380,28
60381,21
60382,28
60383,49
60384,34
60385,30
60386,27
60387,9
60388,1
60389,55
60390,28
60391,8
60392,6
60393,0
60394,40
60395,3
60396,42
60397,8
60398,32
60399,5
60400,15
60401,28
60402,53
60403,14
60404,0
60405,40
60406,7
60407,7
60408,18
60409,19
60410,31
60411,55
60412,2
60413,14
60414,7
60415,46
60416,1
60417,11
60418,7
60419,2
60420,2
60421,7
60422,5
60423,6
60424,2
60425,32
60426,6
60427,28
60428,36
60429,9
60430,1
60431,1
60432,40
60433,34
60434,2
60435,7
60436,24
60437,28
60438,7
60439,25
60440,18
60441,12
60442,4
60443,8
60444,24
60445,18
60446,12
60447,4
60448,0
60449,7
60450,46
60451,9
60452,9
60453,21
60454,53
60455,8
60456,8
60457,1
60458,1
60459,9
60460,40
60461,8
60462,30
60463,4
60464,7
60465,30
60466,4
60467,0
60468,33
60469,5
60470,7
60471,5
60472,24
60473,8
60474,25
60475,1
60476,2
60477,7
60478,43
60479,39
60480,53
60481,35
60482,53
60483,55
60484,16
60485,46
60486,40
60487,35
60488,4
60489,5
60490,8
60491,30
60492,36
60493,46
60494,43
60495,9
60496,7
60497,9
60498,21
60499,53
60500,2
60501,1
60502,40
60503,4
60504,10
60505,4
60506,12
60507,21
60508,28
60509,30
60510,35
60511,40
60512,7
60513,6
60514,0
60515,1
60516,5
60517,0
60518,9
60519,0
60520,24
60521,9
60522,3
60523,25
60524,20
60525,7
60526,4
60527,28
60528,1
60529,10
60530,1
60531,7
60532,7
60533,7
60534,9
60535,3
60536,1
60537,30
60538,9
60539,0
60540,4
60541,10
60542,4
60543,1
60544,0
60545,27
60546,0
60547,40
60548,7
60549,22
60550,30
60551,5
60552,34
60553,30
60554,6
60555,12
60556,14
60557,40
60558,3
60559,6
60560,2
60561,36
60562,31
60563,8
60564,43
60565,4
60566,13
60567,6
60568,1
60569,3
60570,6
60571,1
60572,6
60573,24
60574,28
60575,4
60576,19
60577,43
60578,1
60579,9
60580,1
60581,37
60582,1
60583,5
60584,8
60585,30
60586,1
60587,9
60588,18
60589,9
60590,24
60591,55
60592,7
60593,8
60594,0
60595,3
60596,18
60597,3
60598,53
60599,21
60600,9
60601,28
60602,8
60603,7
60604,6
60605,55
60606,9
60607,30
60608,2
60609,44
60610,10
60611,2
60612,53
60613,53
60614,9
60615,1
60616,24
60617,11
60618,3
60619,24
60620,25
60621,0
60622,18
60623,0
60624,7
60625,46
60626,28
60627,4
60628,7
60629,2
60630,23
60631,5
60632,7
60633,9
60634,8
60635,5
60636,40
60637,3
60638,4
60639,14
60640,6
60641,0
60642,8
60643,30
60644,0
60645,17
60646,18
60647,21
60648,59
60649,5
60650,4
60651,7
60652,36
60653,43
60654,5
60655,40
60656,3
60657,2
60658,9
60659,21
60660,40
60661,1
60662,28
60663,2
60664,40
60665,21
60666,3
60667,6
60668,4
60669,36
60670,7
60671,5
60672,6
60673,23
60674,2
60675,14
60676,12
60677,36
60678,1
60679,7
60680,27
60681,34
60682,7
60683,18
60684,11
60685,24
60686,5
60687,37
60688,22
60689,28
60690,46
60691,37
60692,9
60693,8
60694,15
60695,7
60696,7
60697,55
60698,3
60699,21
60700,39
60701,12
60702,12
60703,3
60704,7
60705,28
60706,5
60707,39
60708,5
60709,6
60710,40
60711,18
60712,9
60713,6
60714,36
60715,7
60716,2
60717,28
60718,53
60719,15
60720,3
60721,24
60722,13
60723,25
60724,15
60725,0
60726,3
60727,8
60728,29
60729,31
60730,14
60731,4
60732,1
60733,23
60734,2
60735,34
60736,2
60737,1
60738,29
60739,55
60740,3
60741,13
60742,3
60743,39
60744,1
60745,55
60746,21
60747,2
60748,36
60749,10
60750,2
60751,3
60752,53
60753,49
60754,0
60755,30
60756,0
60757,4
60758,2
60759,28
60760,39
60761,3
60762,2
60763,40
60764,9
60765,19
60766,39
60767,3
60768,7
60769,24
60770,25
60771,9
60772,7
60773,6
60774,47
60775,1
60776,6
60777,24
60778,23
60779,6
60780,39
60781,5
60782,30
60783,1
60784,40
60785,23
60786,40
60787,3
60788,7
60789,6
60790,0
60791,28
60792,0
60793,29
60794,36
60795,7
60796,1
60797,1
60798,9
60799,35
60800,6
60801,12
60802,23
60803,17
60804,30
60805,52
60806,24
60807,36
60808,1
60809,30
60810,8
60811,28
60812,29
60813,6
60814,55
60815,1
60816,1
60817,40
60818,53
60819,0
60820,7
60821,12
60822,14
60823,22
60824,5
60825,2
60826,37
60827,55
60828,3
60829,2
60830,6
60831,9
60832,6
60833,40
60834,25
60835,5
60836,49
60837,17
60838,3
60839,40
60840,6
60841,39
60842,7
60843,5
60844,8
60845,8
60846,1
60847,9
60848,59
60849,36
60850,23
60851,29
60852,40
60853,24
60854,40
60855,34
60856,0
60857,4
60858,6
60859,34
60860,40
60861,9
60862,5
60863,1
60864,0
60865,55
60866,5
60867,6
60868,4
60869,40
60870,47
60871,44
60872,30
60873,14
60874,21
60875,2
60876,0
60877,0
60878,29
60879,5
60880,6
60881,5
60882,4
60883,3
60884,7
60885,8
60886,1
60887,6
60888,7
60889,55
60890,1
60891,11
60892,43
60893,47
60894,53
60895,23
60896,33
60897,53
60898,8
60899,42
60900,44
60901,13
60902,28
60903,19
60904,15
60905,6
60906,12
60907,2
60908,6
60909,1
60910,2
60911,1
60912,1
60913,3
60914,3
60915,22
60916,43
60917,7
60918,7
60919,7
60920,35
60921,53
60922,40
60923,7
60924,53
60925,24
60926,7
60927,6
60928,9
60929,3
60930,49
60931,2
60932,4
60933,29
60934,0
60935,33
60936,5
60937,55
60938,55
60939,5
60940,6
60941,43
60942,53
60943,36
60944,4
60945,9
60946,30
60947,43
60948,24
60949,30
60950,5
60951,49
60952,1
60953,55
60954,32
60955,40
60956,6
60957,3
60958,24
60959,24
60960,29
60961,0
60962,40
60963,2
60964,55
60965,1
60966,2
60967,0
60968,9
60969,28
60970,9
60971,1
60972,1
60973,22
60974,4
60975,0
60976,2
60977,13
60978,55
60979,2
60980,6
60981,2
60982,9
60983,1
60984,5
60985,7
60986,40
60987,55
60988,28
60989,33
60990,1
60991,7
60992,24
60993,32
60994,2
60995,30
60996,0
60997,30
60998,2
60999,2
61000,8
61001,1
61002,8
61003,9
61004,33
61005,30
61006,40
61007,4
61008,11
61009,5
61010,7
61011,40
61012,16
61013,1
61014,15
61015,1
61016,8
61017,11
61018,9
61019,8
61020,53
61021,9
61022,53
61023,30
61024,12
61025,29
61026,1
61027,33
61028,15
61029,28
61030,40
61031,3
61032,40
61033,43
61034,5
61035,6
61036,46
61037,6
61038,5
61039,2
61040,23
61041,0
61042,9
61043,12
61044,8
61045,35
61046,49
61047,8
61048,24
61049,27
61050,4
61051,42
61052,8
61053,8
61054,4
61055,3
61056,1
61057,2
61058,2
61059,29
61060,37
61061,0
61062,8
61063,3
61064,24
61065,2
61066,34
61067,9
61068,2
61069,40
61070,55
61071,18
61072,28
61073,36
61074,9
61075,7
61076,24
61077,3
61078,28
61079,24
61080,0
61081,6
61082,5
61083,3
61084,43
61085,29
61086,15
61087,53
61088,36
61089,4
61090,7
61091,0
61092,9
61093,2
61094,34
61095,24
61096,1
61097,43
61098,7
61099,3
61100,34
61101,9
61102,9
61103,28
61104,7
61105,9
61106,28
61107,30
61108,28
61109,22
61110,7
61111,1
61112,7
61113,0
61114,32
61115,6
61116,17
61117,2
61118,4
61119,9
61120,1
61121,8
61122,4
61123,4
61124,7
61125,2
61126,2
61127,16
61128,43
61129,22
61130,0
61131,0
61132,11
61133,3
61134,49
61135,2
61136,0
61137,2
61138,1
61139,30
61140,40
61141,16
61142,5
61143,5
61144,3
61145,23
61146,1
61147,53
61148,1
61149,9
61150,2
61151,6
61152,0
61153,7
61154,40
61155,7
61156,34
61157,0
61158,1
61159,26
61160,22
61161,8
61162,4
61163,13
61164,39
61165,28
61166,7
61167,34
61168,24
61169,9
61170,43
61171,49
61172,3
61173,43
61174,2
61175,8
61176,40
61177,2
61178,9
61179,23
61180,43
61181,61
61182,2
61183,23
61184,49
61185,22
61186,43
61187,31
61188,24
61189,4
61190,60
61191,9
61192,40
61193,8
61194,25
61195,5
61196,31
61197,32
61198,9
61199,4
61200,34
61201,53
61202,8
61203,22
61204,14
61205,24
61206,55
61207,5
61208,9
61209,22
61210,39
61211,2
61212,40
61213,55
61214,40
61215,8
61216,7
61217,25
61218,1
61219,5
61220,2
61221,0
61222,40
61223,40
61224,8
61225,7
61226,1
61227,2
61228,29
61229,25
61230,26
61231,55
61232,1
61233,1
61234,6
61235,9
61236,5
61237,5
61238,26
61239,1
61240,5
61241,9
61242,34
61243,2
61244,19
61245,1
61246,7
61247,5
61248,5
61249,8
61250,40
61251,1
61252,13
61253,6
61254,24
61255,9
61256,9
61257,6
61258,27
61259,39
61260,22
61261,49
61262,3
61263,1
61264,13
61265,7
61266,3
61267,49
61268,55
61269,40
61270,1
61271,9
61272,28
61273,7
61274,7
61275,40
61276,0
61277,12
61278,0
61279,8
61280,4
61281,15
61282,13
61283,6
61284,10
61285,40
61286,43
61287,24
61288,0
61289,40
61290,29
61291,0
61292,4
61293,15
61294,22
61295,4
61296,2
61297,7
61298,1
61299,27
61300,6
61301,60
61302,55
61303,7
61304,1
61305,31
61306,8
61307,1
61308,34
61309,47
61310,55
61311,28
61312,0
61313,20
61314,28
61315,9
61316,8
61317,15
61318,30
61319,40
61320,23
61321,25
61322,6
61323,6
61324,9
61325,0
61326,27
61327,25
61328,30
61329,1
61330,52
61331,28
61332,8
61333,60
61334,11
61335,33
61336,4
61337,55
61338,0
61339,4
61340,39
61341,8
61342,7
61343,1
61344,40
61345,0
61346,9
61347,2
61348,2
61349,31
61350,11
61351,14
61352,6
61353,30
61354,20
61355,7
61356,9
61357,14
61358,2
61359,1
61360,8
61361,53
61362,23
61363,4
61364,8
61365,7
61366,24
61367,6
61368,2
61369,32
61370,58
61371,14
61372,7
61373,6
61374,4
61375,3
61376,49
61377,43
61378,40
61379,28
61380,0
61381,25
61382,1
61383,1
61384,28
61385,2
61386,25
61387,7
61388,40
61389,28
61390,15
61391,55
61392,24
61393,2
61394,0
61395,8
61396,9
61397,6
61398,2
61399,12
61400,19
61401,29
61402,23
61403,3
61404,8
61405,14
61406,7
61407,10
61408,4
61409,23
61410,1
61411,0
61412,36
61413,7
61414,9
61415,3
61416,23
61417,5
61418,1
61419,7
61420,2
61421,55
61422,2
61423,24
61424,4
61425,32
61426,4
61427,45
61428,47
61429,9
61430,40
61431,6
61432,0
61433,4
61434,8
61435,40
61436,6
61437,40
61438,12
61439,3
61440,18
61441,3
61442,19
61443,43
61444,1
61445,22
61446,30
61447,1
61448,1
61449,3
61450,12
61451,39
61452,2
61453,0
61454,39
61455,5
61456,31
61457,5
61458,30
61459,40
61460,9
61461,30
61462,30
61463,2
61464,2
61465,49
61466,8
61467,24
61468,53
61469,7
61470,6
61471,1
61472,32
61473,9
61474,25
61475,1
61476,2
61477,29
61478,27
61479,28
61480,28
61481,55
61482,4
61483,55
61484,3
61485,2
61486,22
61487,6
61488,29
61489,42
61490,8
61491,28
61492,32
61493,40
61494,10
61495,6
61496,43
61497,34
61498,9
61499,4
61500,40
61501,25
61502,8
61503,2
61504,1
61505,2
61506,49
61507,2
61508,4
61509,5
61510,7
61511,0
61512,3
61513,0
61514,53
61515,3
61516,55
61517,7
61518,24
61519,3
61520,40
61521,6
61522,49
61523,2
61524,11
61525,6
61526,27
61527,9
61528,8
61529,31
61530,47
61531,2
61532,28
61533,1
61534,0
61535,30
61536,4
61537,61
61538,1
61539,31
61540,1
61541,1
61542,7
61543,48
61544,0
61545,1
61546,2
61547,7
61548,0
61549,18
61550,22
61551,9
61552,1
61553,25
61554,1
61555,9
61556,53
61557,4
61558,55
61559,9
61560,8
61561,15
61562,9
61563,7
61564,12
61565,55
61566,28
61567,24
61568,0
61569,43
61570,6
61571,43
61572,8
61573,3
61574,24
61575,18
61576,28
61577,32
61578,5
61579,1
61580,7
61581,2
61582,48
61583,28
61584,5
61585,12
61586,21
61587,22
61588,32
61589,53
61590,3
61591,4
61592,24
61593,15
61594,5
61595,3
61596,4
61597,7
61598,3
61599,7
61600,36
61601,25
61602,4
61603,9
61604,1
61605,43
61606,2
61607,55
61608,24
61609,32
61610,8
61611,39
61612,12
61613,24
61614,11
61615,28
61616,2
61617,2
61618,3
61619,2
61620,14
61621,55
61622,1
61623,1
61624,0
61625,8
61626,3
61627,1
61628,46
61629,39
61630,8
61631,30
61632,24
61633,0
61634,3
61635,25
61636,14
61637,15
61638,8
61639,2
61640,0
61641,6
61642,1
61643,31
61644,6
61645,6
61646,43
61647,1
61648,1
61649,8
61650,1
61651,24
61652,2
61653,55
61654,27
61655,8
61656,21
61657,8
61658,49
61659,0
61660,53
61661,1
61662,40
61663,1
61664,1
61665,4
61666,2
61667,59
61668,45
61669,53
61670,28
61671,22
61672,22
61673,24
61674,16
61675,40
61676,2
61677,49
61678,15
61679,15
61680,1
61681,28
61682,28
61683,9
61684,8
61685,6
61686,32
61687,6
61688,4
61689,34
61690,3
61691,36
61692,55
61693,3
61694,16
61695,1
61696,3
61697,8
61698,9
61699,6
61700,44
61701,0
61702,7
61703,1
61704,10
61705,7
61706,30
61707,15
61708,8
61709,1
61710,55
61711,23
61712,3
61713,55
61714,12
61715,4
61716,3
61717,7
61718,0
61719,9
61720,49
61721,5
61722,2
61723,0
61724,2
61725,34
61726,36
61727,4
61728,24
61729,40
61730,5
61731,49
61732,7
61733,15
61734,6
61735,0
61736,1
61737,6
61738,30
61739,40
61740,7
61741,0
61742,24
61743,33
61744,53
61745,43
61746,4
61747,7
61748,18
61749,1
61750,53
61751,40
61752,2
61753,3
61754,28
61755,0
61756,9
61757,30
61758,32
61759,28
61760,49
61761,9
61762,0
61763,3
61764,34
61765,30
61766,53
61767,31
61768,6
61769,4
61770,24
61771,10
61772,35
61773,6
61774,1
61775,6
61776,7
61777,2
61778,7
61779,53
61780,30
61781,5
61782,5
61783,7
61784,29
61785,47
61786,28
61787,0
61788,0
61789,11
61790,12
61791,22
61792,43
61793,14
61794,1
61795,34
61796,13
61797,15
61798,28
61799,1
61800,9
61801,18
61802,9
61803,42
61804,28
61805,2
61806,34
61807,7
61808,49
61809,0
61810,3
61811,49
61812,9
61813,7
61814,0
61815,12
61816,45
61817,3
61818,58
61819,7
61820,40
61821,7
61822,43
61823,1
61824,19
61825,43
61826,32
61827,10
61828,7
61829,5
61830,39
61831,52
61832,9
61833,39
61834,7
61835,9
61836,24
61837,6
61838,5
61839,25
61840,0
61841,28
61842,55
61843,24
61844,1
61845,31
61846,9
61847,37
61848,6
61849,9
61850,15
61851,28
61852,25
61853,34
61854,2
61855,15
61856,24
61857,36
61858,0
61859,24
61860,1
61861,7
61862,49
61863,2
61864,8
61865,34
61866,28
61867,30
61868,5
61869,49
61870,39
61871,5
61872,3
61873,6
61874,33
61875,2
61876,2
61877,6
61878,2
61879,23
61880,24
61881,27
61882,3
61883,18
61884,0
61885,6
61886,40
61887,40
61888,1
61889,53
61890,1
61891,59
61892,8
61893,3
61894,40
61895,8
61896,5
61897,9
61898,5
61899,7
61900,6
61901,8
61902,19
61903,55
61904,46
61905,40
61906,49
61907,7
61908,2
61909,4
61910,2
61911,24
61912,2
61913,0
61914,5
61915,12
61916,1
61917,1
61918,15
61919,4
61920,1
61921,1
61922,29
61923,5
61924,37
61925,20
61926,7
61927,8
61928,19
61929,6
61930,8
61931,22
61932,39
61933,5
61934,36
61935,55
61936,9
61937,36
61938,2
61939,2
61940,4
61941,1
61942,40
61943,0
61944,23
61945,3
61946,59
61947,24
61948,2
61949,31
61950,60
61951,30
61952,43
61953,42
61954,6
61955,22
61956,53
61957,29
61958,29
61959,6
61960,8
61961,2
61962,1
61963,25
61964,9
61965,45
61966,32
61967,36
61968,0
61969,55
61970,28
61971,4
61972,45
61973,28
61974,29
61975,5
61976,3
61977,7
61978,9
61979,22
61980,1
61981,40
61982,0
61983,29
61984,9
61985,31
61986,7
61987,43
61988,6
61989,3
61990,7
61991,25
61992,8
61993,11
61994,4
61995,1
61996,55
61997,53
61998,7
61999,7
62000,0
62001,39
62002,9
62003,6
62004,18
62005,9
62006,1
62007,6
62008,18
62009,8
62010,2
62011,30
62012,26
62013,24
62014,4
62015,39
62016,0
62017,4
62018,13
62019,3
62020,0
62021,24
62022,10
62023,14
62024,7
62025,37
62026,30
62027,1
62028,29
62029,4
62030,21
62031,9
62032,5
62033,7
62034,8
62035,2
62036,40
62037,21
62038,25
62039,28
62040,3
62041,1
62042,40
62043,3
62044,23
62045,9
62046,40
62047,23
62048,9
62049,0
62050,34
62051,2
62052,43
62053,12
62054,1
62055,28
62056,33
62057,23
62058,0
62059,23
62060,1
62061,40
62062,58
62063,5
62064,16
62065,9
62066,42
62067,20
62068,14
62069,7
62070,8
62071,0
62072,3
62073,12
62074,55
62075,49
62076,42
62077,4
62078,8
62079,13
62080,18
62081,7
62082,17
62083,5
62084,3
62085,36
62086,8
62087,6
62088,36
62089,10
62090,6
62091,7
62092,1
62093,42
62094,23
62095,43
62096,59
62097,23
62098,6
62099,8
62100,4
62101,2
62102,9
62103,4
62104,24
62105,36
62106,9
62107,27
62108,12
62109,25
62110,5
62111,49
62112,1
62113,1
62114,7
62115,24
62116,5
62117,47
62118,9
62119,24
62120,40
62121,1
62122,3
62123,1
62124,7
62125,31
62126,4
62127,10
62128,40
62129,0
62130,0
62131,8
62132,59
62133,36
62134,5
62135,4
62136,31
62137,7
62138,0
62139,13
62140,3
62141,5
62142,15
62143,2
62144,2
62145,12
62146,4
62147,2
62148,4
62149,15
62150,4
62151,46
62152,11
62153,28
62154,24
62155,29
62156,36
62157,40
62158,3
62159,31
62160,8
62161,19
62162,30
62163,1
62164,55
62165,2
62166,6
62167,4
62168,9
62169,35
62170,5
62171,0
62172,36
62173,1
62174,13
62175,24
62176,53
62177,49
62178,7
62179,6
62180,17
62181,26
62182,22
62183,3
62184,53
62185,34
62186,1
62187,14
62188,35
62189,40
62190,7
62191,28
62192,8
62193,2
62194,25
62195,8
62196,2
62197,3
62198,1
62199,36
62200,39
62201,36
62202,0
62203,3
62204,7
62205,35
62206,11
62207,40
62208,24
62209,2
62210,36
62211,6
62212,0
62213,4
62214,9
62215,12
62216,9
62217,6
62218,7
62219,4
62220,5
62221,23
62222,2
62223,5
62224,27
62225,55
62226,6
62227,39
62228,30
62229,21
62230,26
62231,1
62232,15
62233,14
62234,0
62235,40
62236,1
62237,7
62238,19
62239,36
62240,9
62241,42
62242,55
62243,1
62244,19
62245,6
62246,1
62247,28
62248,6
62249,28
62250,25
62251,5
62252,5
62253,0
62254,53
62255,20
62256,7
62257,7
62258,24
62259,4
62260,1
62261,2
62262,9
62263,0
62264,0
62265,55
62266,2
62267,40
62268,5
62269,6
62270,7
62271,8
62272,22
62273,3
62274,49
62275,9
62276,5
62277,2
62278,0
62279,0
62280,34
62281,6
62282,3
62283,9
62284,55
62285,30
62286,8
62287,2
62288,58
62289,36
62290,2
62291,8
62292,5
62293,1
62294,15
62295,1
62296,39
62297,3
62298,5
62299,4
62300,10
62301,47
62302,43
62303,9
62304,3
62305,0
62306,24
62307,8
62308,34
62309,2
62310,5
62311,24
62312,3
62313,1
62314,0
62315,1
62316,1
62317,52
62318,4
62319,49
62320,18
62321,16
62322,4
62323,7
62324,33
62325,7
62326,11
62327,4
62328,9
62329,6
62330,2
62331,53
62332,0
62333,0
62334,25
62335,1
62336,53
62337,7
62338,4
62339,3
62340,60
62341,29
62342,3
62343,0
62344,19
62345,9
62346,5
62347,49
62348,6
62349,39
62350,6
62351,3
62352,4
62353,53
62354,0
62355,28
62356,8
62357,12
62358,42
62359,55
62360,34
62361,39
62362,7
62363,8
62364,53
62365,18
62366,9
62367,17
62368,22
62369,7
62370,1
62371,1
62372,24
62373,6
62374,1
62375,53
62376,3
62377,2
62378,40
62379,24
62380,0
62381,7
62382,60
62383,9
62384,0
62385,59
62386,32
62387,1
62388,10
62389,55
62390,1
62391,0
62392,1
62393,3
62394,34
62395,23
62396,0
62397,8
62398,55
62399,1
62400,24
62401,2
62402,4
62403,13
62404,4
62405,53
62406,5
62407,55
62408,2
62409,24
62410,9
62411,3
62412,2
62413,1
62414,15
62415,10
62416,27
62417,3
62418,30
62419,13
62420,7
62421,12
62422,34
62423,7
62424,12
62425,24
62426,9
62427,12
62428,45
62429,6
62430,6
62431,2
62432,30
62433,4
62434,28
62435,24
62436,39
62437,29
62438,4
62439,8
62440,24
62441,12
62442,56
62443,33
62444,39
62445,40
62446,1
62447,4
62448,0
62449,20
62450,2
62451,4
62452,4
62453,9
62454,40
62455,6
62456,8
62457,5
62458,0
62459,29
62460,23
62461,9
62462,34
62463,3
62464,3
62465,7
62466,18
62467,22
62468,6
62469,36
62470,33
62471,39
62472,21
62473,0
62474,3
62475,8
62476,39
62477,7
62478,28
62479,1
62480,55
62481,4
62482,7
62483,2
62484,55
62485,4
62486,53
62487,58
62488,9
62489,0
62490,53
62491,18
62492,8
62493,40
62494,2
62495,43
62496,40
62497,55
62498,9
62499,25
62500,20
62501,1
62502,2
62503,24
62504,5
62505,23
62506,1
62507,8
62508,21
62509,29
62510,29
62511,30
62512,53
62513,22
62514,40
62515,10
62516,1
62517,1
62518,15
62519,0
62520,25
62521,53
62522,2
62523,40
62524,6
62525,29
62526,27
62527,26
62528,49
62529,0
62530,24
62531,21
62532,8
62533,25
62534,5
62535,30
62536,0
62537,61
62538,28
62539,32
62540,2
62541,53
62542,24
62543,9
62544,5
62545,17
62546,24
62547,18
62548,6
62549,16
62550,8
62551,6
62552,40
62553,5
62554,2
62555,22
62556,33
62557,25
62558,16
62559,60
62560,24
62561,8
62562,15
62563,24
62564,2
62565,4
62566,15
62567,35
62568,9
62569,27
62570,39
62571,9
62572,17
62573,55
62574,1
62575,28
62576,2
62577,49
62578,4
62579,32
62580,6
62581,9
62582,12
62583,8
62584,2
62585,9
62586,39
62587,28
62588,1
62589,39
62590,19
62591,55
62592,4
62593,1
62594,49
62595,55
62596,10
62597,40
62598,6
62599,40
62600,16
62601,18
62602,1
62603,30
62604,0
62605,40
62606,46
62607,6
62608,40
62609,2
62610,7
62611,9
62612,6
62613,18
62614,32
62615,6
62616,5
62617,6
62618,15
62619,6
62620,1
62621,20
62622,1
62623,8
62624,3
62625,7
62626,2
62627,24
62628,0
62629,12
62630,8
62631,0
62632,0
62633,15
62634,12
62635,23
62636,15
62637,18
62638,0
62639,30
62640,40
62641,28
62642,15
62643,4
62644,2
62645,9
62646,3
62647,6
62648,1
62649,8
62650,0
62651,7
62652,0
62653,6
62654,2
62655,13
62656,7
62657,5
62658,40
62659,1
62660,28
62661,22
62662,3
62663,30
62664,0
62665,55
62666,9
62667,36
62668,10
62669,9
62670,24
62671,25
62672,1
62673,4
62674,29
62675,1
62676,43
62677,25
62678,15
62679,1
62680,4
62681,39
62682,10
62683,2
62684,4
62685,3
62686,4
62687,5
62688,36
62689,27
62690,25
62691,10
62692,61
62693,55
62694,6
62695,29
62696,23
62697,49
62698,24
62699,7
62700,9
62701,12
62702,11
62703,31
62704,12
62705,5
62706,61
62707,6
62708,24
62709,42
62710,20
62711,1
62712,28
62713,4
62714,49
62715,8
62716,8
62717,0
62718,5
62719,49
62720,36
62721,1
62722,7
62723,22
62724,21
62725,8
62726,9
62727,6
62728,61
62729,9
62730,6
62731,33
62732,0
62733,3
62734,52
62735,1
62736,32
62737,55
62738,1
62739,40
62740,1
62741,0
62742,28
62743,9
62744,4
62745,12
62746,5
62747,1
62748,47
62749,8
62750,4
62751,5
62752,28
62753,2
62754,6
62755,19
62756,6
62757,1
62758,9
62759,1
62760,1
62761,0
62762,28
62763,45
62764,2
62765,7
62766,2
62767,19
62768,4
62769,9
62770,4
62771,0
62772,5
62773,5
62774,24
62775,0
62776,1
62777,6
62778,58
62779,43
62780,3
62781,43
62782,40
62783,15
62784,0
62785,59
62786,28
62787,48
62788,28
62789,2
62790,18
62791,7
62792,28
62793,55
62794,5
62795,32
62796,3
62797,4
62798,55
62799,40
62800,6
62801,59
62802,2
62803,24
62804,6
62805,55
62806,8
62807,28
62808,3
62809,19
62810,14
62811,7
62812,24
62813,20
62814,2
62815,61
62816,31
62817,2
62818,28
62819,18
62820,13
62821,25
62822,43
62823,9
62824,43
62825,24
62826,53
62827,28
62828,4
62829,7
62830,1
62831,0
62832,8
62833,10
62834,1
62835,24
62836,61
62837,7
62838,4
62839,6
62840,49
62841,5
62842,4
62843,6
62844,1
62845,6
62846,36
62847,15
62848,24
62849,9
62850,3
62851,24
62852,0
62853,22
62854,31
62855,7
62856,6
62857,55
62858,7
62859,53
62860,8
62861,6
62862,2
62863,43
62864,6
62865,1
62866,9
62867,1
62868,2
62869,21
62870,5
62871,53
62872,59
62873,5
62874,28
62875,7
62876,28
62877,9
62878,37
62879,0
62880,49
62881,0
62882,4
62883,33
62884,5
62885,8
62886,8
62887,3
62888,40
62889,1
62890,26
62891,49
62892,43
62893,3
62894,29
62895,4
62896,26
62897,3
62898,8
62899,24
62900,3
62901,1
62902,53
62903,3
62904,43
62905,40
62906,6
62907,24
62908,40
62909,9
62910,5
62911,2
62912,30
62913,8
62914,21
62915,0
62916,25
62917,2
62918,47
62919,24
62920,0
62921,3
62922,5
62923,31
62924,5
62925,9
62926,5
62927,21
62928,29
62929,43
62930,40
62931,53
62932,9
62933,39
62934,24
62935,31
62936,4
62937,53
62938,49
62939,10
62940,24
62941,3
62942,5
62943,31
62944,3
62945,5
62946,30
62947,23
62948,22
62949,24
62950,3
62951,36
62952,0
62953,3
62954,8
62955,52
62956,8
62957,34
62958,37
62959,1
62960,28
62961,2
62962,8
62963,23
62964,28
62965,4
62966,32
62967,3
62968,23
62969,5
62970,53
62971,7
62972,3
62973,8
62974,2
62975,1
62976,7
62977,24
62978,34
62979,5
62980,6
62981,9
62982,15
62983,9
62984,0
62985,9
62986,0
62987,2
62988,9
62989,28
62990,9
62991,14
62992,10
62993,58
62994,29
62995,40
62996,5
62997,33
62998,7
62999,3
63000,9
63001,0
63002,3
63003,33
63004,4
63005,6
63006,29
63007,55
63008,49
63009,16
63010,31
63011,39
63012,55
63013,58
63014,4
63015,49
63016,22
63017,7
63018,23
63019,22
63020,7
63021,17
63022,22
63023,40
63024,1
63025,40
63026,9
63027,34
63028,9
63029,6
63030,2
63031,40
63032,9
63033,3
63034,2
63035,6
63036,9
63037,5
63038,30
63039,9
63040,12
63041,9
63042,4
63043,2
63044,43
63045,14
63046,18
63047,7
63048,27
63049,10
63050,45
63051,6
63052,49
63053,28
63054,2
63055,29
63056,36
63057,13
63058,40
63059,6
63060,53
63061,30
63062,8
63063,59
63064,4
63065,27
63066,58
63067,34
63068,1
63069,9
63070,28
63071,9
63072,1
63073,2
63074,7
63075,9
63076,1
63077,40
63078,36
63079,1
63080,9
63081,7
63082,12
63083,3
63084,24
63085,0
63086,7
63087,7
63088,25
63089,37
63090,58
63091,3
63092,18
63093,0
63094,1
63095,29
63096,0
63097,24
63098,0
63099,43
63100,6
63101,47
63102,22
63103,15
63104,43
63105,1
63106,1
63107,55
63108,3
63109,6
63110,22
63111,0
63112,7
63113,12
63114,0
63115,25
63116,1
63117,18
63118,6
63119,11
63120,26
63121,3
63122,1
63123,9
63124,26
63125,6
63126,3
63127,0
63128,7
63129,21
63130,24
63131,22
63132,0
63133,4
63134,40
63135,2
63136,29
63137,29
63138,6
63139,13
63140,8
63141,5
63142,37
63143,4
63144,40
63145,25
63146,40
63147,1
63148,12
63149,6
63150,2
63151,9
63152,8
63153,12
63154,2
63155,55
63156,24
63157,31
63158,52
63159,40
63160,53
63161,40
63162,29
63163,15
63164,44
63165,59
63166,8
63167,8
63168,2
63169,58
63170,1
63171,34
63172,40
63173,7
63174,49
63175,0
63176,12
63177,7
63178,7
63179,30
63180,14
63181,39
63182,30
63183,61
63184,1
63185,6
63186,1
63187,9
63188,40
63189,25
63190,6
63191,0
63192,7
63193,22
63194,2
63195,36
63196,7
63197,6
63198,7
63199,6
63200,9
63201,36
63202,40
63203,7
63204,1
63205,6
63206,9
63207,2
63208,27
63209,0
63210,30
63211,22
63212,10
63213,29
63214,26
63215,36
63216,7
63217,28
63218,7
63219,27
63220,40
63221,1
63222,2
63223,0
63224,10
63225,31
63226,9
63227,22
63228,3
63229,8
63230,0
63231,22
63232,1
63233,49
63234,28
63235,4
63236,15
63237,9
63238,30
63239,3
63240,0
63241,15
63242,40
63243,36
63244,15
63245,7
63246,8
63247,22
63248,2
63249,7
63250,0
63251,37
63252,24
63253,9
63254,55
63255,30
63256,1
63257,40
63258,8
63259,28
63260,15
63261,9
63262,4
63263,4
63264,8
63265,12
63266,7
63267,27
63268,12
63269,1
63270,45
63271,23
63272,2
63273,0
63274,4
63275,5
63276,1
63277,15
63278,7
63279,28
63280,39
63281,7
63282,17
63283,0
63284,9
63285,14
63286,8
63287,5
63288,1
63289,4
63290,6
63291,1
63292,8
63293,8
63294,8
63295,0
63296,36
63297,3
63298,2
63299,27
63300,20
63301,2
63302,0
63303,9
63304,27
63305,18
63306,5
63307,2
63308,8
63309,24
63310,9
63311,24
63312,15
63313,22
63314,7
63315,40
63316,23
63317,1
63318,24
63319,12
63320,25
63321,4
63322,28
63323,55
63324,0
63325,17
63326,4
63327,8
63328,47
63329,0
63330,55
63331,6
63332,9
63333,3
63334,4
63335,4
63336,6
63337,3
63338,3
63339,1
63340,5
63341,40
63342,11
63343,58
63344,6
63345,0
63346,12
63347,1
63348,17
63349,5
63350,9
63351,43
63352,8
63353,5
63354,9
63355,8
63356,0
63357,1
63358,49
63359,6
63360,4
63361,15
63362,0
63363,2
63364,8
63365,5
63366,30
63367,1
63368,1
63369,11
63370,3
63371,0
63372,9
63373,52
63374,28
63375,55
63376,30
63377,4
63378,43
63379,24
63380,39
63381,24
63382,10
63383,4
63384,29
63385,23
63386,6
63387,30
63388,32
63389,3
63390,7
63391,6
63392,4
63393,15
63394,1
63395,7
63396,21
63397,6
63398,6
63399,28
63400,5
63401,3
63402,0
63403,29
63404,55
63405,13
63406,1
63407,2
63408,8
63409,6
63410,0
63411,45
63412,14
63413,3
63414,11
63415,53
63416,5
63417,8
63418,30
63419,7
63420,53
63421,7
63422,2
63423,49
63424,2
63425,23
63426,30
63427,7
63428,12
63429,40
63430,6
63431,7
63432,3
63433,24
63434,47
63435,1
63436,6
63437,8
63438,49
63439,25
63440,30
63441,2
63442,3
63443,8
63444,53
63445,8
63446,13
63447,9
63448,4
63449,59
63450,1
63451,7
63452,5
63453,4
63454,53
63455,28
63456,8
63457,28
63458,3
63459,27
63460,5
63461,4
63462,53
63463,28
63464,1
63465,30
63466,4
63467,4
63468,55
63469,20
63470,5
63471,3
63472,30
63473,18
63474,1
63475,3
63476,25
63477,18
63478,15
63479,49
63480,12
63481,2
63482,1
63483,43
63484,11
63485,24
63486,25
63487,6
63488,4
63489,9
63490,33
63491,0
63492,18
63493,24
63494,59
63495,8
63496,9
63497,1
63498,15
63499,39
63500,2
63501,4
63502,28
63503,28
63504,0
63505,2
63506,43
63507,8
63508,4
63509,9
63510,9
63511,4
63512,29
63513,1
63514,7
63515,36
63516,36
63517,14
63518,27
63519,5
63520,5
63521,0
63522,4
63523,0
63524,28
63525,0
63526,1
63527,22
63528,3
63529,3
63530,12
63531,9
63532,22
63533,22
63534,22
63535,31
63536,0
63537,3
63538,35
63539,0
63540,28
63541,7
63542,58
63543,36
63544,37
63545,32
63546,5
63547,30
63548,26
63549,3
63550,1
63551,25
63552,22
63553,15
63554,28
63555,9
63556,30
63557,49
63558,12
63559,14
63560,31
63561,23
63562,6
63563,8
63564,49
63565,13
63566,5
63567,4
63568,5
63569,40
63570,59
63571,53
63572,13
63573,5
63574,12
63575,4
63576,1
63577,18
63578,4
63579,4
63580,55
63581,2
63582,25
63583,9
63584,6
63585,37
63586,0
63587,61
63588,0
63589,40
63590,49
63591,60
63592,3
63593,1
63594,12
63595,2
63596,4
63597,7
63598,37
63599,2
63600,55
63601,20
63602,8
63603,7
63604,15
63605,42
63606,40
63607,10
63608,1
63609,7
63610,5
63611,59
63612,3
63613,0
63614,7
63615,2
63616,9
63617,42
63618,58
63619,3
63620,37
63621,23
63622,28
63623,23
63624,18
63625,4
63626,6
63627,22
63628,53
63629,1
63630,23
63631,55
63632,7
63633,55
63634,44
63635,26
63636,43
63637,5
63638,15
63639,2
63640,4
63641,30
63642,1
63643,9
63644,1
63645,53
63646,20
63647,22
63648,28
63649,6
63650,0
63651,4
63652,7
63653,0
63654,3
63655,8
63656,36
63657,4
63658,1
63659,53
63660,0
63661,40
63662,40
63663,40
63664,1
63665,6
63666,9
63667,27
63668,7
63669,52
63670,6
63671,23
63672,17
63673,7
63674,5
63675,55
63676,12
63677,9
63678,32
63679,4
63680,1
63681,43
63682,18
63683,2
63684,30
63685,7
63686,3
63687,4
63688,49
63689,12
63690,7
63691,3
63692,24
63693,53
63694,55
63695,8
63696,28
63697,2
63698,7
63699,3
63700,3
63701,3
63702,1
63703,3
63704,4
63705,21
63706,4
63707,7
63708,0
63709,7
63710,53
63711,10
63712,30
63713,28
63714,1
63715,49
63716,7
63717,37
63718,39
63719,4
63720,25
63721,12
63722,9
63723,8
63724,4
63725,24
63726,3
63727,53
63728,8
63729,8
63730,2
63731,6
63732,9
63733,36
63734,30
63735,22
63736,12
63737,25
63738,26
63739,1
63740,7
63741,55
63742,20
63743,1
63744,14
63745,8
63746,12
63747,7
63748,6
63749,30
63750,8
63751,1
63752,6
63753,55
63754,9
63755,3
63756,3
63757,16
63758,44
63759,1
63760,5
63761,7
63762,30
63763,43
63764,27
63765,1
63766,0
63767,8
63768,36
63769,12
63770,36
63771,34
63772,3
63773,29
63774,5
63775,3
63776,4
63777,3
63778,2
63779,0
63780,4
63781,0
63782,16
63783,40
63784,2
63785,53
63786,8
63787,24
63788,5
63789,10
63790,2
63791,46
63792,0
63793,40
63794,3
63795,8
63796,2
63797,1
63798,4
63799,8
63800,24
63801,6
63802,3
63803,4
63804,0
63805,15
63806,53
63807,39
63808,53
63809,25
63810,2
63811,3
63812,9
63813,3
63814,3
63815,10
63816,2
63817,5
63818,3
63819,21
63820,3
63821,9
63822,7
63823,1
63824,9
63825,4
63826,2
63827,7
63828,40
63829,24
63830,8
63831,1
63832,1
63833,2
63834,2
63835,6
63836,36
63837,1
63838,8
63839,7
63840,9
63841,5
63842,23
63843,40
63844,7
63845,4
63846,5
63847,6
63848,30
63849,0
63850,29
63851,29
63852,2
63853,4
63854,43
63855,8
63856,3
63857,1
63858,42
63859,43
63860,1
63861,21
63862,9
63863,37
63864,1
63865,4
63866,31
63867,7
63868,5
63869,0
63870,23
63871,60
63872,5
63873,49
63874,4
63875,3
63876,49
63877,6
63878,7
63879,49
63880,34
63881,55
63882,40
63883,49
63884,53
63885,40
63886,1
63887,8
63888,60
63889,5
63890,8
63891,0
63892,11
63893,5
63894,1
63895,14
63896,9
63897,10
63898,24
63899,28
63900,40
63901,3
63902,9
63903,34
63904,24
63905,40
63906,8
63907,3
63908,32
63909,9
63910,18
63911,22
63912,3
63913,2
63914,30
63915,28
63916,22
63917,24
63918,1
63919,24
63920,55
63921,0
63922,39
63923,21
63924,15
63925,29
63926,1
63927,25
63928,10
63929,0
63930,18
63931,8
63932,7
63933,0
63934,1
63935,4
63936,24
63937,28
63938,55
63939,1
63940,22
63941,2
63942,12
63943,4
63944,43
63945,30
63946,1
63947,5
63948,9
63949,55
63950,17
63951,43
63952,2
63953,56
63954,55
63955,9
63956,1
63957,2
63958,2
63959,18
63960,6
63961,0
63962,22
63963,6
63964,8
63965,36
63966,15
63967,9
63968,9
63969,2
63970,2
63971,51
63972,9
63973,4
63974,6
63975,24
63976,1
63977,7
63978,49
63979,6
63980,9
63981,29
63982,12
63983,22
63984,22
63985,4
63986,28
63987,25
63988,4
63989,5
63990,9
63991,1
63992,34
63993,9
63994,4
63995,17
63996,53
63997,4
63998,4
63999,3
64000,6
64001,9
64002,3
64003,9
64004,31
64005,0
64006,4
64007,0
64008,5
64009,0
64010,35
64011,27
64012,6
64013,1
64014,28
64015,4
64016,3
64017,6
64018,22
64019,37
64020,61
64021,35
64022,6
64023,1
64024,11
64025,2
64026,7
64027,6
64028,0
64029,55
64030,3
64031,23
64032,0
64033,32
64034,9
64035,4
64036,39
64037,10
64038,19
64039,7
64040,4
64041,18
64042,8
64043,25
64044,9
64045,34
64046,19
64047,3
64048,6
64049,41
64050,7
64051,10
64052,55
64053,2
64054,14
64055,5
64056,53
64057,25
64058,2
64059,18
64060,1
64061,1
64062,59
64063,12
64064,23
64065,6
64066,36
64067,29
64068,3
64069,15
64070,4
64071,17
64072,5
64073,0
64074,7
64075,22
64076,8
64077,28
64078,1
64079,15
64080,8
64081,5
64082,3
64083,8
64084,4
64085,3
64086,18
64087,36
64088,40
64089,1
64090,5
64091,10
64092,5
64093,4
64094,6
64095,1
64096,7
64097,13
64098,9
64099,24
64100,4
64101,2
64102,43
64103,43
64104,40
64105,7
64106,8
64107,7
64108,53
64109,43
64110,55
64111,5
64112,55
64113,9
64114,2
64115,53
64116,2
64117,3
64118,0
64119,5
64120,1
64121,8
64122,2
64123,4
64124,39
64125,58
64126,28
64127,18
64128,1
64129,43
64130,4
64131,12
64132,33
64133,49
64134,36
64135,9
64136,1
64137,7
64138,6
64139,4
64140,53
64141,39
64142,2
64143,24
64144,55
64145,58
64146,7
64147,2
64148,43
64149,22
64150,36
64151,18
64152,6
64153,8
64154,24
64155,1
64156,31
64157,43
64158,7
64159,0
64160,9
64161,47
64162,6
64163,1
64164,10
64165,19
64166,2
64167,9
64168,55
64169,25
64170,28
64171,5
64172,28
64173,40
64174,25
64175,5
64176,12
64177,2
64178,4
64179,10
64180,39
64181,51
64182,29
64183,0
64184,36
64185,53
64186,55
64187,1
64188,5
64189,39
64190,24
64191,5
64192,31
64193,8
64194,5
64195,53
64196,7
64197,3
64198,9
64199,12
64200,6
64201,43
64202,2
64203,60
64204,53
64205,2
64206,28
64207,3
64208,2
64209,8
64210,36
64211,3
64212,30
64213,9
64214,2
64215,6
64216,10
64217,12
64218,6
64219,17
64220,1
64221,31
64222,2
64223,1
64224,8
64225,5
64226,0
64227,0
64228,28
64229,30
64230,28
64231,8
64232,6
64233,8
64234,5
64235,40
64236,7
64237,5
64238,21
64239,24
64240,2
64241,3
64242,15
64243,6
64244,52
64245,17
64246,28
64247,55
64248,7
64249,3
64250,23
64251,40
64252,22
64253,49
64254,3
64255,1
64256,3
64257,40
64258,1
64259,2
64260,7
64261,40
64262,11
64263,12
64264,29
64265,27
64266,18
64267,23
64268,55
64269,3
64270,7
64271,5
64272,5
64273,9
64274,25
64275,28
64276,3
64277,37
64278,39
64279,2
64280,18
64281,23
64282,55
64283,3
64284,34
64285,1
64286,27
64287,53
64288,46
64289,0
64290,8
64291,1
64292,3
64293,4
64294,19
64295,13
64296,28
64297,6
64298,37
64299,4
64300,15
64301,4
64302,2
64303,6
64304,9
64305,18
64306,8
64307,39
64308,13
64309,7
64310,4
64311,9
64312,7
64313,55
64314,20
64315,1
64316,29
64317,59
64318,6
64319,18
64320,1
64321,9
64322,3
64323,28
64324,5
64325,29
64326,1
64327,5
64328,1
64329,9
64330,49
64331,40
64332,0
64333,15
64334,9
64335,40
64336,39
64337,4
64338,6
64339,3
64340,39
64341,29
64342,10
64343,3
64344,6
64345,52
64346,5
64347,1
64348,47
64349,36
64350,18
64351,49
64352,8
64353,24
64354,5
64355,47
64356,28
64357,1
64358,8
64359,55
64360,4
64361,20
64362,5
64363,9
64364,4
64365,3
64366,2
64367,24
64368,32
64369,30
64370,7
64371,51
64372,22
64373,55
64374,3
64375,0
64376,5
64377,8
64378,30
64379,1
64380,0
64381,15
64382,28
64383,28
64384,46
64385,32
64386,37
64387,1
64388,9
64389,3
64390,9
64391,3
64392,9
64393,29
64394,4
64395,8
64396,53
64397,49
64398,19
64399,28
64400,49
64401,7
64402,8
64403,3
64404,28
64405,2
64406,1
64407,9
64408,8
64409,15
64410,55
64411,4
64412,46
64413,2
64414,0
64415,49
64416,2
64417,0
64418,0
64419,7
64420,28
64421,42
64422,12
64423,2
64424,8
64425,36
64426,0
64427,25
64428,28
64429,5
64430,3
64431,7
64432,13
64433,9
64434,17
64435,53
64436,5
64437,30
64438,6
64439,1
64440,32
64441,4
64442,28
64443,30
64444,7
64445,29
64446,11
64447,24
64448,7
64449,2
64450,40
64451,5
64452,1
64453,25
64454,7
64455,55
64456,6
64457,25
64458,49
64459,28
64460,0
64461,43
64462,4
64463,53
64464,3
64465,30
64466,24
64467,0
64468,1
64469,9
64470,2
64471,8
64472,9
64473,24
64474,9
64475,15
64476,1
64477,9
64478,7
64479,40
64480,23
64481,7
64482,4
64483,7
64484,29
64485,15
64486,7
64487,43
64488,5
64489,5
64490,0
64491,5
64492,39
64493,13
64494,21
64495,16
64496,9
64497,22
64498,32
64499,4
64500,23
64501,18
64502,26
64503,2
64504,53
64505,28
64506,4
64507,12
64508,59
64509,6
64510,7
64511,34
64512,43
64513,5
64514,4
64515,1
64516,0
64517,36
64518,2
64519,0
64520,9
64521,0
64522,21
64523,2
64524,55
64525,1
64526,6
64527,55
64528,3
64529,28
64530,10
64531,0
64532,1
64533,0
64534,2
64535,3
64536,6
64537,2
64538,55
64539,51
64540,24
64541,1
64542,40
64543,1
64544,1
64545,6
64546,4
64547,4
64548,7
64549,42
64550,6
64551,0
64552,4
64553,12
64554,52
64555,2
64556,11
64557,2
64558,8
64559,34
64560,12
64561,32
64562,31
64563,2
64564,28
64565,30
64566,9
64567,3
64568,2
64569,6
64570,8
64571,7
64572,4
64573,28
64574,1
64575,53
64576,0
64577,49
64578,23
64579,53
64580,27
64581,0
64582,25
64583,36
64584,7
64585,40
64586,6
64587,6
64588,3
64589,39
64590,31
64591,5
64592,24
64593,59
64594,28
64595,25
64596,4
64597,1
64598,0
64599,0
64600,8
64601,15
64602,3
64603,1
64604,55
64605,40
64606,28
64607,1
64608,1
64609,9
64610,1
64611,27
64612,6
64613,0
64614,18
64615,22
64616,0
64617,52
64618,6
64619,28
64620,9
64621,23
64622,5
64623,32
64624,53
64625,43
64626,24
64627,53
64628,28
64629,4
64630,11
64631,49
64632,49
64633,1
64634,8
64635,23
64636,5
64637,9
64638,49
64639,7
64640,24
64641,9
64642,3
64643,1
64644,55
64645,5
64646,1
64647,36
64648,19
64649,5
64650,0
64651,53
64652,8
64653,7
64654,22
64655,1
64656,3
64657,7
64658,9
64659,22
64660,29
64661,1
64662,49
64663,0
64664,12
64665,9
64666,7
64667,40
64668,1
64669,5
64670,0
64671,21
64672,9
64673,7
64674,0
64675,24
64676,8
64677,8
64678,15
64679,25
64680,3
64681,15
64682,6
64683,23
64684,20
64685,31
64686,0
64687,6
64688,40
64689,0
64690,40
64691,9
64692,30
64693,9
64694,1
64695,9
64696,7
64697,21
64698,3
64699,3
64700,2
64701,0
64702,1
64703,55
64704,39
64705,2
64706,24
64707,1
64708,59
64709,3
64710,28
64711,9
64712,8
64713,4
64714,15
64715,1
64716,8
64717,49
64718,5
64719,40
64720,49
64721,0
64722,7
64723,9
64724,32
64725,24
64726,55
64727,59
64728,24
64729,4
64730,5
64731,1
64732,24
64733,4
64734,22
64735,5
64736,8
64737,7
64738,24
64739,18
64740,23
64741,7
64742,24
64743,2
64744,5
64745,30
64746,43
64747,4
64748,6
64749,3
64750,2
64751,3
64752,39
64753,40
64754,1
64755,0
64756,32
64757,9
64758,30
64759,7
64760,40
64761,0
64762,31
64763,24
64764,1
64765,40
64766,2
64767,9
64768,7
64769,2
64770,8
64771,3
64772,2
64773,25
64774,2
64775,9
64776,8
64777,3
64778,53
64779,30
64780,6
64781,7
64782,28
64783,12
64784,5
64785,6
64786,28
64787,3
64788,28
64789,8
64790,7
64791,9
64792,4
64793,53
64794,4
64795,8
64796,2
64797,28
64798,39
64799,4
64800,2
64801,24
64802,43
64803,6
64804,24
64805,55
64806,30
64807,39
64808,12
64809,44
64810,5
64811,0
64812,1
64813,40
64814,7
64815,9
64816,0
64817,13
64818,36
64819,9
64820,30
64821,0
64822,3
64823,7
64824,5
64825,39
64826,6
64827,3
64828,30
64829,7
64830,19
64831,3
64832,4
64833,10
64834,0
64835,5
64836,55
64837,56
64838,37
64839,59
64840,2
64841,12
64842,7
64843,3
64844,0
64845,15
64846,0
64847,6
64848,3
64849,23
64850,0
64851,5
64852,23
64853,4
64854,9
64855,53
64856,24
64857,36
64858,59
64859,43
64860,40
64861,6
64862,6
64863,61
64864,4
64865,23
64866,7
64867,0
64868,1
64869,7
64870,0
64871,1
64872,3
64873,57
64874,28
64875,30
64876,3
64877,1
64878,7
64879,4
64880,30
64881,24
64882,2
64883,9
64884,24
64885,3
64886,39
64887,59
64888,22
64889,37
64890,14
64891,39
64892,9
64893,9
64894,2
64895,9
64896,12
64897,31
64898,2
64899,34
64900,3
64901,2
64902,1
64903,6
64904,36
64905,5
64906,29
64907,20
64908,18
64909,2
64910,25
64911,6
64912,3
64913,3
64914,4
64915,24
64916,24
64917,5
64918,48
64919,24
64920,2
64921,30
64922,29
64923,0
64924,9
64925,2
64926,3
64927,0
64928,37
64929,2
64930,58
64931,6
64932,12
64933,2
64934,19
64935,9
64936,13
64937,8
64938,5
64939,31
64940,7
64941,9
64942,29
64943,5
64944,28
64945,4
64946,1
64947,1
64948,4
64949,3
64950,8
64951,3
64952,5
64953,7
64954,49
64955,2
64956,40
64957,28
64958,43
64959,7
64960,25
64961,9
64962,0
64963,6
64964,0
64965,14
64966,39
64967,53
64968,22
64969,1
64970,5
64971,0
64972,7
64973,30
64974,3
64975,0
64976,24
64977,1
64978,3
64979,12
64980,1
64981,7
64982,28
64983,23
64984,35
64985,2
64986,22
64987,1
64988,18
64989,49
64990,58
64991,28
64992,53
64993,7
64994,15
64995,30
64996,24
64997,40
64998,8
64999,30
65000,1
65001,7
65002,40
65003,40
65004,1
65005,37
65006,55
65007,19
65008,29
65009,40
65010,21
65011,1
65012,35
65013,1
65014,2
65015,6
65016,46
65017,6
65018,27
65019,0
65020,22
65021,39
65022,15
65023,39
65024,0
65025,8
65026,31
65027,39
65028,5
65029,27
65030,8
65031,37
65032,6
65033,9
65034,3
65035,16
65036,0
65037,28
65038,9
65039,1
65040,36
65041,8
65042,14
65043,6
65044,6
65045,19
65046,24
65047,47
65048,1
65049,25
65050,7
65051,1
65052,8
65053,23
65054,6
65055,9
65056,43
65057,1
65058,3
65059,1
65060,9
65061,2
65062,2
65063,3
65064,26
65065,22
65066,9
65067,7
65068,49
65069,6
65070,28
65071,6
65072,1
65073,5
65074,29
65075,6
65076,58
65077,3
65078,6
65079,3
65080,29
65081,23
65082,0
65083,18
65084,17
65085,23
65086,30
65087,9
65088,34
65089,1
65090,30
65091,49
65092,28
65093,9
65094,43
65095,5
65096,1
65097,60
65098,4
65099,48
65100,4
65101,7
65102,3
65103,5
65104,2
65105,1
65106,8
65107,1
65108,9
65109,7
65110,6
65111,4
65112,9
65113,53
65114,7
65115,5
65116,9
65117,6
65118,5
65119,5
65120,30
65121,29
65122,40
65123,7
65124,46
65125,1
65126,9
65127,8
65128,30
65129,8
65130,1
65131,24
65132,8
65133,0
65134,9
65135,1
65136,31
65137,4
65138,39
65139,39
65140,7
65141,7
65142,43
65143,1
65144,40
65145,53
65146,24
65147,0
65148,5
65149,1
65150,3
65151,1
65152,7
65153,36
65154,6
65155,2
65156,35
65157,3
65158,1
65159,2
65160,7
65161,9
65162,6
65163,1
65164,23
65165,3
65166,40
65167,2
65168,8
65169,29
65170,30
65171,43
65172,24
65173,7
65174,8
65175,10
65176,6
65177,36
65178,6
65179,24
65180,18
65181,18
65182,24
65183,28
65184,4
65185,3
65186,3
65187,28
65188,28
65189,6
65190,2
65191,3
65192,34
65193,1
65194,24
65195,7
65196,6
65197,7
65198,15
65199,59
65200,42
65201,28
65202,4
65203,2
65204,36
65205,10
65206,2
65207,24
65208,30
65209,49
65210,15
65211,49
65212,7
65213,7
65214,0
65215,55
65216,24
65217,55
65218,59
65219,0
65220,40
65221,6
65222,9
65223,9
65224,22
65225,6
65226,1
65227,6
65228,5
65229,7
65230,5
65231,27
65232,36
65233,9
65234,0
65235,26
65236,4
65237,8
65238,55
65239,5
65240,1
65241,2
65242,7
65243,4
65244,39
65245,9
65246,24
65247,30
65248,28
65249,6
65250,4
65251,18
65252,11
65253,58
65254,6
65255,5
65256,0
65257,6
65258,43
65259,8
65260,3
65261,17
65262,55
65263,1
65264,24
65265,0
65266,47
65267,7
65268,1
65269,25
65270,2
65271,1
65272,9
65273,30
65274,40
65275,9
65276,2
65277,6
65278,1
65279,4
65280,5
65281,1
65282,10
65283,14
65284,0
65285,1
65286,28
65287,49
65288,22
65289,39
65290,19
65291,55
65292,6
65293,12
65294,39
65295,0
65296,40
65297,30
65298,9
65299,5
65300,0
65301,1
65302,24
65303,8
65304,2
65305,1
65306,7
65307,55
65308,9
65309,22
65310,40
65311,36
65312,28
65313,28
65314,8
65315,7
65316,18
65317,24
65318,5
65319,7
65320,7
65321,43
65322,29
65323,28
65324,7
65325,6
65326,24
65327,31
65328,1
65329,36
65330,37
65331,26
65332,24
65333,7
65334,40
65335,5
65336,23
65337,7
65338,13
65339,3
65340,24
65341,8
65342,3
65343,6
65344,49
65345,29
65346,16
65347,28
65348,1
65349,43
65350,28
65351,18
65352,1
65353,8
65354,7
65355,25
65356,1
65357,1
65358,1
65359,25
65360,12
65361,8
65362,3
65363,1
65364,6
65365,53
65366,1
65367,34
65368,1
65369,36
65370,28
65371,30
65372,9
65373,22
65374,1
65375,4
65376,4
65377,12
65378,59
65379,11
65380,39
65381,3
65382,5
65383,9
65384,32
65385,25
65386,2
65387,1
65388,8
65389,37
65390,5
65391,52
65392,0
65393,16
65394,7
65395,0
65396,59
65397,1
65398,21
65399,1
65400,39
65401,25
65402,3
65403,24
65404,53
65405,23
65406,8
65407,30
65408,1
65409,2
65410,22
65411,12
65412,21
65413,34
65414,4
65415,30
65416,2
65417,23
65418,30
65419,8
65420,5
65421,29
65422,1
65423,40
65424,25
65425,36
65426,8
65427,5
65428,2
65429,6
65430,12
65431,6
65432,30
65433,1
65434,61
65435,12
65436,33
65437,34
65438,25
65439,1
65440,40
65441,25
65442,31
65443,8
65444,24
65445,26
65446,4
65447,39
65448,1
65449,22
65450,0
65451,8
65452,23
65453,9
65454,0
65455,9
65456,2
65457,2
65458,7
65459,7
65460,40
65461,1
65462,29
65463,3
65464,8
65465,7
65466,2
65467,39
65468,2
65469,4
65470,7
65471,0
65472,0
65473,55
65474,49
65475,2
65476,28
65477,28
65478,40
65479,6
65480,6
65481,24
65482,9
65483,22
65484,19
65485,2
65486,11
65487,11
65488,22
65489,55
65490,30
65491,0
65492,8
65493,60
65494,1
65495,6
65496,4
65497,30
65498,0
65499,28
65500,24
65501,1
65502,1
65503,28
65504,3
65505,27
65506,60
65507,7
65508,21
65509,12
65510,4
65511,55
65512,2
65513,30
65514,9
65515,1
65516,37
65517,3
65518,18
65519,4
65520,8
65521,8
65522,4
65523,20
65524,43
65525,60
65526,1
65527,53
65528,1
65529,25
65530,28
65531,0
65532,60
65533,39
65534,7
65535,39
65536,4
65537,15
65538,24
65539,22
65540,3
65541,9
65542,9
65543,58
65544,9
65545,2
65546,2
65547,28
65548,49
65549,2
65550,40
65551,28
65552,17
65553,39
65554,5
65555,55
65556,31
65557,53
65558,28
65559,5
65560,55
65561,9
65562,2
65563,29
65564,3
65565,2
65566,55
65567,1
65568,9
65569,27
65570,5
65571,0
65572,30
65573,28
65574,39
65575,40
65576,3
65577,1
65578,0
65579,28
65580,40
65581,0
65582,3
65583,7
65584,7
65585,8
65586,22
65587,0
65588,9
65589,0
65590,30
65591,33
65592,0
65593,9
65594,18
65595,26
65596,28
65597,4
65598,0
65599,49
65600,4
65601,37
65602,6
65603,3
65604,7
65605,15
65606,30
65607,27
65608,6
65609,53
65610,8
65611,59
65612,0
65613,2
65614,3
65615,49
65616,7
65617,12
65618,53
65619,2
65620,40
65621,4
65622,28
65623,55
65624,6
65625,16
65626,1
65627,55
65628,39
65629,8
65630,12
65631,3
65632,10
65633,17
65634,4
65635,53
65636,23
65637,9
65638,14
65639,8
65640,3
65641,3
65642,0
65643,7
65644,5
65645,46
65646,43
65647,53
65648,5
65649,1
65650,2
65651,5
65652,7
65653,19
65654,18
65655,24
65656,7
65657,9
65658,2
65659,12
65660,8
65661,20
65662,19
65663,61
65664,56
65665,2
65666,2
65667,15
65668,3
65669,6
65670,49
65671,23
65672,9
65673,0
65674,28
65675,33
65676,7
65677,17
65678,7
65679,6
65680,0
65681,0
65682,11
65683,3
65684,2
65685,43
65686,49
65687,7
65688,32
65689,33
65690,30
65691,27
65692,0
65693,21
65694,4
65695,35
65696,40
65697,1
65698,1
65699,5
65700,6
65701,39
65702,40
65703,5
65704,0
65705,0
65706,3
65707,1
65708,1
65709,7
65710,34
65711,0
65712,5
65713,14
65714,24
65715,6
65716,37
65717,2
65718,25
65719,4
65720,37
65721,1
65722,1
65723,29
65724,9
65725,53
65726,9
65727,21
65728,6
65729,43
65730,8
65731,0
65732,10
65733,2
65734,13
65735,4
65736,53
65737,0
65738,36
65739,9
65740,2
65741,23
65742,1
65743,36
65744,8
65745,40
65746,55
65747,6
65748,5
65749,6
65750,0
65751,45
65752,33
65753,0
65754,40
65755,4
65756,53
65757,18
65758,24
65759,27
65760,6
65761,4
65762,3
65763,55
65764,21
65765,25
65766,2
65767,8
65768,24
65769,4
65770,3
65771,15
65772,1
65773,37
65774,40
65775,24
65776,3
65777,7
65778,4
65779,6
65780,33
65781,1
65782,8
65783,28
65784,9
65785,35
65786,9
65787,10
65788,5
65789,30
65790,31
65791,5
65792,29
65793,5
65794,36
65795,15
65796,6
65797,18
65798,25
65799,49
65800,5
65801,1
65802,55
65803,0
65804,30
65805,24
65806,4
65807,28
65808,0
65809,23
65810,40
65811,6
65812,1
65813,9
65814,39
65815,7
65816,23
65817,3
65818,24
65819,28
65820,22
65821,42
65822,22
65823,28
65824,53
65825,12
65826,23
65827,8
65828,12
65829,49
65830,40
65831,13
65832,8
65833,0
65834,2
65835,9
65836,2
65837,9
65838,30
65839,2
65840,6
65841,2
65842,18
65843,3
65844,8
65845,28
65846,34
65847,40
65848,5
65849,40
65850,24
65851,3
65852,6
65853,4
65854,14
65855,10
65856,5
65857,1
65858,7
65859,25
65860,8
65861,39
65862,7
65863,55
65864,0
65865,21
65866,15
65867,4
65868,9
65869,20
65870,1
65871,22
65872,7
65873,6
65874,25
65875,55
65876,29
65877,2
65878,28
65879,24
65880,11
65881,6
65882,4
65883,49
65884,8
65885,23
65886,39
65887,4
65888,24
65889,30
65890,7
65891,33
65892,2
65893,15
65894,3
65895,0
65896,5
65897,30
65898,2
65899,53
65900,30
65901,40
65902,5
65903,1
65904,7
65905,1
65906,45
65907,42
65908,4
65909,28
65910,0
65911,24
65912,17
65913,25
65914,58
65915,0
65916,55
65917,7
65918,30
65919,7
65920,25
65921,9
65922,24
65923,32
65924,7
65925,46
65926,4
65927,9
65928,31
65929,61
65930,1
65931,59
65932,27
65933,3
65934,53
65935,3
65936,2
65937,1
65938,3
65939,6
65940,4
65941,53
65942,36
65943,3
65944,3
65945,22
65946,22
65947,21
65948,2
65949,0
65950,3
65951,29
65952,39
65953,11
65954,15
65955,0
65956,11
65957,3
65958,30
65959,15
65960,39
65961,24
65962,25
65963,1
65964,28
65965,0
65966,3
65967,29
65968,9
65969,49
65970,0
65971,8
65972,42
65973,27
65974,3
65975,7
65976,9
65977,6
65978,31
65979,12
65980,15
65981,21
65982,1
65983,12
65984,18
65985,36
65986,37
65987,0
65988,9
65989,40
65990,49
65991,2
65992,1
65993,0
65994,24
65995,53
65996,2
65997,2
65998,9
65999,28
66000,2
66001,0
66002,1
66003,8
66004,2
66005,3
66006,3
66007,58
66008,6
66009,4
66010,36
66011,36
66012,53
66013,8
66014,7
66015,4
66016,37
66017,4
66018,40
66019,0
66020,19
66021,5
66022,7
66023,1
66024,29
66025,2
66026,9
66027,0
66028,39
66029,30
66030,24
66031,21
66032,34
66033,14
66034,7
66035,4
66036,4
66037,36
66038,24
66039,2
66040,40
66041,7
66042,19
66043,6
66044,53
66045,0
66046,7
66047,55
66048,43
66049,2
66050,8
66051,13
66052,1
66053,3
66054,6
66055,55
66056,2
66057,7
66058,10
66059,6
66060,15
66061,39
66062,55
66063,4
66064,28
66065,3
66066,3
66067,12
66068,5
66069,60
66070,40
66071,30
66072,23
66073,0
66074,26
66075,40
66076,5
66077,21
66078,40
66079,23
66080,1
66081,25
66082,3
66083,15
66084,9
66085,3
66086,0
66087,40
66088,7
66089,0
66090,61
66091,42
66092,47
66093,28
66094,5
66095,3
66096,9
66097,40
66098,4
66099,13
66100,3
66101,8
66102,18
66103,20
66104,26
66105,49
66106,3
66107,14
66108,24
66109,3
66110,3
66111,1
66112,22
66113,1
66114,5
66115,8
66116,55
66117,0
66118,5
66119,12
66120,30
66121,7
66122,16
66123,53
66124,49
66125,3
66126,28
66127,1
66128,60
66129,9
66130,8
66131,13
66132,28
66133,40
66134,7
66135,15
66136,36
66137,40
66138,15
66139,3
66140,1
66141,25
66142,31
66143,30
66144,1
66145,0
66146,8
66147,12
66148,61
66149,1
66150,4
66151,28
66152,7
66153,29
66154,20
66155,2
66156,1
66157,28
66158,47
66159,3
66160,9
66161,1
66162,8
66163,19
66164,9
66165,7
66166,59
66167,7
66168,18
66169,28
66170,2
66171,12
66172,5
66173,0
66174,9
66175,49
66176,37
66177,9
66178,8
66179,19
66180,8
66181,4
66182,36
66183,14
66184,0
66185,5
66186,12
66187,1
66188,7
66189,3
66190,6
66191,0
66192,36
66193,1
66194,23
66195,8
66196,8
66197,12
66198,9
66199,42
66200,9
66201,30
66202,9
66203,12
66204,1
66205,7
66206,7
66207,28
66208,1
66209,30
66210,35
66211,1
66212,40
66213,23
66214,21
66215,4
66216,5
66217,0
66218,21
66219,6
66220,6
66221,4
66222,12
66223,10
66224,7
66225,2
66226,40
66227,3
66228,31
66229,43
66230,8
66231,49
66232,40
66233,49
66234,10
66235,5
66236,7
66237,1
66238,43
66239,30
66240,40
66241,2
66242,9
66243,18
66244,0
66245,5
66246,9
66247,2
66248,0
66249,30
66250,7
66251,59
66252,0
66253,37
66254,13
66255,6
66256,29
66257,39
66258,7
66259,18
66260,3
66261,18
66262,6
66263,6
66264,2
66265,24
66266,0
66267,5
66268,39
66269,28
66270,4
66271,22
66272,12
66273,3
66274,30
66275,4
66276,24
66277,0
66278,8
66279,28
66280,23
66281,23
66282,27
66283,25
66284,53
66285,5
66286,2
66287,4
66288,11
66289,10
66290,22
66291,3
66292,5
66293,18
66294,24
66295,55
66296,7
66297,6
66298,4
66299,9
66300,8
66301,1
66302,12
66303,7
66304,28
66305,12
66306,59
66307,22
66308,18
66309,53
66310,31
66311,49
66312,0
66313,22
66314,6
66315,9
66316,1
66317,8
66318,36
66319,1
66320,1
66321,4
66322,28
66323,8
66324,12
66325,1
66326,9
66327,0
66328,1
66329,55
66330,5
66331,23
66332,6
66333,30
66334,1
66335,0
66336,2
66337,6
66338,25
66339,29
66340,40
66341,29
66342,33
66343,40
66344,14
66345,4
66346,10
66347,1
66348,1
66349,23
66350,9
66351,39
66352,43
66353,28
66354,6
66355,0
66356,28
66357,24
66358,3
66359,49
66360,25
66361,8
66362,11
66363,8
66364,20
66365,0
66366,24
66367,8
66368,1
66369,36
66370,3
66371,1
66372,0
66373,1
66374,7
66375,29
66376,9
66377,36
66378,29
66379,4
66380,6
66381,6
66382,2
66383,7
66384,7
66385,28
66386,0
66387,6
66388,9
66389,33
66390,2
66391,9
66392,1
66393,5
66394,15
66395,46
66396,25
66397,11
66398,9
66399,13
66400,0
66401,1
66402,7
66403,22
66404,58
66405,2
66406,6
66407,0
66408,1
66409,4
66410,34
66411,6
66412,28
66413,6
66414,15
66415,49
66416,30
66417,40
66418,9
66419,24
66420,6
66421,9
66422,28
66423,55
66424,9
66425,27
66426,6
66427,28
66428,1
66429,8
66430,30
66431,1
66432,31
66433,40
66434,7
66435,19
66436,8
66437,24
66438,18
66439,49
66440,9
66441,9
66442,29
66443,59
66444,7
66445,39
66446,18
66447,58
66448,55
66449,2
66450,8
66451,47
66452,7
66453,30
66454,0
66455,4
66456,6
66457,0
66458,6
66459,7
66460,30
66461,27
66462,55
66463,6
66464,2
66465,9
66466,0
66467,12
66468,0
66469,1
66470,8
66471,24
66472,0
66473,20
66474,35
66475,0
66476,7
66477,30
66478,49
66479,10
66480,7
66481,19
66482,9
66483,2
66484,9
66485,2
66486,39
66487,5
66488,49
66489,9
66490,3
66491,40
66492,28
66493,7
66494,4
66495,12
66496,53
66497,3
66498,2
66499,4
66500,9
66501,28
66502,25
66503,28
66504,27
66505,3
66506,40
66507,9
66508,8
66509,53
66510,1
66511,0
66512,10
66513,7
66514,1
66515,8
66516,53
66517,47
66518,28
66519,1
66520,42
66521,18
66522,37
66523,55
66524,29
66525,2
66526,10
66527,40
66528,27
66529,3
66530,1
66531,55
66532,0
66533,7
66534,11
66535,10
66536,1
66537,6
66538,4
66539,25
66540,9
66541,0
66542,7
66543,13
66544,18
66545,4
66546,40
66547,6
66548,4
66549,40
66550,5
66551,3
66552,7
66553,34
66554,28
66555,19
66556,43
66557,28
66558,1
66559,7
66560,40
66561,5
66562,0
66563,44
66564,9
66565,8
66566,42
66567,0
66568,1
66569,39
66570,1
66571,0
66572,8
66573,2
66574,27
66575,59
66576,5
66577,55
66578,28
66579,1
66580,12
66581,24
66582,28
66583,18
66584,3
66585,8
66586,10
66587,28
66588,15
66589,2
66590,34
66591,9
66592,9
66593,3
66594,9
66595,37
66596,6
66597,0
66598,15
66599,5
66600,8
66601,3
66602,2
66603,36
66604,10
66605,29
66606,3
66607,1
66608,2
66609,5
66610,30
66611,22
66612,1
66613,57
66614,49
66615,26
66616,39
66617,53
66618,30
66619,8
66620,3
66621,0
66622,6
66623,2
66624,53
66625,21
66626,1
66627,28
66628,4
66629,55
66630,0
66631,37
66632,28
66633,35
66634,6
66635,5
66636,5
66637,3
66638,9
66639,7
66640,9
66641,8
66642,30
66643,7
66644,1
66645,53
66646,2
66647,6
66648,59
66649,3
66650,9
66651,6
66652,23
66653,49
66654,9
66655,5
66656,40
66657,7
66658,39
66659,21
66660,3
66661,3
66662,49
66663,7
66664,6
66665,1
66666,9
66667,40
66668,0
66669,0
66670,8
66671,25
66672,5
66673,53
66674,9
66675,4
66676,28
66677,7
66678,2
66679,8
66680,34
66681,12
66682,31
66683,42
66684,28
66685,49
66686,36
66687,0
66688,1
66689,25
66690,39
66691,1
66692,6
66693,25
66694,2
66695,8
66696,8
66697,15
66698,10
66699,55
66700,2
66701,7
66702,30
66703,3
66704,37
66705,21
66706,6
66707,1
66708,37
66709,24
66710,1
66711,1
66712,40
66713,7
66714,4
66715,18
66716,23
66717,49
66718,8
66719,0
66720,0
66721,3
66722,1
66723,1
66724,23
66725,49
66726,34
66727,47
66728,15
66729,8
66730,34
66731,5
66732,8
66733,59
66734,2
66735,4
66736,2
66737,36
66738,8
66739,3
66740,30
66741,2
66742,12
66743,22
66744,22
66745,12
66746,1
66747,32
66748,47
66749,16
66750,40
66751,9
66752,53
66753,12
66754,8
66755,9
66756,4
66757,28
66758,8
66759,33
66760,0
66761,25
66762,30
66763,18
66764,5
66765,9
66766,1
66767,9
66768,1
66769,6
66770,2
66771,4
66772,7
66773,17
66774,39
66775,24
66776,26
66777,27
66778,9
66779,23
66780,6
66781,43
66782,1
66783,36
66784,0
66785,57
66786,18
66787,1
66788,37
66789,0
66790,47
66791,30
66792,2
66793,24
66794,9
66795,43
66796,36
66797,5
66798,5
66799,55
66800,0
66801,5
66802,6
66803,23
66804,18
66805,43
66806,28
66807,7
66808,22
66809,49
66810,30
66811,7
66812,55
66813,3
66814,1
66815,11
66816,22
66817,43
66818,14
66819,5
66820,6
66821,1
66822,23
66823,4
66824,0
66825,0
66826,8
66827,14
66828,39
66829,3
66830,8
66831,5
66832,55
66833,43
66834,42
66835,28
66836,47
66837,28
66838,14
66839,15
66840,55
66841,40
66842,29
66843,3
66844,39
66845,49
66846,13
66847,39
66848,7
66849,55
66850,18
66851,4
66852,3
66853,8
66854,0
66855,0
66856,49
66857,8
66858,25
66859,23
66860,3
66861,45
66862,2
66863,1
66864,1
66865,4
66866,18
66867,28
66868,15
66869,3
66870,61
66871,1
66872,3
66873,0
66874,31
66875,3
66876,40
66877,34
66878,2
66879,22
66880,23
66881,20
66882,25
66883,5
66884,4
66885,3
66886,34
66887,43
66888,28
66889,9
66890,18
66891,40
66892,30
66893,39
66894,28
66895,28
66896,1
66897,8
66898,4
66899,2
66900,4
66901,25
66902,19
66903,2
66904,40
66905,24
66906,8
66907,8
66908,28
66909,3
66910,24
66911,1
66912,7
66913,28
66914,4
66915,39
66916,12
66917,3
66918,4
66919,32
66920,12
66921,24
66922,2
66923,0
66924,25
66925,28
66926,6
66927,4
66928,9
66929,52
66930,30
66931,30
66932,1
66933,1
66934,15
66935,4
66936,39
66937,49
66938,12
66939,27
66940,4
66941,8
66942,42
66943,15
66944,8
66945,1
66946,7
66947,10
66948,6
66949,37
66950,30
66951,2
66952,56
66953,39
66954,8
66955,3
66956,8
66957,12
66958,3
66959,9
66960,6
66961,5
66962,22
66963,3
66964,4
66965,0
66966,1
66967,39
66968,2
66969,25
66970,30
66971,6
66972,2
66973,1
66974,6
66975,29
66976,22
66977,12
66978,31
66979,0
66980,9
66981,3
66982,53
66983,0
66984,1
66985,0
66986,40
66987,24
66988,58
66989,4
66990,55
66991,1
66992,30
66993,4
66994,28
66995,2
66996,7
66997,7
66998,25
66999,34
67000,43
67001,0
67002,8
67003,15
67004,13
67005,3
67006,31
67007,45
67008,36
67009,9
67010,55
67011,3
67012,6
67013,4
67014,53
67015,24
67016,2
67017,0
67018,28
67019,15
67020,35
67021,29
67022,7
67023,1
67024,10
67025,3
67026,2
67027,36
67028,7
67029,55
67030,8
67031,40
67032,18
67033,29
67034,2
67035,8
67036,29
67037,2
67038,40
67039,7
67040,18
67041,3
67042,24
67043,7
67044,0
67045,12
67046,12
67047,12
67048,8
67049,5
67050,0
67051,3
67052,3
67053,8
67054,9
67055,6
67056,5
67057,58
67058,22
67059,7
67060,7
67061,30
67062,2
67063,15
67064,28
67065,59
67066,2
67067,4
67068,14
67069,30
67070,0
67071,2
67072,7
67073,2
67074,12
67075,4
67076,7
67077,0
67078,4
67079,3
67080,12
67081,20
67082,4
67083,30
67084,28
67085,28
67086,1
67087,9
67088,49
67089,47
67090,9
67091,5
67092,24
67093,1
67094,43
67095,7
67096,24
67097,55
67098,9
67099,2
67100,30
67101,8
67102,0
67103,55
67104,0
67105,23
67106,53
67107,39
67108,2
67109,52
67110,23
67111,8
67112,28
67113,2
67114,53
67115,29
67116,0
67117,24
67118,28
67119,36
67120,25
67121,3
67122,2
67123,24
67124,40
67125,28
67126,40
67127,1
67128,0
67129,3
67130,9
67131,32
67132,6
67133,1
67134,19
67135,10
67136,31
67137,17
67138,3
67139,5
67140,2
67141,24
67142,4
67143,28
67144,3
67145,8
67146,9
67147,5
67148,5
67149,28
67150,53
67151,6
67152,4
67153,14
67154,23
67155,4
67156,5
67157,0
67158,0
67159,2
67160,55
67161,4
67162,7
67163,3
67164,7
67165,55
67166,1
67167,31
67168,14
67169,6
67170,36
67171,0
67172,12
67173,3
67174,36
67175,2
67176,0
67177,34
67178,40
67179,29
67180,0
67181,40
67182,30
67183,18
67184,9
67185,6
67186,10
67187,9
67188,53
67189,40
67190,59
67191,1
67192,29
67193,34
67194,2
67195,7
67196,40
67197,1
67198,24
67199,39
67200,1
67201,40
67202,7
67203,12
67204,55
67205,36
67206,49
67207,37
67208,1
67209,25
67210,15
67211,44
67212,9
67213,47
67214,49
67215,43
67216,9
67217,22
67218,14
67219,29
67220,25
67221,1
67222,39
67223,17
67224,9
67225,58
67226,7
67227,15
67228,8
67229,5
67230,3
67231,4
67232,2
67233,1
67234,28
67235,6
67236,21
67237,18
67238,7
67239,29
67240,6
67241,1
67242,1
67243,3
67244,1
67245,6
67246,36
67247,0
67248,40
67249,40
67250,53
67251,28
67252,39
67253,25
67254,6
67255,2
67256,5
67257,0
67258,14
67259,4
67260,4
67261,15
67262,18
67263,40
67264,12
67265,39
67266,29
67267,29
67268,43
67269,30
67270,24
67271,53
67272,23
67273,1
67274,18
67275,6
67276,49
67277,59
67278,18
67279,18
67280,40
67281,40
67282,9
67283,5
67284,1
67285,1
67286,34
67287,7
67288,6
67289,9
67290,11
67291,1
67292,25
67293,6
67294,1
67295,46
67296,29
67297,3
67298,1
67299,35
67300,13
67301,6
67302,1
67303,28
67304,12
67305,28
67306,7
67307,12
67308,9
67309,28
67310,30
67311,3
67312,28
67313,47
67314,1
67315,17
67316,35
67317,4
67318,18
67319,28
67320,2
67321,0
67322,32
67323,24
67324,18
67325,28
67326,26
67327,8
67328,15
67329,8
67330,1
67331,2
67332,1
67333,15
67334,61
67335,12
67336,0
67337,59
67338,34
67339,0
67340,5
67341,8
67342,17
67343,53
67344,26
67345,8
67346,26
67347,7
67348,9
67349,49
67350,4
67351,2
67352,24
67353,28
67354,4
67355,1
67356,1
67357,29
67358,40
67359,23
67360,10
67361,7
67362,22
67363,32
67364,9
67365,6
67366,30
67367,1
67368,53
67369,1
67370,3
67371,8
67372,23
67373,43
67374,40
67375,28
67376,24
67377,55
67378,8
67379,7
67380,5
67381,49
67382,12
67383,29
67384,9
67385,18
67386,8
67387,14
67388,2
67389,29
67390,53
67391,2
67392,9
67393,25
67394,9
67395,3
67396,24
67397,19
67398,0
67399,15
67400,1
67401,37
67402,8
67403,6
67404,14
67405,28
67406,22
67407,2
67408,53
67409,18
67410,25
67411,5
67412,8
67413,3
67414,12
67415,6
67416,39
67417,6
67418,55
67419,39
67420,47
67421,37
67422,24
67423,2
67424,14
67425,0
67426,8
67427,53
67428,30
67429,53
67430,5
67431,5
67432,9
67433,24
67434,40
67435,7
67436,0
67437,7
67438,0
67439,2
67440,21
67441,59
67442,53
67443,5
67444,0
67445,2
67446,24
67447,53
67448,30
67449,24
67450,18
67451,1
67452,9
67453,3
67454,1
67455,2
67456,5
67457,29
67458,4
67459,11
67460,49
67461,6
67462,58
67463,18
67464,12
67465,53
67466,55
67467,2
67468,49
67469,29
67470,11
67471,40
67472,46
67473,12
67474,21
67475,18
67476,8
67477,22
67478,31
67479,3
67480,21
67481,1
67482,3
67483,0
67484,8
67485,15
67486,25
67487,7
67488,8
67489,3
67490,4
67491,2
67492,4
67493,6
67494,1
67495,5
67496,37
67497,1
67498,7
67499,7
67500,47
67501,0
67502,3
67503,24
67504,1
67505,6
67506,7
67507,29
67508,5
67509,2
67510,47
67511,18
67512,15
67513,8
67514,1
67515,55
67516,43
67517,8
67518,29
67519,59
67520,9
67521,29
67522,2
67523,45
67524,9
67525,2
67526,6
67527,37
67528,13
67529,24
67530,0
67531,1
67532,7
67533,28
67534,4
67535,3
67536,24
67537,29
67538,9
67539,53
67540,9
67541,53
67542,24
67543,36
67544,36
67545,58
67546,1
67547,8
67548,1
67549,40
67550,12
67551,14
67552,49
67553,9
67554,3
67555,13
67556,5
67557,1
67558,3
67559,0
67560,53
67561,9
67562,55
67563,1
67564,33
67565,24
67566,40
67567,29
67568,3
67569,6
67570,2
67571,55
67572,9
67573,6
67574,36
67575,36
67576,1
67577,8
67578,10
67579,40
67580,7
67581,13
67582,6
67583,7
67584,25
67585,2
67586,2
67587,55
67588,15
67589,13
67590,49
67591,9
67592,9
67593,2
67594,7
67595,8
67596,27
67597,12
67598,3
67599,17
67600,22
67601,9
67602,5
67603,49
67604,24
67605,6
67606,46
67607,49
67608,5
67609,5
67610,32
67611,18
67612,31
67613,1
67614,28
67615,7
67616,9
67617,3
67618,2
67619,7
67620,0
67621,8
67622,7
67623,24
67624,9
67625,0
67626,23
67627,2
67628,3
67629,37
67630,9
67631,2
67632,8
67633,12
67634,24
67635,28
67636,0
67637,28
67638,3
67639,3
67640,40
67641,40
67642,30
67643,9
67644,4
67645,4
67646,1
67647,43
67648,3
67649,7
67650,40
67651,53
67652,14
67653,46
67654,6
67655,3
67656,7
67657,24
67658,0
67659,18
67660,3
67661,26
67662,53
67663,49
67664,6
67665,0
67666,6
67667,31
67668,53
67669,4
67670,28
67671,1
67672,7
67673,40
67674,13
67675,6
67676,7
67677,53
67678,39
67679,0
67680,9
67681,0
67682,9
67683,28
67684,3
67685,7
67686,7
67687,36
67688,14
67689,0
67690,0
67691,4
67692,9
67693,3
67694,22
67695,15
67696,28
67697,8
67698,3
67699,37
67700,18
67701,1
67702,29
67703,4
67704,28
67705,30
67706,4
67707,43
67708,9
67709,18
67710,9
67711,3
67712,8
67713,37
67714,55
67715,15
67716,29
67717,1
67718,40
67719,55
67720,3
67721,27
67722,3
67723,28
67724,0
67725,18
67726,3
67727,1
67728,15
67729,0
67730,7
67731,7
67732,7
67733,24
67734,5
67735,8
67736,21
67737,1
67738,28
67739,7
67740,25
67741,7
67742,12
67743,18
67744,24
67745,5
67746,24
67747,6
67748,43
67749,3
67750,1
67751,21
67752,1
67753,3
67754,15
67755,22
67756,23
67757,22
67758,40
67759,5
67760,8
67761,4
67762,2
67763,30
67764,8
67765,29
67766,1
67767,11
67768,39
67769,6
67770,2
67771,3
67772,46
67773,0
67774,8
67775,7
67776,3
67777,9
67778,0
67779,3
67780,9
67781,4
67782,9
67783,23
67784,6
67785,11
67786,29
67787,3
67788,40
67789,0
67790,8
67791,1
67792,58
67793,0
67794,24
67795,29
67796,40
67797,28
67798,53
67799,39
67800,12
67801,39
67802,30
67803,3
67804,28
67805,1
67806,2
67807,60
67808,1
67809,3
67810,15
67811,14
67812,25
67813,39
67814,3
67815,1
67816,39
67817,1
67818,7
67819,30
67820,24
67821,6
67822,28
67823,34
67824,12
67825,3
67826,1
67827,10
67828,6
67829,7
67830,4
67831,6
67832,31
67833,49
67834,6
67835,3
67836,22
67837,9
67838,24
67839,15
67840,4
67841,4
67842,40
67843,5
67844,30
67845,1
67846,0
67847,5
67848,61
67849,2
67850,8
67851,24
67852,53
67853,40
67854,14
67855,31
67856,18
67857,0
67858,7
67859,46
67860,0
67861,18
67862,22
67863,6
67864,25
67865,5
67866,7
67867,9
67868,0
67869,49
67870,9
67871,26
67872,40
67873,8
67874,9
67875,53
67876,1
67877,24
67878,23
67879,39
67880,4
67881,5
67882,12
67883,30
67884,28
67885,9
67886,49
67887,6
67888,24
67889,12
67890,1
67891,7
67892,36
67893,0
67894,8
67895,27
67896,5
67897,53
67898,20
67899,5
67900,40
67901,4
67902,18
67903,28
67904,29
67905,53
67906,10
67907,3
67908,5
67909,15
67910,14
67911,6
67912,0
67913,4
67914,22
67915,55
67916,53
67917,17
67918,2
67919,49
67920,15
67921,58
67922,22
67923,22
67924,1
67925,24
67926,5
67927,6
67928,3
67929,0
67930,33
67931,16
67932,28
67933,6
67934,4
67935,8
67936,3
67937,40
67938,1
67939,2
67940,6
67941,19
67942,18
67943,23
67944,5
67945,18
67946,1
67947,8
67948,4
67949,1
67950,28
67951,1
67952,3
67953,1
67954,0
67955,7
67956,17
67957,9
67958,12
67959,1
67960,3
67961,1
67962,3
67963,1
67964,6
67965,3
67966,9
67967,4
67968,2
67969,1
67970,2
67971,28
67972,49
67973,1
67974,7
67975,5
67976,2
67977,9
67978,1
67979,0
67980,12
67981,8
67982,9
67983,28
67984,5
67985,49
67986,21
67987,2
67988,5
67989,31
67990,8
67991,47
67992,3
67993,4
67994,4
67995,30
67996,55
67997,19
67998,55
67999,9
68000,53
68001,30
68002,0
68003,40
68004,7
68005,7
68006,2
68007,10
68008,9
68009,29
68010,47
68011,36
68012,10
68013,29
68014,3
68015,39
68016,61
68017,28
68018,19
68019,9
68020,3
68021,39
68022,25
68023,19
68024,8
68025,2
68026,6
68027,24
68028,8
68029,4
68030,1
68031,6
68032,3
68033,55
68034,18
68035,34
68036,49
68037,18
68038,9
68039,40
68040,46
68041,30
68042,5
68043,8
68044,19
68045,0
68046,8
68047,18
68048,7
68049,6
68050,18
68051,18
68052,4
68053,6
68054,23
68055,9
68056,7
68057,33
68058,7
68059,12
68060,8
68061,25
68062,0
68063,12
68064,2
68065,43
68066,28
68067,0
68068,2
68069,43
68070,4
68071,8
68072,9
68073,28
68074,4
68075,28
68076,1
68077,1
68078,32
68079,5
68080,3
68081,9
68082,40
68083,8
68084,24
68085,0
68086,28
68087,5
68088,7
68089,25
68090,52
68091,15
68092,14
68093,7
68094,8
68095,9
68096,4
68097,7
68098,49
68099,17
68100,4
68101,16
68102,7
68103,28
68104,3
68105,24
68106,24
68107,40
68108,47
68109,7
68110,2
68111,6
68112,14
68113,9
68114,3
68115,12
68116,28
68117,28
68118,4
68119,32
68120,35
68121,22
68122,35
68123,7
68124,6
68125,4
68126,25
68127,3
68128,24
68129,23
68130,10
68131,12
68132,0
68133,3
68134,0
68135,30
68136,3
68137,1
68138,0
68139,24
68140,8
68141,12
68142,2
68143,8
68144,43
68145,2
68146,12
68147,2
68148,9
68149,7
68150,3
68151,36
68152,17
68153,28
68154,0
68155,9
68156,1
68157,24
68158,24
68159,22
68160,0
68161,24
68162,7
68163,6
68164,2
68165,22
68166,55
68167,9
68168,55
68169,15
68170,6
68171,15
68172,24
68173,11
68174,59
68175,2
68176,8
68177,28
68178,28
68179,3
68180,0
68181,7
68182,47
68183,9
68184,14
68185,28
68186,2
68187,1
68188,18
68189,6
68190,35
68191,3
68192,9
68193,53
68194,28
68195,0
68196,49
68197,3
68198,22
68199,3
68200,3
68201,28
68202,10
68203,2
68204,12
68205,6
68206,39
68207,15
68208,12
68209,22
68210,1
68211,8
68212,40
68213,4
68214,1
68215,10
68216,49
68217,34
68218,33
68219,1
68220,2
68221,28
68222,8
68223,12
68224,6
68225,55
68226,2
68227,18
68228,4
68229,52
68230,1
68231,30
68232,61
68233,9
68234,36
68235,12
68236,4
68237,37
68238,32
68239,55
68240,4
68241,2
68242,9
68243,24
68244,40
68245,1
68246,4
68247,52
68248,8
68249,0
68250,17
68251,5
68252,2
68253,24
68254,6
68255,46
68256,6
68257,24
68258,40
68259,1
68260,6
68261,8
68262,34
68263,5
68264,19
68265,40
68266,4
68267,3
68268,5
68269,55
68270,6
68271,39
68272,55
68273,1
68274,0
68275,9
68276,24
68277,8
68278,49
68279,6
68280,6
68281,8
68282,5
68283,9
68284,22
68285,3
68286,15
68287,21
68288,12
68289,0
68290,0
68291,39
68292,2
68293,2
68294,3
68295,12
68296,37
68297,53
68298,29
68299,4
68300,16
68301,9
68302,4
68303,0
68304,28
68305,8
68306,36
68307,7
68308,29
68309,6
68310,3
68311,4
68312,3
68313,55
68314,30
68315,55
68316,55
68317,0
68318,40
68319,53
68320,4
68321,47
68322,7
68323,1
68324,5
68325,5
68326,11
68327,19
68328,0
68329,46
68330,28
68331,2
68332,6
68333,1
68334,40
68335,15
68336,1
68337,24
68338,55
68339,5
68340,4
68341,31
68342,55
68343,5
68344,8
68345,37
68346,32
68347,55
68348,8
68349,7
68350,30
68351,22
68352,31
68353,37
68354,15
68355,24
68356,21
68357,55
68358,18
68359,2
68360,15
68361,16
68362,24
68363,49
68364,5
68365,13
68366,30
68367,5
68368,22
68369,43
68370,0
68371,8
68372,3
68373,40
68374,59
68375,0
68376,0
68377,30
68378,2
68379,0
68380,40
68381,8
68382,31
68383,2
68384,15
68385,2
68386,0
68387,4
68388,35
68389,1
68390,28
68391,40
68392,0
68393,28
68394,22
68395,12
68396,1
68397,0
68398,53
68399,61
68400,28
68401,39
68402,4
68403,9
68404,3
68405,28
68406,7
68407,34
68408,3
68409,12
68410,31
68411,9
68412,8
68413,55
68414,55
68415,12
68416,8
68417,22
68418,43
68419,40
68420,13
68421,35
68422,10
68423,39
68424,1
68425,43
68426,42
68427,24
68428,1
68429,2
68430,22
68431,7
68432,9
68433,2
68434,9
68435,30
68436,9
68437,0
68438,24
68439,7
68440,2
68441,1
68442,3
68443,28
68444,31
68445,12
68446,2
68447,8
68448,49
68449,40
68450,1
68451,9
68452,7
68453,1
68454,5
68455,22
68456,0
68457,23
68458,60
68459,55
68460,0
68461,5
68462,24
68463,23
68464,44
68465,4
68466,15
68467,4
68468,53
68469,6
68470,34
68471,9
68472,53
68473,3
68474,8
68475,0
68476,24
68477,37
68478,15
68479,11
68480,16
68481,23
68482,5
68483,19
68484,40
68485,30
68486,6
68487,26
68488,1
68489,44
68490,40
68491,40
68492,53
68493,9
68494,24
68495,0
68496,2
68497,40
68498,6
68499,9
68500,7
68501,0
68502,0
68503,59
68504,43
68505,28
68506,9
68507,6
68508,4
68509,7
68510,7
68511,4
68512,20
68513,8
68514,9
68515,0
68516,9
68517,0
68518,47
68519,8
68520,1
68521,9
68522,2
68523,32
68524,23
68525,3
68526,28
68527,1
68528,0
68529,23
68530,25
68531,4
68532,1
68533,7
68534,2
68535,0
68536,0
68537,3
68538,19
68539,24
68540,3
68541,1
68542,6
68543,2
68544,13
68545,12
68546,15
68547,8
68548,49
68549,29
68550,1
68551,0
68552,21
68553,28
68554,0
68555,45
68556,40
68557,1
68558,24
68559,8
68560,6
68561,18
68562,7
68563,6
68564,30
68565,53
68566,55
68567,5
68568,30
68569,36
68570,4
68571,35
68572,37
68573,23
68574,34
68575,43
68576,0
68577,30
68578,55
68579,26
68580,3
68581,1
68582,12
68583,29
68584,4
68585,18
68586,2
68587,28
68588,6
68589,4
68590,24
68591,25
68592,9
68593,7
68594,7
68595,0
68596,22
68597,2
68598,31
68599,9
68600,3
68601,3
68602,1
68603,21
68604,9
68605,2
68606,6
68607,2
68608,55
68609,24
68610,5
68611,36
68612,9
68613,9
68614,24
68615,6
68616,40
68617,4
68618,8
68619,28
68620,28
68621,2
68622,0
68623,49
68624,27
68625,18
68626,3
68627,14
68628,8
68629,9
68630,40
68631,4
68632,2
68633,1
68634,7
68635,24
68636,16
68637,39
68638,2
68639,0
68640,1
68641,6
68642,18
68643,55
68644,8
68645,8
68646,7
68647,49
68648,24
68649,22
68650,6
68651,43
68652,61
68653,12
68654,1
68655,8
68656,1
68657,0
68658,12
68659,37
68660,46
68661,59
68662,11
68663,22
68664,28
68665,55
68666,3
68667,37
68668,18
68669,40
68670,8
68671,1
68672,22
68673,28
68674,0
68675,23
68676,1
68677,23
68678,22
68679,21
68680,13
68681,2
68682,5
68683,3
68684,1
68685,23
68686,6
68687,6
68688,0
68689,40
68690,30
68691,8
68692,9
68693,4
68694,40
68695,2
68696,0
68697,1
68698,3
68699,4
68700,15
68701,3
68702,9
68703,1
68704,32
68705,7
68706,24
68707,4
68708,46
68709,4
68710,24
68711,36
68712,5
68713,1
68714,28
68715,0
68716,55
68717,28
68718,6
68719,4
68720,4
68721,9
68722,7
68723,5
68724,14
68725,5
68726,47
68727,25
68728,39
68729,39
68730,7
68731,53
68732,40
68733,12
68734,0
68735,7
68736,8
68737,6
68738,6
68739,0
68740,7
68741,30
68742,7
68743,0
68744,3
68745,46
68746,2
68747,40
68748,3
68749,9
68750,43
68751,28
68752,8
68753,7
68754,9
68755,10
68756,6
68757,17
68758,30
68759,55
68760,7
68761,46
68762,18
68763,9
68764,52
68765,9
68766,10
68767,13
68768,28
68769,5
68770,28
68771,61
68772,2
68773,5
68774,12
68775,4
68776,0
68777,28
68778,24
68779,1
68780,55
68781,12
68782,3
68783,33
68784,5
68785,3
68786,7
68787,15
68788,36
68789,53
68790,6
68791,4
68792,22
68793,0
68794,3
68795,1
68796,18
68797,6
68798,49
68799,5
68800,24
68801,12
68802,6
68803,2
68804,3
68805,3
68806,28
68807,7
68808,28
68809,55
68810,28
68811,1
68812,5
68813,24
68814,13
68815,3
68816,1
68817,4
68818,10
68819,5
68820,3
68821,40
68822,8
68823,40
68824,30
68825,4
68826,2
68827,6
68828,23
68829,8
68830,49
68831,1
68832,1
68833,42
68834,1
68835,1
68836,2
68837,9
68838,6
68839,9
68840,34
68841,57
68842,6
68843,0
68844,6
68845,18
68846,15
68847,6
68848,18
68849,49
68850,39
68851,27
68852,20
68853,59
68854,3
68855,3
68856,0
68857,17
68858,1
68859,30
68860,1
68861,3
68862,4
68863,4
68864,55
68865,22
68866,7
68867,28
68868,7
68869,5
68870,7
68871,4
68872,10
68873,22
68874,28
68875,39
68876,24
68877,9
68878,14
68879,36
68880,8
68881,28
68882,25
68883,8
68884,23
68885,8
68886,0
68887,12
68888,0
68889,40
68890,6
68891,29
68892,8
68893,1
68894,9
68895,49
68896,6
68897,8
68898,20
68899,24
68900,3
68901,28
68902,31
68903,12
68904,3
68905,6
68906,27
68907,55
68908,6
68909,60
68910,11
68911,4
68912,5
68913,42
68914,3
68915,11
68916,26
68917,4
68918,3
68919,6
68920,53
68921,0
68922,40
68923,8
68924,28
68925,3
68926,1
68927,36
68928,31
68929,5
68930,40
68931,5
68932,12
68933,12
68934,4
68935,3
68936,9
68937,3
68938,12
68939,27
68940,40
68941,6
68942,14
68943,24
68944,3
68945,43
68946,24
68947,22
68948,14
68949,3
68950,1
68951,1
68952,1
68953,24
68954,2
68955,0
68956,4
68957,5
68958,53
68959,10
68960,27
68961,12
68962,36
68963,24
68964,58
68965,4
68966,18
68967,3
68968,9
68969,4
68970,28
68971,6
68972,1
68973,2
68974,17
68975,3
68976,5
68977,30
68978,29
68979,40
68980,30
68981,9
68982,24
68983,6
68984,8
68985,4
68986,17
68987,40
68988,53
68989,9
68990,0
68991,24
68992,30
68993,4
68994,7
68995,18
68996,15
68997,2
68998,28
68999,8
69000,53
69001,46
69002,32
69003,22
69004,2
69005,4
69006,3
69007,7
69008,1
69009,2
69010,27
69011,22
69012,5
69013,5
69014,9
69015,1
69016,1
69017,2
69018,25
69019,55
69020,40
69021,4
69022,8
69023,9
69024,27
69025,40
69026,9
69027,8
69028,21
69029,8
69030,5
69031,29
69032,24
69033,1
69034,10
69035,49
69036,14
69037,0
69038,0
69039,18
69040,7
69041,26
69042,60
69043,1
69044,0
69045,2
69046,9
69047,7
69048,19
69049,4
69050,21
69051,0
69052,39
69053,39
69054,40
69055,29
69056,6
69057,5
69058,7
69059,5
69060,0
69061,10
69062,3
69063,8
69064,27
69065,4
69066,6
69067,24
69068,8
69069,6
69070,49
69071,4
69072,40
69073,1
69074,40
69075,8
69076,18
69077,2
69078,25
69079,36
69080,5
69081,9
69082,4
69083,0
69084,8
69085,43
69086,8
69087,4
69088,2
69089,55
69090,40
69091,5
69092,0
69093,3
69094,55
69095,53
69096,8
69097,0
69098,55
69099,24
69100,1
69101,27
69102,9
69103,18
69104,23
69105,6
69106,10
69107,7
69108,6
69109,1
69110,24
69111,4
69112,55
69113,43
69114,23
69115,0
69116,0
69117,2
69118,3
69119,1
69120,49
69121,0
69122,55
69123,42
69124,5
69125,4
69126,0
69127,55
69128,22
69129,43
69130,0
69131,29
69132,7
69133,21
69134,12
69135,36
69136,7
69137,28
69138,8
69139,2
69140,14
69141,7
69142,4
69143,0
69144,9
69145,39
69146,6
69147,1
69148,7
69149,18
69150,30
69151,4
69152,30
69153,7
69154,8
69155,1
69156,6
69157,4
69158,9
69159,1
69160,40
69161,39
69162,49
69163,4
69164,32
69165,4
69166,10
69167,6
69168,22
69169,30
69170,4
69171,7
69172,6
69173,6
69174,55
69175,49
69176,0
69177,5
69178,55
69179,36
69180,8
69181,1
69182,15
69183,28
69184,2
69185,9
69186,5
69187,9
69188,0
69189,16
69190,7
69191,8
69192,23
69193,6
69194,6
69195,0
69196,4
69197,0
69198,12
69199,43
69200,12
69201,9
69202,29
69203,49
69204,4
69205,7
69206,40
69207,4
69208,36
69209,9
69210,8
69211,23
69212,5
69213,0
69214,23
69215,24
69216,55
69217,0
69218,43
69219,9
69220,0
69221,37
69222,18
69223,3
69224,24
69225,24
69226,0
69227,18
69228,4
69229,55
69230,28
69231,1
69232,12
69233,58
69234,5
69235,32
69236,7
69237,9
69238,28
69239,2
69240,5
69241,4
69242,6
69243,16
69244,6
69245,46
69246,3
69247,40
69248,1
69249,19
69250,20
69251,4
69252,25
69253,1
69254,47
69255,3
69256,40
69257,8
69258,9
69259,7
69260,0
69261,4
69262,1
69263,31
69264,8
69265,23
69266,3
69267,55
69268,9
69269,22
69270,42
69271,40
69272,4
69273,12
69274,4
69275,2
69276,43
69277,28
69278,22
69279,25
69280,49
69281,35
69282,7
69283,28
69284,7
69285,6
69286,28
69287,4
69288,52
69289,7
69290,8
69291,2
69292,9
69293,6
69294,3
69295,9
69296,24
69297,18
69298,9
69299,1
69300,0
69301,8
69302,3
69303,40
69304,2
69305,10
69306,13
69307,1
69308,4
69309,2
69310,8
69311,12
69312,1
69313,4
69314,55
69315,55
69316,1
69317,5
69318,8
69319,10
69320,10
69321,2
69322,55
69323,6
69324,0
69325,5
69326,15
69327,4
69328,8
69329,29
69330,3
69331,7
69332,4
69333,0
69334,0
69335,40
69336,36
69337,37
69338,0
69339,4
69340,28
69341,9
69342,49
69343,36
69344,0
69345,36
69346,9
69347,33
69348,30
69349,53
69350,4
69351,12
69352,0
69353,34
69354,9
69355,21
69356,4
69357,3
69358,7
69359,37
69360,25
69361,28
69362,53
69363,1
69364,4
69365,7
69366,36
69367,8
69368,2
69369,34
69370,12
69371,4
69372,24
69373,28
69374,53
69375,48
69376,12
69377,0
69378,0
69379,2
69380,4
69381,55
69382,2
69383,52
69384,36
69385,1
69386,3
69387,8
69388,0
69389,1
69390,8
69391,1
69392,2
69393,30
69394,3
69395,12
69396,15
69397,9
69398,1
69399,9
69400,43
69401,43
69402,8
69403,28
69404,43
69405,2
69406,2
69407,22
69408,8
69409,4
69410,15
69411,36
69412,5
69413,4
69414,7
69415,30
69416,40
69417,1
69418,25
69419,13
69420,53
69421,12
69422,5
69423,11
69424,40
69425,6
69426,36
69427,17
69428,4
69429,7
69430,6
69431,40
69432,40
69433,24
69434,55
69435,55
69436,22
69437,53
69438,12
69439,17
69440,31
69441,0
69442,49
69443,25
69444,9
69445,0
69446,53
69447,40
69448,9
69449,3
69450,21
69451,1
69452,0
69453,8
69454,52
69455,8
69456,28
69457,6
69458,8
69459,43
69460,11
69461,3
69462,3
69463,8
69464,53
69465,58
69466,3
69467,2
69468,6
69469,22
69470,7
69471,30
69472,8
69473,30
69474,6
69475,29
69476,40
69477,23
69478,49
69479,30
69480,2
69481,6
69482,24
69483,30
69484,59
69485,24
69486,15
69487,39
69488,5
69489,20
69490,1
69491,9
69492,19
69493,12
69494,4
69495,36
69496,8
69497,0
69498,8
69499,28
69500,0
69501,3
69502,0
69503,0
69504,12
69505,18
69506,2
69507,31
69508,43
69509,1
69510,39
69511,1
69512,4
69513,0
69514,23
69515,1
69516,20
69517,40
69518,7
69519,4
69520,24
69521,60
69522,9
69523,47
69524,11
69525,2
69526,18
69527,53
69528,2
69529,1
69530,8
69531,10
69532,40
69533,0
69534,43
69535,30
69536,36
69537,21
69538,40
69539,9
69540,28
69541,55
69542,25
69543,9
69544,12
69545,55
69546,12
69547,0
69548,4
69549,24
69550,4
69551,42
69552,30
69553,4
69554,49
69555,29
69556,5
69557,43
69558,3
69559,0
69560,40
69561,59
69562,28
69563,3
69564,1
69565,49
69566,1
69567,7
69568,15
69569,55
69570,15
69571,4
69572,12
69573,8
69574,3
69575,53
69576,9
69577,8
69578,53
69579,5
69580,10
69581,3
69582,4
69583,58
69584,30
69585,8
69586,53
69587,39
69588,31
69589,18
69590,53
69591,7
69592,53
69593,6
69594,53
69595,28
69596,32
69597,8
69598,24
69599,39
69600,4
69601,7
69602,53
69603,6
69604,49
69605,11
69606,8
69607,31
69608,0
69609,3
69610,7
69611,25
69612,23
69613,39
69614,1
69615,7
69616,29
69617,1
69618,1
69619,3
69620,6
69621,2
69622,22
69623,37
69624,0
69625,18
69626,6
69627,1
69628,6
69629,29
69630,0
69631,3
69632,23
69633,28
69634,6
69635,25
69636,1
69637,59
69638,7
69639,55
69640,5
69641,5
69642,40
69643,6
69644,31
69645,24
69646,58
69647,3
69648,0
69649,10
69650,1
69651,0
69652,39
69653,7
69654,29
69655,3
69656,53
69657,34
69658,2
69659,24
69660,53
69661,5
69662,4
69663,36
69664,7
69665,3
69666,2
69667,37
69668,7
69669,2
69670,2
69671,17
69672,1
69673,27
69674,1
69675,3
69676,28
69677,3
69678,23
69679,0
69680,6
69681,9
69682,3
69683,8
69684,6
69685,40
69686,28
69687,4
69688,3
69689,7
69690,25
69691,25
69692,0
69693,5
69694,4
69695,59
69696,7
69697,11
69698,2
69699,12
69700,7
69701,11
69702,28
69703,40
69704,1
69705,2
69706,3
69707,40
69708,15
69709,7
69710,3
69711,0
69712,1
69713,7
69714,6
69715,7
69716,22
69717,39
69718,24
69719,10
69720,25
69721,36
69722,23
69723,22
69724,24
69725,12
69726,28
69727,1
69728,4
69729,4
69730,0
69731,40
69732,25
69733,55
69734,1
69735,3
69736,28
69737,22
69738,39
69739,28
69740,2
69741,0
69742,2
69743,4
69744,40
69745,12
69746,43
69747,24
69748,24
69749,40
69750,8
69751,6
69752,29
69753,3
69754,24
69755,4
69756,3
69757,3
69758,9
69759,8
69760,14
69761,4
69762,43
69763,15
69764,59
69765,39
69766,32
69767,30
69768,7
69769,18
69770,3
69771,5
69772,8
69773,24
69774,5
69775,23
69776,39
69777,24
69778,3
69779,55
69780,55
69781,1
69782,14
69783,47
69784,30
69785,43
69786,2
69787,0
69788,0
69789,46
69790,29
69791,0
69792,14
69793,1
69794,7
69795,5
69796,9
69797,6
69798,18
69799,25
69800,0
69801,31
69802,19
69803,9
69804,40
69805,55
69806,9
69807,1
69808,8
69809,27
69810,1
69811,12
69812,5
69813,2
69814,9
69815,6
69816,7
69817,21
69818,12
69819,1
69820,25
69821,3
69822,49
69823,16
69824,8
69825,39
69826,46
69827,8
69828,53
69829,7
69830,13
69831,15
69832,0
69833,4
69834,49
69835,13
69836,40
69837,1
69838,36
69839,19
69840,14
69841,9
69842,27
69843,30
69844,1
69845,2
69846,55
69847,0
69848,12
69849,7
69850,9
69851,5
69852,1
69853,53
69854,1
69855,2
69856,4
69857,9
69858,17
69859,8
69860,40
69861,1
69862,6
69863,3
69864,1
69865,7
69866,5
69867,55
69868,40
69869,7
69870,28
69871,4
69872,4
69873,1
69874,8
69875,2
69876,6
69877,42
69878,40
69879,8
69880,25
69881,9
69882,18
69883,2
69884,1
69885,0
69886,3
69887,47
69888,6
69889,36
69890,4
69891,24
69892,4
69893,55
69894,49
69895,4
69896,1
69897,24
69898,9
69899,6
69900,7
69901,58
69902,24
69903,39
69904,0
69905,2
69906,53
69907,0
69908,3
69909,28
69910,4
69911,8
69912,7
69913,2
69914,7
69915,5
69916,33
69917,6
69918,37
69919,0
69920,40
69921,1
69922,5
69923,2
69924,1
69925,8
69926,53
69927,4
69928,8
69929,30
69930,33
69931,32
69932,28
69933,6
69934,36
69935,15
69936,2
69937,2
69938,4
69939,2
69940,1
69941,9
69942,60
69943,2
69944,7
69945,7
69946,55
69947,11
69948,18
69949,9
69950,0
69951,29
69952,28
69953,10
69954,53
69955,12
69956,33
69957,0
69958,24
69959,4
69960,0
69961,49
69962,4
69963,0
69964,6
69965,36
69966,1
69967,4
69968,31
69969,1
69970,9
69971,6
69972,6
69973,14
69974,1
69975,5
69976,9
69977,12
69978,4
69979,36
69980,1
69981,8
69982,4
69983,3
69984,30
69985,28
69986,2
69987,4
69988,7
69989,0
69990,0
69991,35
69992,5
69993,0
69994,2
69995,31
69996,29
69997,0
69998,34
69999,55
70000,0
70001,28
70002,7
70003,4
70004,55
70005,9
70006,40
70007,4
70008,3
70009,28
70010,28
70011,14
70012,3
70013,3
70014,7
70015,2
70016,11
70017,12
70018,7
70019,6
70020,46
70021,3
70022,3
70023,23
70024,15
70025,3
70026,61
70027,25
70028,2
70029,2
70030,31
70031,8
70032,2
70033,25
70034,3
70035,45
70036,23
70037,0
70038,0
70039,55
70040,59
70041,24
70042,39
70043,55
70044,21
70045,22
70046,32
70047,19
70048,53
70049,6
70050,2
70051,0
70052,5
70053,7
70054,2
70055,40
70056,43
70057,7
70058,23
70059,21
70060,19
70061,42
70062,9
70063,27
70064,45
70065,5
70066,10
70067,8
70068,7
70069,24
70070,31
70071,1
70072,7
70073,6
70074,36
70075,55
70076,25
70077,3
70078,49
70079,35
70080,49
70081,32
70082,1
70083,2
70084,8
70085,49
70086,15
70087,47
70088,3
70089,40
70090,49
70091,47
70092,26
70093,4
70094,0
70095,27
70096,2
70097,2
70098,49
70099,30
70100,6
70101,27
70102,0
70103,55
70104,40
70105,4
70106,8
70107,23
70108,1
70109,0
70110,30
70111,3
70112,6
70113,28
70114,2
70115,6
70116,24
70117,48
70118,40
70119,3
70120,53
70121,2
70122,0
70123,8
70124,12
70125,2
70126,37
70127,32
70128,24
70129,6
70130,36
70131,1
70132,30
70133,53
70134,43
70135,8
70136,2
70137,36
70138,9
70139,14
70140,59
70141,6
70142,53
70143,1
70144,5
70145,40
70146,8
70147,6
70148,1
70149,0
70150,39
70151,1
70152,6
70153,30
70154,24
70155,3
70156,58
70157,0
70158,12
70159,36
70160,0
70161,4
70162,18
70163,12
70164,0
70165,24
70166,0
70167,0
70168,15
70169,43
70170,34
70171,40
70172,30
70173,55
70174,15
70175,12
70176,22
70177,0
70178,11
70179,6
70180,4
70181,13
70182,0
70183,8
70184,14
70185,18
70186,0
70187,39
70188,2
70189,39
70190,40
70191,40
70192,8
70193,1
70194,8
70195,1
70196,55
70197,37
70198,3
70199,6
70200,23
70201,53
70202,40
70203,20
70204,31
70205,1
70206,30
70207,0
70208,8
70209,8
70210,59
70211,61
70212,53
70213,0
70214,8
70215,7
70216,12
70217,0
70218,36
70219,14
70220,22
70221,21
70222,42
70223,7
70224,8
70225,7
70226,10
70227,40
70228,13
70229,6
70230,18
70231,49
70232,29
70233,2
70234,6
70235,39
70236,1
70237,28
70238,9
70239,1
70240,1
70241,2
70242,9
70243,27
70244,4
70245,3
70246,8
70247,12
70248,5
70249,28
70250,17
70251,43
70252,24
70253,32
70254,30
70255,9
70256,15
70257,3
70258,28
70259,12
70260,0
70261,5
70262,20
70263,55
70264,3
70265,19
70266,30
70267,6
70268,2
70269,12
70270,6
70271,7
70272,40
70273,31
70274,29
70275,36
70276,47
70277,1
70278,28
70279,0
70280,55
70281,4
70282,9
70283,8
70284,4
70285,45
70286,0
70287,4
70288,2
70289,24
70290,6
70291,6
70292,1
70293,18
70294,32
70295,8
70296,9
70297,28
70298,7
70299,6
70300,20
70301,2
70302,3
70303,6
70304,6
70305,40
70306,40
70307,33
70308,0
70309,36
70310,1
70311,4
70312,6
70313,7
70314,34
70315,3
70316,40
70317,3
70318,0
70319,1
70320,28
70321,46
70322,3
70323,0
70324,23
70325,6
70326,18
70327,7
70328,1
70329,3
70330,1
70331,40
70332,8
70333,36
70334,36
70335,4
70336,32
70337,1
70338,29
70339,9
70340,4
70341,27
70342,0
70343,25
70344,28
70345,15
70346,1
70347,0
70348,9
70349,30
70350,7
70351,9
70352,36
70353,0
70354,30
70355,9
70356,22
70357,4
70358,13
70359,40
70360,15
70361,58
70362,9
70363,24
70364,12
70365,1
70366,9
70367,1
70368,3
70369,24
70370,1
70371,7
70372,5
70373,3
70374,36
70375,0
70376,9
70377,40
70378,16
70379,8
70380,6
70381,21
70382,9
70383,10
70384,8
70385,1
70386,2
70387,40
70388,53
70389,39
70390,5
70391,8
70392,25
70393,6
70394,55
70395,1
70396,4
70397,7
70398,4
70399,2
70400,4
70401,8
70402,12
70403,21
70404,28
70405,35
70406,23
70407,2
70408,18
70409,22
70410,1
70411,20
70412,55
70413,6
70414,27
70415,2
70416,24
70417,10
70418,24
70419,28
70420,24
70421,29
70422,28
70423,6
70424,12
70425,0
70426,2
70427,24
70428,7
70429,55
70430,28
70431,0
70432,1
70433,22
70434,1
70435,3
70436,7
70437,3
70438,6
70439,2
70440,2
70441,1
70442,43
70443,5
70444,24
70445,49
70446,30
70447,3
70448,1
70449,8
70450,5
70451,37
70452,6
70453,5
70454,22
70455,5
70456,11
70457,3
70458,3
70459,39
70460,8
70461,9
70462,7
70463,28
70464,10
70465,4
70466,43
70467,16
70468,45
70469,0
70470,37
70471,43
70472,28
70473,5
70474,37
70475,1
70476,29
70477,4
70478,9
70479,39
70480,1
70481,21
70482,37
70483,53
70484,52
70485,24
70486,4
70487,7
70488,34
70489,2
70490,0
70491,7
70492,3
70493,24
70494,8
70495,0
70496,29
70497,23
70498,24
70499,1
70500,23
70501,0
70502,9
70503,30
70504,53
70505,1
70506,4
70507,7
70508,24
70509,49
70510,1
70511,25
70512,8
70513,9
70514,6
70515,8
70516,2
70517,2
70518,1
70519,34
70520,43
70521,2
70522,36
70523,40
70524,40
70525,31
70526,39
70527,25
70528,0
70529,15
70530,39
70531,2
70532,22
70533,16
70534,28
70535,31
70536,49
70537,9
70538,1
70539,1
70540,19
70541,36
70542,24
70543,6
70544,3
70545,37
70546,33
70547,19
70548,37
70549,1
70550,3
70551,25
70552,3
70553,12
70554,2
70555,4
70556,7
70557,3
70558,34
70559,6
70560,5
70561,55
70562,49
70563,8
70564,2
70565,18
70566,5
70567,35
70568,5
70569,28
70570,4
70571,0
70572,23
70573,2
70574,55
70575,25
70576,14
70577,25
70578,3
70579,4
70580,12
70581,59
70582,55
70583,9
70584,6
70585,55
70586,24
70587,30
70588,28
70589,40
70590,0
70591,1
70592,6
70593,9
70594,5
70595,43
70596,0
70597,9
70598,40
70599,0
70600,1
70601,11
70602,39
70603,49
70604,61
70605,0
70606,3
70607,12
70608,36
70609,41
70610,34
70611,5
70612,1
70613,17
70614,24
70615,30
70616,0
70617,40
70618,3
70619,10
70620,25
70621,1
70622,2
70623,7
70624,4
70625,8
70626,0
70627,1
70628,36
70629,0
70630,1
70631,6
70632,12
70633,8
70634,8
70635,0
70636,3
70637,18
70638,13
70639,1
70640,1
70641,53
70642,3
70643,2
70644,7
70645,4
70646,9
70647,21
70648,40
70649,8
70650,15
70651,6
70652,40
70653,36
70654,13
70655,43
70656,1
70657,58
70658,2
70659,7
70660,4
70661,22
70662,0
70663,0
70664,9
70665,55
70666,6
70667,28
70668,10
70669,53
70670,20
70671,49
70672,0
70673,28
70674,3
70675,4
70676,36
70677,24
70678,28
70679,49
70680,4
70681,8
70682,30
70683,55
70684,2
70685,12
70686,2
70687,5
70688,8
70689,3
70690,39
70691,40
70692,29
70693,30
70694,1
70695,30
70696,3
70697,10
70698,25
70699,11
70700,1
70701,1
70702,43
70703,3
70704,51
70705,39
70706,7
70707,42
70708,52
70709,1
70710,40
70711,8
70712,1
70713,4
70714,0
70715,12
70716,37
70717,7
70718,25
70719,40
70720,18
70721,25
70722,8
70723,20
70724,24
70725,28
70726,23
70727,0
70728,30
70729,8
70730,23
70731,2
70732,39
70733,53
70734,25
70735,2
70736,40
70737,36
70738,22
70739,3
70740,5
70741,9
70742,7
70743,30
70744,9
70745,1
70746,3
70747,37
70748,11
70749,19
70750,0
70751,30
70752,24
70753,6
70754,2
70755,3
70756,24
70757,9
70758,5
70759,36
70760,4
70761,25
70762,6
70763,43
70764,9
70765,55
70766,8
70767,32
70768,0
70769,1
70770,8
70771,22
70772,49
70773,55
70774,2
70775,22
70776,1
70777,28
70778,23
70779,1
70780,6
70781,1
70782,14
70783,29
70784,1
70785,5
70786,1
70787,22
70788,4
70789,9
70790,21
70791,4
70792,2
70793,8
70794,24
70795,55
70796,6
70797,15
70798,24
70799,6
70800,12
70801,0
70802,43
70803,8
70804,0
70805,29
70806,28
70807,1
70808,19
70809,6
70810,25
70811,9
70812,4
70813,40
70814,0
70815,8
70816,28
70817,8
70818,8
70819,0
70820,43
70821,27
70822,1
70823,23
70824,6
70825,0
70826,1
70827,24
70828,6
70829,53
70830,0
70831,25
70832,28
70833,4
70834,55
70835,2
70836,52
70837,0
70838,5
70839,26
70840,0
70841,4
70842,15
70843,5
70844,3
70845,7
70846,1
70847,28
70848,3
70849,49
70850,9
70851,6
70852,5
70853,8
70854,8
70855,3
70856,5
70857,24
70858,10
70859,30
70860,7
70861,30
70862,7
70863,28
70864,31
70865,7
70866,1
70867,33
70868,9
70869,2
70870,0
70871,0
70872,0
70873,4
70874,2
70875,3
70876,55
70877,53
70878,35
70879,8
70880,4
70881,49
70882,1
70883,40
70884,28
70885,0
70886,53
70887,49
70888,36
70889,2
70890,23
70891,7
70892,4
70893,34
70894,53
70895,39
70896,3
70897,1
70898,47
70899,25
70900,7
70901,6
70902,12
70903,1
70904,30
70905,3
70906,8
70907,40
70908,28
70909,0
70910,9
70911,37
70912,40
70913,29
70914,5
70915,18
70916,3
70917,9
70918,1
70919,1
70920,1
70921,2
70922,0
70923,31
70924,5
70925,46
70926,19
70927,4
70928,6
70929,39
70930,36
70931,1
70932,24
70933,32
70934,0
70935,25
70936,27
70937,1
70938,39
70939,9
70940,0
70941,0
70942,8
70943,18
70944,2
70945,0
70946,28
70947,3
70948,4
70949,8
70950,8
70951,1
70952,53
70953,1
70954,40
70955,24
70956,0
70957,28
70958,32
70959,7
70960,10
70961,7
70962,1
70963,31
70964,1
70965,9
70966,58
70967,9
70968,34
70969,1
70970,12
70971,0
70972,4
70973,7
70974,28
70975,1
70976,0
70977,9
70978,5
70979,25
70980,36
70981,30
70982,8
70983,43
70984,8
70985,1
70986,10
70987,39
70988,30
70989,55
70990,1
70991,1
70992,4
70993,5
70994,7
70995,8
70996,6
70997,7
70998,5
70999,33
71000,28
71001,45
71002,37
71003,0
71004,1
71005,40
71006,39
71007,28
71008,6
71009,4
71010,49
71011,4
71012,7
71013,2
71014,22
71015,47
71016,35
71017,7
71018,0
71019,14
71020,56
71021,11
71022,30
71023,28
71024,27
71025,9
71026,28
71027,35
71028,3
71029,2
71030,22
71031,2
71032,8
71033,24
71034,24
71035,39
71036,1
71037,24
71038,9
71039,61
71040,30
71041,6
71042,1
71043,28
71044,60
71045,55
71046,15
71047,31
71048,29
71049,8
71050,3
71051,1
71052,16
71053,1
71054,1
71055,15
71056,45
71057,7
71058,9
71059,7
71060,8
71061,39
71062,7
71063,9
71064,55
71065,7
71066,5
71067,30
71068,1
71069,0
71070,6
71071,31
71072,53
71073,3
71074,39
71075,1
71076,7
71077,1
71078,0
71079,49
71080,7
71081,49
71082,7
71083,40
71084,33
71085,1
71086,20
71087,7
71088,22
71089,28
71090,40
71091,1
71092,32
71093,2
71094,15
71095,2
71096,1
71097,18
71098,49
71099,29
71100,3
71101,6
71102,6
71103,9
71104,3
71105,0
71106,4
71107,28
71108,4
71109,40
71110,8
71111,20
71112,2
71113,22
71114,28
71115,61
71116,39
71117,55
71118,0
71119,43
71120,2
71121,31
71122,12
71123,1
71124,3
71125,16
71126,6
71127,36
71128,53
71129,55
71130,55
71131,4
71132,4
71133,6
71134,3
71135,0
71136,9
71137,8
71138,8
71139,9
71140,9
71141,1
71142,2
71143,19
71144,2
71145,2
71146,2
71147,49
71148,0
71149,30
71150,36
71151,6
71152,20
71153,30
71154,7
71155,1
71156,8
71157,40
71158,1
71159,9
71160,40
71161,24
71162,11
71163,4
71164,53
71165,3
71166,1
71167,31
71168,5
71169,0
71170,7
71171,1
71172,12
71173,8
71174,28
71175,59
71176,2
71177,1
71178,0
71179,43
71180,18
71181,0
71182,39
71183,4
71184,53
71185,47
71186,31
71187,24
71188,42
71189,0
71190,5
71191,24
71192,2
71193,31
71194,24
71195,6
71196,8
71197,7
71198,0
71199,49
71200,3
71201,18
71202,1
71203,2
71204,3
71205,7
71206,7
71207,6
71208,2
71209,4
71210,55
71211,3
71212,9
71213,36
71214,9
71215,9
71216,26
71217,2
71218,8
71219,1
71220,3
71221,9
71222,53
71223,45
71224,1
71225,15
71226,2
71227,7
71228,0
71229,7
71230,7
71231,0
71232,30
71233,8
71234,3
71235,19
71236,55
71237,49
71238,1
71239,0
71240,3
71241,37
71242,2
71243,1
71244,6
71245,1
71246,6
71247,53
71248,30
71249,25
71250,9
71251,5
71252,0
71253,18
71254,22
71255,5
71256,43
71257,8
71258,10
71259,24
71260,8
71261,24
71262,7
71263,4
71264,4
71265,28
71266,1
71267,55
71268,45
71269,39
71270,40
71271,40
71272,4
71273,3
71274,6
71275,53
71276,53
71277,17
71278,30
71279,10
71280,25
71281,49
71282,36
71283,40
71284,4
71285,9
71286,2
71287,28
71288,23
71289,61
71290,40
71291,7
71292,1
71293,8
71294,1
71295,2
71296,49
71297,24
71298,12
71299,0
71300,28
71301,29
71302,24
71303,27
71304,2
71305,3
71306,2
71307,1
71308,40
71309,8
71310,4
71311,33
71312,8
71313,55
71314,39
71315,4
71316,1
71317,6
71318,3
71319,7
71320,6
71321,8
71322,8
71323,1
71324,12
71325,9
71326,6
71327,0
71328,5
71329,49
71330,0
71331,0
71332,4
71333,47
71334,3
71335,21
71336,9
71337,5
71338,9
71339,1
71340,34
71341,19
71342,36
71343,11
71344,2
71345,15
71346,11
71347,7
71348,8
71349,4
71350,2
71351,7
71352,8
71353,6
71354,4
71355,6
71356,36
71357,13
71358,5
71359,3
71360,1
71361,4
71362,9
71363,1
71364,16
71365,2
71366,0
71367,21
71368,1
71369,28
71370,5
71371,14
71372,1
71373,6
71374,52
71375,9
71376,7
71377,9
71378,5
71379,4
71380,47
71381,29
71382,9
71383,3
71384,36
71385,47
71386,7
71387,23
71388,4
71389,1
71390,53
71391,0
71392,1
71393,5
71394,13
71395,39
71396,2
71397,61
71398,5
71399,2
71400,29
71401,4
71402,40
71403,28
71404,8
71405,4
71406,28
71407,1
71408,24
71409,53
71410,0
71411,7
71412,0
71413,6
71414,28
71415,19
71416,6
71417,49
71418,6
71419,55
71420,37
71421,1
71422,39
71423,4
71424,0
71425,3
71426,7
71427,6
71428,4
71429,30
71430,22
71431,21
71432,22
71433,43
71434,0
71435,49
71436,0
71437,5
71438,2
71439,0
71440,23
71441,9
71442,8
71443,7
71444,3
71445,0
71446,6
71447,40
71448,9
71449,18
71450,55
71451,3
71452,40
71453,1
71454,24
71455,28
71456,55
71457,10
71458,24
71459,6
71460,55
71461,60
71462,45
71463,3
71464,17
71465,3
71466,9
71467,24
71468,10
71469,23
71470,3
71471,0
71472,5
71473,9
71474,15
71475,39
71476,8
71477,9
71478,7
71479,9
71480,9
71481,2
71482,39
71483,24
71484,7
71485,9
71486,43
71487,9
71488,27
71489,43
71490,17
71491,24
71492,4
71493,21
71494,25
71495,5
71496,1
71497,21
71498,40
71499,36
71500,24
71501,8
71502,1
71503,0
71504,56
71505,24
71506,4
71507,29
71508,39
71509,8
71510,3
71511,25
71512,3
71513,1
71514,0
71515,5
71516,9
71517,55
71518,6
71519,4
71520,7
71521,23
71522,3
71523,5
71524,12
71525,8
71526,19
71527,23
71528,43
71529,4
71530,2
71531,7
71532,1
71533,44
71534,37
71535,40
71536,53
71537,1
71538,9
71539,39
71540,29
71541,8
71542,28
71543,53
71544,21
71545,21
71546,32
71547,3
71548,53
71549,5
71550,1
71551,3
71552,1
71553,1
71554,1
71555,31
71556,8
71557,53
71558,6
71559,37
71560,8
71561,15
71562,6
71563,39
71564,6
71565,28
71566,12
71567,1
71568,2
71569,1
71570,0
71571,3
71572,1
71573,7
71574,30
71575,6
71576,18
71577,39
71578,0
71579,55
71580,39
71581,49
71582,7
71583,32
71584,30
71585,0
71586,36
71587,8
71588,9
71589,19
71590,9
71591,49
71592,0
71593,6
71594,43
71595,1
71596,49
71597,18
71598,25
71599,0
71600,4
71601,40
71602,0
71603,34
71604,34
71605,36
71606,40
71607,32
71608,29
71609,9
71610,6
71611,24
71612,4
71613,61
71614,9
71615,40
71616,3
71617,9
71618,29
71619,15
71620,43
71621,7
71622,30
71623,18
71624,22
71625,5
71626,1
71627,2
71628,39
71629,9
71630,7
71631,7
71632,24
71633,53
71634,8
71635,1
71636,2
71637,28
71638,55
71639,4
71640,8
71641,34
71642,42
71643,47
71644,24
71645,49
71646,21
71647,7
71648,10
71649,8
71650,9
71651,8
71652,24
71653,53
71654,0
71655,8
71656,28
71657,6
71658,59
71659,5
71660,43
71661,15
71662,53
71663,16
71664,49
71665,1
71666,1
71667,0
71668,19
71669,5
71670,4
71671,1
71672,4
71673,1
71674,46
71675,0
71676,25
71677,53
71678,49
71679,1
71680,3
71681,7
71682,2
71683,22
71684,1
71685,24
71686,28
71687,25
71688,1
71689,1
71690,1
71691,6
71692,8
71693,0
71694,19
71695,9
71696,2
71697,5
71698,4
71699,15
71700,2
71701,23
71702,23
71703,22
71704,9
71705,0
71706,5
71707,19
71708,5
71709,0
71710,15
71711,7
71712,8
71713,28
71714,0
71715,4
71716,5
71717,0
71718,8
71719,0
71720,6
71721,8
71722,8
71723,22
71724,6
71725,5
71726,1
71727,3
71728,39
71729,1
71730,3
71731,3
71732,8
71733,35
71734,6
71735,9
71736,7
71737,7
71738,2
71739,8
71740,5
71741,18
71742,7
71743,2
71744,18
71745,40
71746,55
71747,8
71748,18
71749,6
71750,30
71751,8
71752,8
71753,55
71754,3
71755,5
71756,1
71757,7
71758,5
71759,6
71760,0
71761,8
71762,15
71763,60
71764,4
71765,6
71766,19
71767,3
71768,0
71769,39
71770,0
71771,9
71772,5
71773,46
71774,55
71775,49
71776,14
71777,3
71778,0
71779,3
71780,40
71781,29
71782,12
71783,1
71784,8
71785,10
71786,0
71787,35
71788,25
71789,1
71790,8
71791,13
71792,9
71793,7
71794,8
71795,3
71796,3
71797,12
71798,2
71799,8
71800,2
71801,7
71802,12
71803,36
71804,28
71805,6
71806,1
71807,36
71808,6
71809,8
71810,6
71811,36
71812,7
71813,21
71814,9
71815,30
71816,5
71817,28
71818,8
71819,12
71820,0
71821,3
71822,9
71823,3
71824,1
71825,22
71826,3
71827,0
71828,22
71829,24
71830,6
71831,43
71832,55
71833,6
71834,9
71835,8
71836,0
71837,49
71838,24
71839,7
71840,29
71841,32
71842,1
71843,28
71844,0
71845,8
71846,4
71847,23
71848,3
71849,7
71850,55
71851,30
71852,27
71853,49
71854,3
71855,9
71856,28
71857,52
71858,13
71859,19
71860,10
71861,6
71862,8
71863,3
71864,25
71865,2
71866,15
71867,8
71868,49
71869,4
71870,39
71871,9
71872,39
71873,7
71874,4
71875,9
71876,2
71877,53
71878,15
71879,0
71880,2
71881,59
71882,6
71883,9
71884,43
71885,4
71886,8
71887,32
71888,12
71889,3
71890,22
71891,30
71892,0
71893,7
71894,7
71895,30
71896,8
71897,2
71898,2
71899,0
71900,60
71901,24
71902,30
71903,6
71904,15
71905,10
71906,0
71907,8
71908,1
71909,5
71910,34
71911,43
71912,52
71913,3
71914,8
71915,3
71916,9
71917,32
71918,4
71919,18
71920,9
71921,4
71922,0
71923,0
71924,6
71925,9
71926,6
71927,33
71928,10
71929,22
71930,47
71931,24
71932,0
71933,7
71934,24
71935,45
71936,5
71937,6
71938,29
71939,42
71940,0
71941,5
71942,6
71943,1
71944,6
71945,40
71946,9
71947,6
71948,41
71949,8
71950,9
71951,0
71952,49
71953,7
71954,58
71955,10
71956,8
71957,13
71958,5
71959,4
71960,1
71961,43
71962,12
71963,4
71964,6
71965,22
71966,47
71967,7
71968,2
71969,42
71970,40
71971,1
71972,43
71973,7
71974,0
71975,1
71976,3
71977,24
71978,8
71979,40
71980,55
71981,2
71982,49
71983,53
71984,5
71985,19
71986,5
71987,1
71988,25
71989,0
71990,2
71991,7
71992,28
71993,24
71994,36
71995,27
71996,40
71997,55
71998,8
71999,39
72000,8
72001,0
72002,22
72003,4
72004,15
72005,3
72006,36
72007,1
72008,28
72009,25
72010,25
72011,40
72012,30
72013,53
72014,4
72015,6
72016,6
72017,2
72018,36
72019,0
72020,15
72021,1
72022,46
72023,14
72024,52
72025,0
72026,24
72027,12
72028,36
72029,8
72030,24
72031,7
72032,9
72033,1
72034,0
72035,1
72036,39
72037,30
72038,15
72039,6
72040,1
72041,30
72042,8
72043,2
72044,3
72045,3
72046,49
72047,12
72048,24
72049,12
72050,36
72051,15
72052,6
72053,15
72054,39
72055,1
72056,4
72057,24
72058,4
72059,8
72060,14
72061,11
72062,9
72063,5
72064,24
72065,53
72066,0
72067,1
72068,3
72069,12
72070,5
72071,6
72072,49
72073,53
72074,4
72075,22
72076,39
72077,12
72078,9
72079,20
72080,24
72081,43
72082,3
72083,4
72084,2
72085,9
72086,18
72087,3
72088,55
72089,34
72090,36
72091,47
72092,7
72093,8
72094,8
72095,3
72096,2
72097,4
72098,0
72099,8
72100,2
72101,2
72102,0
72103,9
72104,43
72105,6
72106,2
72107,55
72108,8
72109,4
72110,28
72111,13
72112,12
72113,55
72114,25
72115,29
72116,1
72117,36
72118,40
72119,40
72120,1
72121,5
72122,25
72123,35
72124,1
72125,9
72126,3
72127,8
72128,3
72129,25
72130,8
72131,4
72132,34
72133,21
72134,7
72135,30
72136,37
72137,55
72138,22
72139,53
72140,8
72141,3
72142,6
72143,30
72144,6
72145,53
72146,1
72147,2
72148,28
72149,55
72150,13
72151,0
72152,2
72153,16
72154,5
72155,53
72156,1
72157,25
72158,47
72159,40
72160,5
72161,9
72162,0
72163,18
72164,1
72165,6
72166,39
72167,15
72168,53
72169,55
72170,19
72171,4
72172,0
72173,1
72174,29
72175,3
72176,3
72177,0
72178,9
72179,6
72180,0
72181,25
72182,1
72183,43
72184,18
72185,53
72186,21
72187,6
72188,39
72189,8
72190,37
72191,34
72192,7
72193,24
72194,1
72195,24
72196,3
72197,2
72198,22
72199,27
72200,19
72201,58
72202,0
72203,1
72204,6
72205,24
72206,6
72207,21
72208,55
72209,37
72210,2
72211,1
72212,1
72213,10
72214,3
72215,8
72216,23
72217,2
72218,23
72219,1
72220,7
72221,17
72222,59
72223,8
72224,22
72225,10
72226,36
72227,1
72228,36
72229,40
72230,18
72231,5
72232,28
72233,7
72234,5
72235,3
72236,22
72237,42
72238,53
72239,0
72240,24
72241,9
72242,7
72243,6
72244,5
72245,3
72246,4
72247,19
72248,24
72249,8
72250,9
72251,3
72252,2
72253,5
72254,6
72255,7
72256,53
72257,31
72258,2
72259,7
72260,29
72261,25
72262,3
72263,30
72264,9
72265,7
72266,7
72267,28
72268,8
72269,34
72270,17
72271,2
72272,30
72273,5
72274,1
72275,1
72276,53
72277,47
72278,11
72279,2
72280,25
72281,1
72282,15
72283,4
72284,1
72285,6
72286,23
72287,6
72288,23
72289,8
72290,7
72291,6
72292,16
72293,8
72294,1
72295,24
72296,3
72297,4
72298,44
72299,28
72300,0
72301,25
72302,0
72303,15
72304,24
72305,3
72306,28
72307,40
72308,1
72309,4
72310,32
72311,8
72312,5
72313,11
72314,9
72315,0
72316,7
72317,0
72318,1
72319,49
72320,4
72321,24
72322,1
72323,37
72324,9
72325,33
72326,4
72327,49
72328,34
72329,18
72330,9
72331,12
72332,47
72333,4
72334,0
72335,2
72336,53
72337,7
72338,26
72339,25
72340,2
72341,29
72342,0
72343,1
72344,9
72345,29
72346,3
72347,3
72348,3
72349,7
72350,12
72351,13
72352,49
72353,2
72354,0
72355,1
72356,2
72357,8
72358,49
72359,55
72360,43
72361,13
72362,8
72363,47
72364,29
72365,7
72366,8
72367,13
72368,2
72369,1
72370,0
72371,4
72372,21
72373,6
72374,40
72375,18
72376,3
72377,9
72378,3
72379,1
72380,1
72381,9
72382,7
72383,0
72384,24
72385,6
72386,5
72387,25
72388,5
72389,2
72390,55
72391,15
72392,6
72393,30
72394,9
72395,37
72396,30
72397,53
72398,40
72399,18
72400,7
72401,8
72402,1
72403,6
72404,6
72405,3
72406,7
72407,8
72408,2
72409,3
72410,1
72411,52
72412,0
72413,1
72414,8
72415,3
72416,34
72417,17
72418,29
72419,6
72420,1
72421,1
72422,2
72423,32
72424,5
72425,9
72426,9
72427,23
72428,9
72429,36
72430,3
72431,1
72432,1
72433,7
72434,1
72435,2
72436,1
72437,12
72438,30
72439,53
72440,22
72441,60
72442,1
72443,4
72444,3
72445,1
72446,6
72447,7
72448,30
72449,1
72450,13
72451,55
72452,6
72453,55
72454,30
72455,42
72456,53
72457,39
72458,6
72459,24
72460,43
72461,5
72462,31
72463,10
72464,30
72465,6
72466,8
72467,0
72468,2
72469,1
72470,0
72471,13
72472,2
72473,0
72474,5
72475,34
72476,2
72477,55
72478,6
72479,21
72480,28
72481,30
72482,7
72483,48
72484,35
72485,53
72486,21
72487,43
72488,5
72489,28
72490,9
72491,7
72492,0
72493,55
72494,6
72495,30
72496,24
72497,1
72498,1
72499,3
72500,57
72501,22
72502,0
72503,32
72504,59
72505,31
72506,2
72507,9
72508,2
72509,3
72510,40
72511,7
72512,28
72513,22
72514,58
72515,9
72516,7
72517,0
72518,9
72519,3
72520,2
72521,24
72522,4
72523,36
72524,53
72525,28
72526,25
72527,7
72528,1
72529,40
72530,34
72531,9
72532,17
72533,40
72534,6
72535,28
72536,5
72537,35
72538,6
72539,3
72540,55
72541,6
72542,3
72543,1
72544,15
72545,3
72546,5
72547,21
72548,10
72549,16
72550,46
72551,3
72552,3
72553,55
72554,28
72555,29
72556,9
72557,43
72558,24
72559,7
72560,29
72561,7
72562,4
72563,15
72564,39
72565,7
72566,8
72567,4
72568,1
72569,53
72570,30
72571,3
72572,46
72573,24
72574,8
72575,1
72576,6
72577,4
72578,55
72579,0
72580,8
72581,2
72582,8
72583,49
72584,6
72585,25
72586,40
72587,55
72588,4
72589,9
72590,4
72591,8
72592,7
72593,2
72594,8
72595,31
72596,18
72597,8
72598,32
72599,30
72600,24
72601,10
72602,28
72603,35
72604,7
72605,5
72606,55
72607,52
72608,28
72609,29
72610,8
72611,4
72612,6
72613,28
72614,18
72615,8
72616,53
72617,9
72618,1
72619,9
72620,53
72621,19
72622,0
72623,30
72624,36
72625,0
72626,25
72627,6
72628,42
72629,7
72630,1
72631,30
72632,22
72633,55
72634,2
72635,28
72636,8
72637,0
72638,43
72639,9
72640,9
72641,1
72642,2
72643,8
72644,1
72645,4
72646,36
72647,18
72648,33
72649,9
72650,12
72651,55
72652,28
72653,9
72654,58
72655,46
72656,48
72657,28
72658,7
72659,27
72660,12
72661,55
72662,12
72663,3
72664,28
72665,9
72666,1
72667,24
72668,10
72669,1
72670,4
72671,4
72672,5
72673,5
72674,9
72675,18
72676,8
72677,7
72678,12
72679,61
72680,1
72681,7
72682,4
72683,22
72684,2
72685,12
72686,22
72687,3
72688,43
72689,55
72690,2
72691,23
72692,1
72693,1
72694,30
72695,18
72696,40
72697,60
72698,4
72699,52
72700,55
72701,3
72702,8
72703,7
72704,53
72705,4
72706,1
72707,7
72708,8
72709,6
72710,2
72711,13
72712,55
72713,24
72714,8
72715,6
72716,28
72717,26
72718,43
72719,4
72720,2
72721,5
72722,28
72723,5
72724,6
72725,9
72726,15
72727,9
72728,24
72729,1
72730,1
72731,49
72732,6
72733,7
72734,42
72735,15
72736,46
72737,35
72738,4
72739,16
72740,27
72741,5
72742,16
72743,7
72744,8
72745,49
72746,30
72747,3
72748,19
72749,49
72750,31
72751,55
72752,8
72753,40
72754,22
72755,8
72756,1
72757,40
72758,15
72759,2
72760,3
72761,4
72762,2
72763,1
72764,45
72765,31
72766,6
72767,20
72768,3
72769,29
72770,0
72771,34
72772,29
72773,3
72774,19
72775,25
72776,18
72777,7
72778,12
72779,7
72780,30
72781,3
72782,1
72783,12
72784,4
72785,18
72786,37
72787,5
72788,6
72789,7
72790,2
72791,8
72792,5
72793,61
72794,0
72795,9
72796,5
72797,30
72798,1
72799,30
72800,1
72801,2
72802,21
72803,8
72804,3
72805,47
72806,9
72807,4
72808,9
72809,4
72810,25
72811,40
72812,0
72813,32
72814,2
72815,9
72816,20
72817,40
72818,34
72819,40
72820,3
72821,55
72822,30
72823,8
72824,10
72825,3
72826,5
72827,15
72828,7
72829,55
72830,49
72831,6
72832,23
72833,25
72834,13
72835,9
72836,18
72837,9
72838,2
72839,3
72840,1
72841,40
72842,6
72843,16
72844,3
72845,32
72846,8
72847,53
72848,39
72849,3
72850,0
72851,24
72852,1
72853,24
72854,24
72855,47
72856,4
72857,8
72858,37
72859,6
72860,8
72861,0
72862,49
72863,4
72864,23
72865,32
72866,7
72867,28
72868,6
72869,8
72870,8
72871,0
72872,3
72873,17
72874,7
72875,13
72876,4
72877,3
72878,3
72879,28
72880,2
72881,3
72882,5
72883,28
72884,3
72885,27
72886,59
72887,0
72888,55
72889,8
72890,8
72891,23
72892,9
72893,2
72894,1
72895,1
72896,40
72897,43
72898,9
72899,40
72900,3
72901,8
72902,5
72903,12
72904,4
72905,1
72906,6
72907,40
72908,4
72909,49
72910,43
72911,8
72912,40
72913,0
72914,3
72915,34
72916,9
72917,2
72918,8
72919,2
72920,3
72921,27
72922,58
72923,7
72924,6
72925,7
72926,5
72927,55
72928,36
72929,0
72930,6
72931,6
72932,55
72933,5
72934,45
72935,28
72936,3
72937,12
72938,36
72939,53
72940,34
72941,26
72942,1
72943,0
72944,22
72945,28
72946,6
72947,36
72948,55
72949,8
72950,0
72951,15
72952,55
72953,12
72954,4
72955,40
72956,0
72957,29
72958,47
72959,9
72960,2
72961,4
72962,0
72963,4
72964,19
72965,40
72966,2
72967,0
72968,9
72969,7
72970,9
72971,7
72972,0
72973,8
72974,29
72975,3
72976,40
72977,22
72978,2
72979,15
72980,28
72981,10
72982,1
72983,36
72984,3
72985,5
72986,23
72987,55
72988,0
72989,30
72990,12
72991,31
72992,7
72993,5
72994,0
72995,6
72996,9
72997,1
72998,6
72999,3
73000,30
73001,1
73002,11
73003,26
73004,49
73005,2
73006,3
73007,1
73008,40
73009,1
73010,30
73011,39
73012,6
73013,29
73014,0
73015,24
73016,46
73017,4
73018,61
73019,1
73020,44
73021,22
73022,8
73023,59
73024,5
73025,0
73026,11
73027,10
73028,7
73029,39
73030,32
73031,2
73032,0
73033,1
73034,55
73035,0
73036,6
73037,9
73038,0
73039,3
73040,27
73041,2
73042,1
73043,49
73044,8
73045,28
73046,22
73047,20
73048,8
73049,3
73050,0
73051,36
73052,4
73053,3
73054,21
73055,36
73056,59
73057,43
73058,27
73059,49
73060,9
73061,26
73062,24
73063,2
73064,5
73065,47
73066,22
73067,3
73068,1
73069,23
73070,12
73071,7
73072,9
73073,8
73074,0
73075,1
73076,1
73077,7
73078,6
73079,4
73080,24
73081,6
73082,3
73083,7
73084,5
73085,7
73086,59
73087,2
73088,4
73089,29
73090,3
73091,23
73092,4
73093,40
73094,28
73095,24
73096,7
73097,9
73098,22
73099,6
73100,6
73101,0
73102,15
73103,29
73104,2
73105,58
73106,46
73107,12
73108,8
73109,49
73110,43
73111,13
73112,15
73113,13
73114,18
73115,40
73116,39
73117,34
73118,2
73119,3
73120,53
73121,29
73122,31
73123,4
73124,4
73125,29
73126,1
73127,1
73128,3
73129,9
73130,24
73131,28
73132,2
73133,7
73134,9
73135,1
73136,8
73137,9
73138,30
73139,2
73140,5
73141,1
73142,8
73143,46
73144,0
73145,30
73146,12
73147,10
73148,1
73149,47
73150,18
73151,0
73152,5
73153,3
73154,1
73155,22
73156,28
73157,53
73158,3
73159,7
73160,2
73161,4
73162,9
73163,24
73164,12
73165,5
73166,22
73167,7
73168,30
73169,9
73170,0
73171,30
73172,47
73173,2
73174,16
73175,0
73176,6
73177,40
73178,5
73179,8
73180,4
73181,39
73182,21
73183,1
73184,5
73185,30
73186,29
73187,6
73188,6
73189,57
73190,24
73191,40
73192,1
73193,6
73194,6
73195,9
73196,49
73197,7
73198,1
73199,9
73200,40
73201,7
73202,8
73203,3
73204,2
73205,27
73206,23
73207,19
73208,7
73209,13
73210,12
73211,8
73212,10
73213,43
73214,1
73215,5
73216,23
73217,4
73218,36
73219,15
73220,2
73221,9
73222,24
73223,7
73224,2
73225,20
73226,32
73227,58
73228,1
73229,24
73230,0
73231,6
73232,21
73233,36
73234,40
73235,2
73236,0
73237,26
73238,3
73239,49
73240,18
73241,5
73242,3
73243,9
73244,25
73245,4
73246,19
73247,9
73248,9
73249,23
73250,28
73251,3
73252,6
73253,37
73254,8
73255,5
73256,4
73257,55
73258,40
73259,5
73260,3
73261,1
73262,40
73263,8
73264,55
73265,25
73266,55
73267,43
73268,3
73269,0
73270,55
73271,55
73272,59
73273,29
73274,9
73275,5
73276,49
73277,4
73278,6
73279,4
73280,22
73281,9
73282,25
73283,1
73284,6
73285,28
73286,49
73287,3
73288,4
73289,3
73290,1
73291,7
73292,3
73293,0
73294,3
73295,32
73296,34
73297,0
73298,21
73299,8
73300,0
73301,28
73302,5
73303,30
73304,9
73305,43
73306,4
73307,4
73308,39
73309,3
73310,9
73311,9
73312,45
73313,7
73314,9
73315,15
73316,4
73317,60
73318,24
73319,21
73320,3
73321,59
73322,8
73323,8
73324,28
73325,30
73326,1
73327,0
73328,40
73329,12
73330,40
73331,24
73332,24
73333,8
73334,4
73335,30
73336,26
73337,5
73338,6
73339,1
73340,8
73341,12
73342,3
73343,37
73344,2
73345,3
73346,53
73347,43
73348,8
73349,3
73350,0
73351,59
73352,12
73353,2
73354,9
73355,1
73356,21
73357,39
73358,53
73359,5
73360,8
73361,53
73362,53
73363,58
73364,3
73365,1
73366,9
73367,1
73368,21
73369,1
73370,9
73371,30
73372,3
73373,53
73374,13
73375,9
73376,3
73377,8
73378,6
73379,12
73380,4
73381,59
73382,40
73383,35
73384,0
73385,53
73386,3
73387,1
73388,1
73389,3
73390,36
73391,42
73392,33
73393,5
73394,9
73395,32
73396,9
73397,40
73398,1
73399,34
73400,1
73401,6
73402,1
73403,9
73404,0
73405,1
73406,2
73407,25
73408,4
73409,1
73410,36
73411,16
73412,3
73413,53
73414,37
73415,15
73416,7
73417,15
73418,58
73419,30
73420,30
73421,25
73422,6
73423,4
73424,9
73425,0
73426,5
73427,6
73428,40
73429,3
73430,5
73431,11
73432,45
73433,8
73434,4
73435,39
73436,40
73437,2
73438,2
73439,7
73440,9
73441,22
73442,0
73443,25
73444,1
73445,29
73446,1
73447,22
73448,36
73449,22
73450,39
73451,6
73452,4
73453,2
73454,1
73455,24
73456,6
73457,9
73458,4
73459,3
73460,5
73461,28
73462,6
73463,11
73464,27
73465,6
73466,25
73467,31
73468,2
73469,30
73470,1
73471,31
73472,30
73473,12
73474,1
73475,3
73476,0
73477,7
73478,3
73479,3
73480,52
73481,18
73482,1
73483,6
73484,55
73485,1
73486,3
73487,22
73488,6
73489,5
73490,28
73491,0
73492,43
73493,8
73494,7
73495,4
73496,3
73497,24
73498,3
73499,25
73500,28
73501,16
73502,28
73503,25
73504,9
73505,4
73506,9
73507,1
73508,55
73509,28
73510,2
73511,55
73512,1
73513,0
73514,0
73515,17
73516,55
73517,4
73518,1
73519,29
73520,9
73521,7
73522,7
73523,9
73524,22
73525,6
73526,9
73527,33
73528,14
73529,8
73530,30
73531,39
73532,9
73533,6
73534,0
73535,9
73536,9
73537,9
73538,4
73539,46
73540,53
73541,60
73542,4
73543,7
73544,7
73545,60
73546,1
73547,6
73548,28
73549,5
73550,12
73551,24
73552,8
73553,0
73554,6
73555,31
73556,0
73557,1
73558,28
73559,22
73560,22
73561,61
73562,53
73563,28
73564,5
73565,30
73566,27
73567,24
73568,32
73569,0
73570,4
73571,24
73572,25
73573,10
73574,53
73575,8
73576,40
73577,0
73578,55
73579,28
73580,33
73581,1
73582,25
73583,7
73584,4
73585,6
73586,7
73587,2
73588,34
73589,5
73590,49
73591,0
73592,23
73593,25
73594,53
73595,2
73596,0
73597,39
73598,13
73599,25
73600,30
73601,4
73602,8
73603,9
73604,1
73605,0
73606,13
73607,5
73608,2
73609,0
73610,31
73611,2
73612,1
73613,53
73614,3
73615,1
73616,9
73617,40
73618,9
73619,12
73620,6
73621,9
73622,15
73623,7
73624,1
73625,18
73626,42
73627,7
73628,6
73629,43
73630,53
73631,9
73632,6
73633,23
73634,7
73635,21
73636,31
73637,2
73638,40
73639,6
73640,6
73641,30
73642,40
73643,6
73644,36
73645,0
73646,1
73647,7
73648,7
73649,3
73650,1
73651,53
73652,0
73653,24
73654,55
73655,2
73656,28
73657,3
73658,5
73659,15
73660,37
73661,3
73662,6
73663,2
73664,49
73665,12
73666,7
73667,23
73668,1
73669,6
73670,6
73671,1
73672,9
73673,2
73674,1
73675,4
73676,40
73677,4
73678,2
73679,28
73680,31
73681,16
73682,6
73683,18
73684,25
73685,0
73686,28
73687,21
73688,59
73689,1
73690,39
73691,25
73692,1
73693,43
73694,35
73695,55
73696,3
73697,25
73698,47
73699,9
73700,46
73701,8
73702,40
73703,36
73704,8
73705,5
73706,30
73707,1
73708,36
73709,28
73710,7
73711,29
73712,30
73713,40
73714,17
73715,3
73716,6
73717,4
73718,5
73719,3
73720,60
73721,37
73722,8
73723,53
73724,4
73725,27
73726,55
73727,8
73728,25
73729,24
73730,49
73731,3
73732,3
73733,8
73734,2
73735,24
73736,24
73737,28
73738,28
73739,24
73740,39
73741,6
73742,24
73743,13
73744,1
73745,39
73746,13
73747,15
73748,5
73749,4
73750,9
73751,5
73752,3
73753,8
73754,22
73755,6
73756,5
73757,7
73758,7
73759,6
73760,4
73761,1
73762,53
73763,20
73764,3
73765,1
73766,3
73767,4
73768,24
73769,36
73770,2
73771,4
73772,40
73773,0
73774,0
73775,4
73776,4
73777,36
73778,22
73779,55
73780,4
73781,28
73782,5
73783,6
73784,0
73785,40
73786,0
73787,36
73788,6
73789,21
73790,24
73791,7
73792,1
73793,2
73794,32
73795,43
73796,29
73797,47
73798,15
73799,5
73800,39
73801,28
73802,6
73803,5
73804,52
73805,1
73806,2
73807,34
73808,40
73809,9
73810,1
73811,28
73812,6
73813,17
73814,7
73815,24
73816,5
73817,6
73818,9
73819,1
73820,16
73821,10
73822,5
73823,3
73824,2
73825,8
73826,55
73827,4
73828,19
73829,28
73830,12
73831,0
73832,2
73833,1
73834,2
73835,22
73836,4
73837,12
73838,10
73839,7
73840,2
73841,25
73842,7
73843,4
73844,40
73845,7
73846,28
73847,1
73848,3
73849,6
73850,40
73851,7
73852,5
73853,39
73854,8
73855,9
73856,27
73857,40
73858,40
73859,43
73860,8
73861,3
73862,24
73863,1
73864,7
73865,2
73866,19
73867,6
73868,40
73869,59
73870,53
73871,46
73872,8
73873,58
73874,28
73875,1
73876,1
73877,55
73878,4
73879,36
73880,7
73881,7
73882,24
73883,53
73884,29
73885,36
73886,9
73887,36
73888,9
73889,2
73890,58
73891,24
73892,0
73893,39
73894,6
73895,23
73896,15
73897,12
73898,2
73899,30
73900,1
73901,30
73902,18
73903,9
73904,18
73905,11
73906,30
73907,4
73908,55
73909,6
73910,7
73911,4
73912,55
73913,15
73914,4
73915,30
73916,1
73917,30
73918,15
73919,8
73920,24
73921,8
73922,4
73923,0
73924,24
73925,2
73926,8
73927,0
73928,61
73929,11
73930,9
73931,30
73932,24
73933,28
73934,28
73935,2
73936,1
73937,40
73938,1
73939,2
73940,24
73941,25
73942,55
73943,6
73944,45
73945,14
73946,15
73947,22
73948,5
73949,6
73950,20
73951,8
73952,40
73953,30
73954,9
73955,3
73956,1
73957,23
73958,6
73959,25
73960,2
73961,9
73962,23
73963,22
73964,7
73965,28
73966,2
73967,22
73968,7
73969,6
73970,47
73971,37
73972,29
73973,2
73974,9
73975,7
73976,0
73977,6
73978,8
73979,8
73980,2
73981,0
73982,23
73983,52
73984,39
73985,8
73986,28
73987,22
73988,43
73989,2
73990,3
73991,8
73992,1
73993,21
73994,2
73995,3
73996,10
73997,9
73998,55
73999,8
74000,0
74001,31
74002,39
74003,1
74004,24
74005,8
74006,1
74007,8
74008,6
74009,60
74010,21
74011,5
74012,2
74013,49
74014,1
74015,40
74016,2
74017,30
74018,1
74019,6
74020,28
74021,7
74022,1
74023,0
74024,24
74025,9
74026,2
74027,26
74028,7
74029,7
74030,0
74031,8
74032,28
74033,4
74034,49
74035,55
74036,40
74037,16
74038,9
74039,4
74040,21
74041,12
74042,0
74043,24
74044,39
74045,0
74046,1
74047,7
74048,43
74049,53
74050,18
74051,43
74052,9
74053,24
74054,9
74055,6
74056,1
74057,2
74058,7
74059,9
74060,11
74061,24
74062,2
74063,6
74064,7
74065,4
74066,39
74067,40
74068,2
74069,37
74070,7
74071,27
74072,43
74073,16
74074,58
74075,37
74076,4
74077,13
74078,7
74079,52
74080,5
74081,8
74082,32
74083,37
74084,55
74085,28
74086,55
74087,9
74088,28
74089,28
74090,28
74091,1
74092,8
74093,28
74094,30
74095,53
74096,55
74097,30
74098,30
74099,49
74100,22
74101,6
74102,9
74103,47
74104,6
74105,31
74106,1
74107,23
74108,24
74109,5
74110,53
74111,22
74112,7
74113,29
74114,9
74115,7
74116,9
74117,3
74118,1
74119,8
74120,24
74121,49
74122,17
74123,1
74124,3
74125,25
74126,0
74127,24
74128,0
74129,32
74130,0
74131,18
74132,55
74133,49
74134,18
74135,5
74136,55
74137,25
74138,3
74139,33
74140,9
74141,4
74142,40
74143,5
74144,4
74145,9
74146,0
74147,7
74148,7
74149,0
74150,5
74151,55
74152,2
74153,5
74154,28
74155,19
74156,9
74157,1
74158,0
74159,4
74160,1
74161,30
74162,40
74163,3
74164,0
74165,7
74166,6
74167,8
74168,8
74169,12
74170,5
74171,4
74172,1
74173,4
74174,10
74175,31
74176,8
74177,2
74178,6
74179,5
74180,6
74181,31
74182,0
74183,39
74184,40
74185,53
74186,4
74187,10
74188,55
74189,23
74190,4
74191,0
74192,8
74193,2
74194,2
74195,18
74196,4
74197,13
74198,9
74199,2
74200,3
74201,30
74202,2
74203,0
74204,5
74205,16
74206,35
74207,55
74208,1
74209,1
74210,23
74211,1
74212,53
74213,4
74214,53
74215,3
74216,19
74217,2
74218,0
74219,27
74220,6
74221,1
74222,3
74223,28
74224,5
74225,28
74226,0
74227,21
74228,23
74229,55
74230,9
74231,47
74232,9
74233,2
74234,23
74235,4
74236,33
74237,18
74238,40
74239,28
74240,30
74241,9
74242,1
74243,2
74244,8
74245,4
74246,28
74247,9
74248,1
74249,3
74250,55
74251,0
74252,2
74253,2
74254,3
74255,2
74256,5
74257,7
74258,5
74259,1
74260,8
74261,4
74262,61
74263,28
74264,2
74265,0
74266,36
74267,6
74268,25
74269,4
74270,28
74271,29
74272,1
74273,8
74274,28
74275,4
74276,9
74277,0
74278,30
74279,18
74280,39
74281,4
74282,5
74283,19
74284,40
74285,29
74286,49
74287,7
74288,22
74289,5
74290,44
74291,53
74292,0
74293,13
74294,1
74295,22
74296,6
74297,1
74298,28
74299,8
74300,39
74301,14
74302,8
74303,1
74304,6
74305,1
74306,1
74307,2
74308,9
74309,34
74310,3
74311,1
74312,16
74313,45
74314,2
74315,29
74316,24
74317,9
74318,23
74319,25
74320,9
74321,9
74322,0
74323,6
74324,22
74325,23
74326,28
74327,0
74328,32
74329,24
74330,8
74331,4
74332,0
74333,12
74334,24
74335,3
74336,14
74337,29
74338,3
74339,7
74340,4
74341,1
74342,6
74343,28
74344,1
74345,12
74346,0
74347,7
74348,0
74349,40
74350,53
74351,47
74352,0
74353,28
74354,28
74355,49
74356,15
74357,0
74358,24
74359,7
74360,23
74361,19
74362,24
74363,33
74364,23
74365,30
74366,22
74367,8
74368,3
74369,3
74370,8
74371,32
74372,9
74373,24
74374,39
74375,3
74376,5
74377,49
74378,5
74379,0
74380,28
74381,7
74382,6
74383,1
74384,55
74385,18
74386,6
74387,9
74388,34
74389,6
74390,1
74391,6
74392,53
74393,30
74394,6
74395,55
74396,18
74397,4
74398,9
74399,28
74400,43
74401,6
74402,28
74403,1
74404,9
74405,43
74406,5
74407,2
74408,18
74409,60
74410,4
74411,3
74412,1
74413,2
74414,7
74415,1
74416,0
74417,3
74418,39
74419,6
74420,7
74421,7
74422,3
74423,31
74424,3
74425,4
74426,11
74427,11
74428,24
74429,8
74430,17
74431,1
74432,12
74433,0
74434,7
74435,55
74436,28
74437,20
74438,1
74439,3
74440,44
74441,29
74442,49
74443,14
74444,2
74445,28
74446,3
74447,0
74448,5
74449,53
74450,6
74451,9
74452,49
74453,40
74454,39
74455,8
74456,49
74457,23
74458,8
74459,9
74460,15
74461,19
74462,12
74463,1
74464,6
74465,6
74466,0
74467,9
74468,3
74469,8
74470,3
74471,18
74472,3
74473,34
74474,0
74475,40
74476,18
74477,55
74478,9
74479,40
74480,12
74481,28
74482,6
74483,11
74484,28
74485,9
74486,3
74487,0
74488,9
74489,13
74490,22
74491,21
74492,4
74493,12
74494,36
74495,1
74496,0
74497,0
74498,0
74499,37
74500,22
74501,18
74502,34
74503,37
74504,25
74505,29
74506,28
74507,6
74508,19
74509,6
74510,9
74511,53
74512,7
74513,53
74514,4
74515,36
74516,23
74517,6
74518,3
74519,30
74520,19
74521,25
74522,0
74523,24
74524,15
74525,40
74526,23
74527,0
74528,31
74529,1
74530,15
74531,58
74532,1
74533,0
74534,1
74535,2
74536,0
74537,32
74538,2
74539,17
74540,0
74541,19
74542,0
74543,59
74544,18
74545,2
74546,30
74547,0
74548,1
74549,3
74550,40
74551,5
74552,8
74553,12
74554,8
74555,5
74556,4
74557,25
74558,17
74559,36
74560,21
74561,8
74562,3
74563,8
74564,3
74565,5
74566,0
74567,3
74568,29
74569,36
74570,21
74571,25
74572,2
74573,6
74574,52
74575,10
74576,3
74577,2
74578,30
74579,17
74580,3
74581,28
74582,24
74583,7
74584,2
74585,42
74586,0
74587,2
74588,22
74589,9
74590,1
74591,29
74592,5
74593,0
74594,24
74595,8
74596,39
74597,18
74598,9
74599,24
74600,8
74601,49
74602,0
74603,53
74604,28
74605,6
74606,3
74607,22
74608,4
74609,35
74610,8
74611,4
74612,23
74613,53
74614,8
74615,55
74616,42
74617,30
74618,3
74619,4
74620,3
74621,15
74622,56
74623,28
74624,37
74625,47
74626,5
74627,30
74628,9
74629,9
74630,12
74631,60
74632,19
74633,2
74634,7
74635,2
74636,8
74637,7
74638,0
74639,20
74640,0
74641,8
74642,5
74643,2
74644,8
74645,40
74646,27
74647,0
74648,3
74649,3
74650,13
74651,1
74652,1
74653,24
74654,9
74655,29
74656,40
74657,0
74658,8
74659,10
74660,7
74661,0
74662,1
74663,4
74664,1
74665,20
74666,9
74667,9
74668,3
74669,6
74670,3
74671,6
74672,7
74673,7
74674,1
74675,2
74676,8
74677,7
74678,4
74679,22
74680,28
74681,6
74682,2
74683,6
74684,40
74685,22
74686,31
74687,40
74688,47
74689,20
74690,4
74691,39
74692,3
74693,21
74694,6
74695,49
74696,0
74697,6
74698,59
74699,9
74700,30
74701,25
74702,26
74703,31
74704,23
74705,18
74706,4
74707,2
74708,5
74709,4
74710,13
74711,2
74712,5
74713,1
74714,53
74715,7
74716,1
74717,8
74718,9
74719,5
74720,55
74721,55
74722,1
74723,40
74724,8
74725,9
74726,7
74727,3
74728,3
74729,8
74730,7
74731,28
74732,37
74733,36
74734,2
74735,33
74736,15
74737,2
74738,58
74739,47
74740,17
74741,6
74742,18
74743,1
74744,9
74745,4
74746,24
74747,2
74748,55
74749,28
74750,6
74751,36
74752,3
74753,2
74754,0
74755,40
74756,15
74757,8
74758,8
74759,22
74760,40
74761,29
74762,13
74763,10
74764,24
74765,5
74766,2
74767,4
74768,3
74769,1
74770,6
74771,2
74772,19
74773,8
74774,12
74775,3
74776,0
74777,55
74778,24
74779,9
74780,9
74781,55
74782,40
74783,1
74784,0
74785,30
74786,40
74787,1
74788,24
74789,49
74790,1
74791,28
74792,28
74793,43
74794,3
74795,58
74796,8
74797,47
74798,6
74799,8
74800,1
74801,40
74802,8
74803,29
74804,43
74805,3
74806,23
74807,4
74808,24
74809,55
74810,16
74811,28
74812,1
74813,8
74814,52
74815,25
74816,25
74817,6
74818,7
74819,3
74820,21
74821,40
74822,8
74823,22
74824,2
74825,24
74826,23
74827,40
74828,18
74829,24
74830,10
74831,7
74832,6
74833,2
74834,28
74835,8
74836,0
74837,12
74838,7
74839,35
74840,5
74841,25
74842,30
74843,0
74844,3
74845,46
74846,8
74847,10
74848,7
74849,18
74850,34
74851,3
74852,28
74853,6
74854,36
74855,40
74856,49
74857,2
74858,14
74859,3
74860,0
74861,59
74862,5
74863,6
74864,5
74865,30
74866,3
74867,40
74868,9
74869,9
74870,2
74871,5
74872,43
74873,2
74874,30
74875,28
74876,39
74877,22
74878,12
74879,30
74880,27
74881,4
74882,23
74883,40
74884,2
74885,5
74886,28
74887,36
74888,4
74889,24
74890,22
74891,28
74892,6
74893,9
74894,0
74895,40
74896,23
74897,0
74898,5
74899,2
74900,4
74901,4
74902,4
74903,1
74904,6
74905,20
74906,30
74907,23
74908,7
74909,29
74910,6
74911,23
74912,25
74913,23
74914,1
74915,2
74916,24
74917,40
74918,4
74919,15
74920,4
74921,37
74922,28
74923,61
74924,37
74925,18
74926,53
74927,49
74928,6
74929,39
74930,3
74931,8
74932,47
74933,26
74934,2
74935,4
74936,0
74937,3
74938,9
74939,31
74940,17
74941,24
74942,43
74943,9
74944,47
74945,0
74946,5
74947,24
74948,43
74949,3
74950,8
74951,0
74952,21
74953,40
74954,31
74955,23
74956,40
74957,0
74958,22
74959,4
74960,23
74961,9
74962,7
74963,9
74964,5
74965,8
74966,55
74967,24
74968,7
74969,0
74970,39
74971,3
74972,14
74973,22
74974,28
74975,2
74976,9
74977,3
74978,5
74979,5
74980,27
74981,23
74982,1
74983,39
74984,23
74985,1
74986,2
74987,0
74988,40
74989,5
74990,9
74991,2
74992,55
74993,2
74994,7
74995,31
74996,53
74997,55
74998,4
74999,4
75000,3
75001,4
75002,59
75003,0
75004,28
75005,1
75006,28
75007,9
75008,55
75009,4
75010,3
75011,9
75012,36
75013,18
75014,49
75015,2
75016,8
75017,0
75018,1
75019,24
75020,0
75021,40
75022,4
75023,23
75024,12
75025,4
75026,61
75027,49
75028,7
75029,40
75030,40
75031,29
75032,0
75033,30
75034,7
75035,59
75036,6
75037,2
75038,55
75039,6
75040,36
75041,5
75042,25
75043,39
75044,9
75045,9
75046,7
75047,53
75048,6
75049,33
75050,30
75051,9
75052,49
75053,39
75054,14
75055,2
75056,1
75057,7
75058,40
75059,28
75060,2
75061,1
75062,0
75063,49
75064,53
75065,4
75066,40
75067,27
75068,30
75069,24
75070,0
75071,9
75072,3
75073,1
75074,0
75075,7
75076,29
75077,25
75078,7
75079,55
75080,4
75081,40
75082,1
75083,24
75084,30
75085,5
75086,4
75087,3
75088,28
75089,1
75090,55
75091,8
75092,23
75093,3
75094,18
75095,1
75096,8
75097,6
75098,5
75099,22
75100,7
75101,1
75102,7
75103,39
75104,7
75105,36
75106,7
75107,7
75108,2
75109,9
75110,7
75111,9
75112,3
75113,3
75114,7
75115,22
75116,0
75117,43
75118,9
75119,4
75120,6
75121,9
75122,53
75123,49
75124,14
75125,18
75126,1
75127,28
75128,24
75129,5
75130,18
75131,55
75132,9
75133,53
75134,25
75135,24
75136,52
75137,0
75138,0
75139,24
75140,1
75141,25
75142,33
75143,5
75144,2
75145,53
75146,18
75147,25
75148,43
75149,3
75150,49
75151,3
75152,30
75153,3
75154,7
75155,53
75156,7
75157,12
75158,1
75159,18
75160,9
75161,11
75162,1
75163,36
75164,5
75165,5
75166,8
75167,6
75168,59
75169,7
75170,40
75171,40
75172,1
75173,1
75174,9
75175,0
75176,1
75177,21
75178,23
75179,22
75180,5
75181,10
75182,1
75183,3
75184,0
75185,8
75186,6
75187,9
75188,1
75189,29
75190,0
75191,0
75192,2
75193,1
75194,12
75195,55
75196,1
75197,36
75198,6
75199,49
75200,40
75201,2
75202,0
75203,21
75204,24
75205,21
75206,30
75207,3
75208,30
75209,22
75210,3
75211,0
75212,25
75213,9
75214,61
75215,0
75216,8
75217,8
75218,9
75219,23
75220,3
75221,43
75222,2
75223,14
75224,1
75225,22
75226,27
75227,5
75228,4
75229,4
75230,21
75231,2
75232,9
75233,55
75234,1
75235,4
75236,5
75237,1
75238,22
75239,28
75240,28
75241,6
75242,25
75243,26
75244,2
75245,8
75246,4
75247,2
75248,6
75249,7
75250,1
75251,55
75252,16
75253,58
75254,29
75255,8
75256,14
75257,4
75258,5
75259,1
75260,43
75261,3
75262,4
75263,1
75264,9
75265,3
75266,9
75267,0
75268,4
75269,6
75270,49
75271,30
75272,32
75273,6
75274,2
75275,6
75276,22
75277,24
75278,3
75279,28
75280,55
75281,8
75282,10
75283,25
75284,1
75285,1
75286,4
75287,23
75288,3
75289,2
75290,9
75291,10
75292,55
75293,49
75294,1
75295,1
75296,14
75297,6
75298,43
75299,9
75300,43
75301,28
75302,6
75303,49
75304,3
75305,49
75306,24
75307,0
75308,3
75309,6
75310,0
75311,40
75312,16
75313,2
75314,7
75315,15
75316,40
75317,61
75318,0
75319,1
75320,0
75321,4
75322,4
75323,4
75324,24
75325,18
75326,16
75327,6
75328,6
75329,40
75330,2
75331,12
75332,4
75333,8
75334,18
75335,3
75336,1
75337,3
75338,1
75339,7
75340,9
75341,2
75342,29
75343,4
75344,5
75345,49
75346,6
75347,40
75348,4
75349,21
75350,18
75351,30
75352,18
75353,28
75354,8
75355,0
75356,8
75357,22
75358,2
75359,36
75360,2
75361,23
75362,13
75363,31
75364,43
75365,30
75366,0
75367,28
75368,24
75369,40
75370,5
75371,28
75372,4
75373,6
75374,3
75375,26
75376,29
75377,3
75378,25
75379,9
75380,13
75381,4
75382,46
75383,4
75384,5
75385,10
75386,58
75387,60
75388,4
75389,42
75390,33
75391,15
75392,53
75393,36
75394,7
75395,53
75396,5
75397,19
75398,5
75399,8
75400,5
75401,4
75402,1
75403,21
75404,0
75405,4
75406,32
75407,4
75408,0
75409,29
75410,40
75411,10
75412,5
75413,36
75414,46
75415,23
75416,2
75417,1
75418,55
75419,9
75420,34
75421,7
75422,8
75423,9
75424,2
75425,22
75426,53
75427,3
75428,1
75429,2
75430,1
75431,8
75432,9
75433,22
75434,8
75435,33
75436,40
75437,8
75438,31
75439,3
75440,5
75441,47
75442,40
75443,31
75444,17
75445,3
75446,8
75447,29
75448,28
75449,3
75450,52
75451,30
75452,24
75453,34
75454,7
75455,39
75456,3
75457,39
75458,8
75459,1
75460,18
75461,58
75462,1
75463,0
75464,27
75465,28
75466,3
75467,3
75468,15
75469,3
75470,4
75471,2
75472,29
75473,8
75474,52
75475,30
75476,40
75477,27
75478,0
75479,49
75480,23
75481,24
75482,18
75483,2
75484,6
75485,23
75486,4
75487,0
75488,29
75489,11
75490,40
75491,4
75492,25
75493,22
75494,5
75495,55
75496,6
75497,53
75498,1
75499,25
75500,53
75501,40
75502,40
75503,1
75504,5
75505,19
75506,12
75507,4
75508,4
75509,1
75510,10
75511,52
75512,2
75513,53
75514,0
75515,30
75516,3
75517,8
75518,33
75519,12
75520,14
75521,5
75522,6
75523,53
75524,3
75525,23
75526,14
75527,39
75528,4
75529,2
75530,2
75531,0
75532,3
75533,2
75534,25
75535,12
75536,3
75537,40
75538,15
75539,7
75540,4
75541,14
75542,6
75543,32
75544,2
75545,8
75546,1
75547,24
75548,5
75549,1
75550,2
75551,24
75552,17
75553,39
75554,5
75555,36
75556,22
75557,5
75558,0
75559,24
75560,43
75561,14
75562,55
75563,35
75564,8
75565,24
75566,0
75567,21
75568,5
75569,5
75570,53
75571,0
75572,9
75573,39
75574,6
75575,0
75576,24
75577,49
75578,23
75579,6
75580,10
75581,7
75582,15
75583,9
75584,55
75585,4
75586,2
75587,49
75588,29
75589,55
75590,6
75591,28
75592,28
75593,1
75594,40
75595,55
75596,39
75597,4
75598,2
75599,7
75600,1
75601,1
75602,26
75603,0
75604,42
75605,40
75606,12
75607,28
75608,20
75609,8
75610,49
75611,8
75612,0
75613,0
75614,2
75615,4
75616,15
75617,6
75618,8
75619,4
75620,1
75621,36
75622,59
75623,5
75624,4
75625,3
75626,0
75627,0
75628,3
75629,1
75630,6
75631,2
75632,5
75633,28
75634,6
75635,2
75636,0
75637,11
75638,9
75639,8
75640,12
75641,1
75642,7
75643,4
75644,0
75645,28
75646,7
75647,8
75648,24
75649,2
75650,1
75651,0
75652,36
75653,22
75654,1
75655,3
75656,45
75657,7
75658,3
75659,30
75660,4
75661,0
75662,6
75663,0
75664,28
75665,1
75666,36
75667,53
75668,2
75669,5
75670,15
75671,1
75672,13
75673,12
75674,3
75675,12
75676,28
75677,9
75678,5
75679,55
75680,1
75681,25
75682,30
75683,2
75684,0
75685,0
75686,7
75687,2
75688,22
75689,61
75690,9
75691,0
75692,32
75693,32
75694,3
75695,3
75696,0
75697,6
75698,28
75699,1
75700,39
75701,58
75702,24
75703,0
75704,12
75705,7
75706,8
75707,25
75708,1
75709,10
75710,0
75711,18
75712,2
75713,2
75714,1
75715,53
75716,15
75717,15
75718,30
75719,5
75720,35
75721,8
75722,6
75723,15
75724,30
75725,13
75726,4
75727,23
75728,1
75729,29
75730,2
75731,4
75732,24
75733,11
75734,0
75735,12
75736,8
75737,53
75738,55
75739,49
75740,8
75741,9
75742,4
75743,40
75744,28
75745,5
75746,30
75747,1
75748,9
75749,18
75750,8
75751,25
75752,2
75753,18
75754,24
75755,2
75756,11
75757,2
75758,6
75759,12
75760,34
75761,40
75762,30
75763,36
75764,7
75765,16
75766,42
75767,35
75768,5
75769,3
75770,0
75771,9
75772,4
75773,13
75774,31
75775,21
75776,0
75777,32
75778,24
75779,18
75780,5
75781,56
75782,18
75783,40
75784,1
75785,9
75786,39
75787,7
75788,24
75789,27
75790,1
75791,8
75792,55
75793,15
75794,30
75795,3
75796,34
75797,1
75798,1
75799,49
75800,49
75801,23
75802,7
75803,47
75804,6
75805,5
75806,0
75807,8
75808,12
75809,8
75810,9
75811,8
75812,30
75813,24
75814,10
75815,9
75816,9
75817,30
75818,23
75819,7
75820,9
75821,24
75822,32
75823,28
75824,34
75825,7
75826,6
75827,16
75828,24
75829,0
75830,1
75831,6
75832,55
75833,8
75834,1
75835,4
75836,53
75837,1
75838,1
75839,28
75840,8
75841,1
75842,10
75843,30
75844,23
75845,33
75846,5
75847,55
75848,7
75849,9
75850,9
75851,0
75852,7
75853,8
75854,6
75855,28
75856,23
75857,6
75858,3
75859,24
75860,8
75861,33
75862,20
75863,8
75864,37
75865,0
75866,2
75867,23
75868,28
75869,60
75870,29
75871,4
75872,8
75873,25
75874,37
75875,24
75876,1
75877,36
75878,9
75879,4
75880,33
75881,40
75882,1
75883,0
75884,49
75885,18
75886,40
75887,4
75888,3
75889,49
75890,7
75891,4
75892,28
75893,1
75894,2
75895,24
75896,3
75897,28
75898,9
75899,5
75900,1
75901,14
75902,53
75903,49
75904,4
75905,27
75906,22
75907,0
75908,0
75909,2
75910,7
75911,3
75912,30
75913,24
75914,6
75915,7
75916,1
75917,33
75918,3
75919,6
75920,40
75921,3
75922,4
75923,7
75924,4
75925,5
75926,15
75927,1
75928,30
75929,25
75930,9
75931,4
75932,55
75933,3
75934,29
75935,36
75936,15
75937,1
75938,39
75939,7
75940,8
75941,5
75942,18
75943,25
75944,28
75945,9
75946,5
75947,10
75948,44
75949,29
75950,9
75951,23
75952,40
75953,5
75954,1
75955,18
75956,53
75957,2
75958,40
75959,23
75960,9
75961,1
75962,12
75963,12
75964,4
75965,49
75966,4
75967,8
75968,4
75969,1
75970,3
75971,30
75972,6
75973,40
75974,53
75975,3
75976,19
75977,28
75978,6
75979,1
75980,29
75981,3
75982,22
75983,4
75984,7
75985,9
75986,0
75987,59
75988,7
75989,0
75990,14
75991,30
75992,9
75993,5
75994,15
75995,49
75996,35
75997,53
75998,12
75999,40
76000,29
76001,22
76002,0
76003,24
76004,36
76005,2
76006,36
76007,29
76008,40
76009,3
76010,53
76011,14
76012,1
76013,8
76014,1
76015,29
76016,37
76017,28
76018,11
76019,1
76020,13
76021,4
76022,39
76023,3
76024,9
76025,40
76026,17
76027,5
76028,4
76029,2
76030,7
76031,1
76032,5
76033,28
76034,9
76035,13
76036,21
76037,4
76038,7
76039,1
76040,0
76041,1
76042,7
76043,6
76044,0
76045,3
76046,0
76047,18
76048,53
76049,34
76050,9
76051,2
76052,25
76053,5
76054,1
76055,40
76056,7
76057,9
76058,23
76059,22
76060,3
76061,0
76062,2
76063,4
76064,5
76065,3
76066,7
76067,8
76068,24
76069,0
76070,8
76071,39
76072,53
76073,6
76074,40
76075,28
76076,0
76077,37
76078,12
76079,3
76080,1
76081,39
76082,53
76083,2
76084,53
76085,7
76086,1
76087,8
76088,29
76089,23
76090,49
76091,4
76092,23
76093,1
76094,7
76095,7
76096,5
76097,9
76098,0
76099,43
76100,55
76101,5
76102,6
76103,29
76104,28
76105,35
76106,55
76107,0
76108,40
76109,3
76110,1
76111,31
76112,3
76113,10
76114,55
76115,14
76116,3
76117,12
76118,4
76119,3
76120,57
76121,8
76122,53
76123,4
76124,24
76125,9
76126,55
76127,5
76128,30
76129,1
76130,3
76131,4
76132,9
76133,6
76134,39
76135,13
76136,31
76137,7
76138,2
76139,5
76140,1
76141,4
76142,8
76143,10
76144,15
76145,4
76146,5
76147,24
76148,58
76149,9
76150,28
76151,3
76152,1
76153,15
76154,7
76155,6
76156,3
76157,15
76158,39
76159,31
76160,28
76161,1
76162,55
76163,40
76164,12
76165,43
76166,28
76167,15
76168,8
76169,1
76170,2
76171,2
76172,9
76173,1
76174,9
76175,28
76176,43
76177,7
76178,0
76179,8
76180,5
76181,2
76182,4
76183,24
76184,8
76185,1
76186,0
76187,0
76188,53
76189,9
76190,2
76191,4
76192,4
76193,28
76194,40
76195,28
76196,4
76197,9
76198,34
76199,6
76200,55
76201,17
76202,19
76203,32
76204,2
76205,4
76206,16
76207,4
76208,17
76209,27
76210,36
76211,40
76212,4
76213,7
76214,4
76215,49
76216,40
76217,7
76218,4
76219,1
76220,8
76221,29
76222,23
76223,3
76224,0
76225,4
76226,11
76227,0
76228,5
76229,7
76230,6
76231,36
76232,22
76233,8
76234,12
76235,1
76236,9
76237,6
76238,2
76239,31
76240,32
76241,5
76242,24
76243,3
76244,2
76245,22
76246,1
76247,1
76248,7
76249,1
76250,27
76251,7
76252,53
76253,0
76254,2
76255,8
76256,43
76257,55
76258,0
76259,14
76260,2
76261,39
76262,53
76263,25
76264,6
76265,37
76266,6
76267,25
76268,27
76269,12
76270,28
76271,0
76272,1
76273,29
76274,40
76275,34
76276,3
76277,31
76278,40
76279,8
76280,37
76281,29
76282,8
76283,35
76284,22
76285,15
76286,43
76287,11
76288,40
76289,0
76290,1
76291,58
76292,1
76293,1
76294,3
76295,8
76296,28
76297,24
76298,7
76299,4
76300,0
76301,31
76302,7
76303,28
76304,27
76305,40
76306,3
76307,13
76308,24
76309,28
76310,0
76311,7
76312,1
76313,14
76314,29
76315,10
76316,28
76317,22
76318,5
76319,40
76320,14
76321,36
76322,0
76323,9
76324,9
76325,8
76326,6
76327,7
76328,7
76329,12
76330,4
76331,9
76332,0
76333,8
76334,24
76335,1
76336,7
76337,25
76338,4
76339,17
76340,8
76341,1
76342,37
76343,0
76344,28
76345,49
76346,9
76347,0
76348,11
76349,2
76350,3
76351,12
76352,39
76353,6
76354,40
76355,18
76356,32
76357,3
76358,18
76359,26
76360,6
76361,3
76362,6
76363,9
76364,55
76365,3
76366,4
76367,1
76368,6
76369,28
76370,1
76371,2
76372,49
76373,0
76374,55
76375,4
76376,9
76377,22
76378,8
76379,15
76380,16
76381,49
76382,40
76383,31
76384,29
76385,0
76386,7
76387,29
76388,30
76389,53
76390,35
76391,2
76392,12
76393,3
76394,55
76395,0
76396,53
76397,3
76398,5
76399,24
76400,6
76401,40
76402,28
76403,1
76404,29
76405,28
76406,24
76407,12
76408,4
76409,7
76410,47
76411,31
76412,55
76413,2
76414,23
76415,8
76416,8
76417,3
76418,39
76419,49
76420,4
76421,4
76422,15
76423,43
76424,32
76425,3
76426,3
76427,24
76428,7
76429,36
76430,3
76431,7
76432,3
76433,20
76434,2
76435,22
76436,7
76437,53
76438,58
76439,1
76440,8
76441,1
76442,28
76443,1
76444,9
76445,18
76446,36
76447,4
76448,2
76449,1
76450,6
76451,0
76452,4
76453,18
76454,0
76455,0
76456,7
76457,1
76458,55
76459,28
76460,7
76461,1
76462,2
76463,24
76464,4
76465,5
76466,58
76467,5
76468,19
76469,28
76470,30
76471,8
76472,53
76473,8
76474,1
76475,6
76476,12
76477,5
76478,15
76479,1
76480,8
76481,3
76482,11
76483,6
76484,53
76485,40
76486,24
76487,24
76488,28
76489,60
76490,28
76491,25
76492,3
76493,55
76494,53
76495,36
76496,7
76497,9
76498,36
76499,24
76500,12
76501,43
76502,3
76503,2
76504,3
76505,4
76506,53
76507,7
76508,9
76509,2
76510,12
76511,16
76512,52
76513,2
76514,55
76515,12
76516,29
76517,4
76518,15
76519,2
76520,53
76521,30
76522,28
76523,34
76524,5
76525,9
76526,5
76527,22
76528,55
76529,4
76530,53
76531,7
76532,1
76533,0
76534,28
76535,24
76536,18
76537,9
76538,22
76539,24
76540,9
76541,18
76542,55
76543,53
76544,9
76545,1
76546,6
76547,9
76548,24
76549,6
76550,0
76551,39
76552,31
76553,55
76554,47
76555,18
76556,2
76557,28
76558,9
76559,16
76560,3
76561,15
76562,6
76563,2
76564,7
76565,6
76566,12
76567,9
76568,53
76569,2
76570,23
76571,8
76572,1
76573,25
76574,40
76575,2
76576,1
76577,5
76578,42
76579,39
76580,40
76581,36
76582,3
76583,1
76584,18
76585,3
76586,21
76587,5
76588,0
76589,7
76590,6
76591,53
76592,36
76593,0
76594,1
76595,8
76596,24
76597,11
76598,28
76599,6
76600,31
76601,18
76602,18
76603,3
76604,9
76605,16
76606,12
76607,4
76608,1
76609,53
76610,15
76611,1
76612,0
76613,13
76614,0
76615,22
76616,2
76617,37
76618,3
76619,7
76620,7
76621,2
76622,40
76623,4
76624,14
76625,1
76626,30
76627,45
76628,8
76629,6
76630,49
76631,9
76632,4
76633,0
76634,55
76635,35
76636,28
76637,3
76638,40
76639,7
76640,9
76641,24
76642,4
76643,22
76644,0
76645,10
76646,9
76647,5
76648,8
76649,24
76650,2
76651,19
76652,8
76653,0
76654,7
76655,58
76656,12
76657,7
76658,55
76659,4
76660,9
76661,7
76662,7
76663,1
76664,1
76665,7
76666,8
76667,3
76668,29
76669,40
76670,40
76671,2
76672,9
76673,8
76674,6
76675,7
76676,8
76677,1
76678,4
76679,1
76680,28
76681,49
76682,3
76683,8
76684,1
76685,2
76686,43
76687,4
76688,29
76689,3
76690,9
76691,32
76692,28
76693,29
76694,8
76695,30
76696,33
76697,30
76698,0
76699,8
76700,30
76701,1
76702,8
76703,22
76704,53
76705,4
76706,8
76707,49
76708,28
76709,27
76710,10
76711,3
76712,1
76713,1
76714,4
76715,24
76716,6
76717,4
76718,7
76719,4
76720,61
76721,29
76722,4
76723,1
76724,3
76725,28
76726,2
76727,22
76728,9
76729,0
76730,35
76731,1
76732,36
76733,6
76734,26
76735,3
76736,28
76737,36
76738,6
76739,47
76740,0
76741,24
76742,6
76743,1
76744,1
76745,12
76746,1
76747,24
76748,3
76749,43
76750,10
76751,31
76752,46
76753,31
76754,30
76755,18
76756,4
76757,28
76758,1
76759,1
76760,6
76761,6
76762,15
76763,2
76764,9
76765,8
76766,46
76767,7
76768,49
76769,28
76770,5
76771,12
76772,53
76773,36
76774,32
76775,3
76776,6
76777,1
76778,1
76779,2
76780,9
76781,43
76782,43
76783,9
76784,31
76785,36
76786,53
76787,6
76788,3
76789,25
76790,1
76791,3
76792,39
76793,4
76794,2
76795,5
76796,0
76797,5
76798,0
76799,31
76800,3
76801,55
76802,9
76803,1
76804,55
76805,28
76806,1
76807,6
76808,1
76809,32
76810,37
76811,3
76812,18
76813,8
76814,1
76815,7
76816,28
76817,37
76818,1
76819,30
76820,22
76821,17
76822,0
76823,59
76824,9
76825,5
76826,9
76827,59
76828,5
76829,55
76830,3
76831,0
76832,8
76833,8
76834,13
76835,0
76836,6
76837,28
76838,5
76839,20
76840,24
76841,25
76842,49
76843,3
76844,37
76845,10
76846,25
76847,7
76848,0
76849,8
76850,3
76851,0
76852,0
76853,7
76854,40
76855,4
76856,29
76857,8
76858,0
76859,28
76860,1
76861,9
76862,17
76863,5
76864,39
76865,53
76866,4
76867,18
76868,22
76869,6
76870,1
76871,30
76872,15
76873,2
76874,5
76875,33
76876,2
76877,2
76878,10
76879,3
76880,18
76881,1
76882,7
76883,15
76884,24
76885,1
76886,11
76887,8
76888,9
76889,8
76890,52
76891,24
76892,24
76893,9
76894,0
76895,4
76896,0
76897,2
76898,53
76899,23
76900,0
76901,1
76902,61
76903,21
76904,0
76905,39
76906,5
76907,7
76908,7
76909,58
76910,7
76911,12
76912,0
76913,1
76914,55
76915,18
76916,4
76917,0
76918,9
76919,8
76920,2
76921,31
76922,55
76923,7
76924,36
76925,4
76926,6
76927,1
76928,24
76929,23
76930,2
76931,6
76932,37
76933,1
76934,55
76935,37
76936,55
76937,30
76938,18
76939,39
76940,53
76941,28
76942,13
76943,6
76944,2
76945,8
76946,2
76947,58
76948,5
76949,30
76950,2
76951,30
76952,18
76953,7
76954,24
76955,9
76956,3
76957,16
76958,8
76959,13
76960,49
76961,8
76962,5
76963,1
76964,3
76965,53
76966,12
76967,7
76968,25
76969,6
76970,32
76971,49
76972,0
76973,30
76974,22
76975,31
76976,24
76977,3
76978,1
76979,18
76980,0
76981,40
76982,9
76983,7
76984,28
76985,9
76986,31
76987,28
76988,0
76989,21
76990,45
76991,36
76992,28
76993,6
76994,58
76995,1
76996,55
76997,2
76998,1
76999,1
77000,40
77001,53
77002,9
77003,4
77004,4
77005,6
77006,2
77007,3
77008,7
77009,4
77010,55
77011,7
77012,23
77013,3
77014,28
77015,4
77016,4
77017,4
77018,32
77019,2
77020,5
77021,1
77022,2
77023,8
77024,49
77025,4
77026,2
77027,4
77028,40
77029,6
77030,29
77031,4
77032,55
77033,1
77034,3
77035,9
77036,41
77037,0
77038,0
77039,49
77040,58
77041,34
77042,0
77043,0
77044,4
77045,15
77046,6
77047,8
77048,40
77049,30
77050,40
77051,28
77052,4
77053,12
77054,30
77055,25
77056,4
77057,39
77058,8
77059,30
77060,4
77061,9
77062,13
77063,0
77064,40
77065,7
77066,8
77067,40
77068,18
77069,28
77070,9
77071,7
77072,39
77073,18
77074,1
77075,15
77076,5
77077,1
77078,1
77079,7
77080,22
77081,34
77082,25
77083,24
77084,60
77085,5
77086,3
77087,31
77088,49
77089,29
77090,2
77091,4
77092,55
77093,11
77094,0
77095,44
77096,3
77097,24
77098,12
77099,10
77100,55
77101,60
77102,6
77103,1
77104,8
77105,0
77106,9
77107,2
77108,39
77109,1
77110,6
77111,12
77112,24
77113,6
77114,28
77115,6
77116,40
77117,0
77118,53
77119,4
77120,29
77121,6
77122,55
77123,6
77124,0
77125,24
77126,49
77127,53
77128,1
77129,9
77130,7
77131,4
77132,4
77133,6
77134,40
77135,28
77136,23
77137,1
77138,3
77139,31
77140,0
77141,8
77142,2
77143,1
77144,56
77145,5
77146,6
77147,59
77148,30
77149,7
77150,58
77151,47
77152,2
77153,10
77154,8
77155,55
77156,3
77157,31
77158,1
77159,2
77160,36
77161,4
77162,18
77163,2
77164,19
77165,14
77166,6
77167,0
77168,40
77169,40
77170,3
77171,59
77172,53
77173,12
77174,5
77175,9
77176,18
77177,8
77178,7
77179,4
77180,10
77181,1
77182,0
77183,30
77184,17
77185,40
77186,4
77187,7
77188,12
77189,3
77190,2
77191,49
77192,9
77193,2
77194,9
77195,8
77196,2
77197,34
77198,30
77199,1
77200,39
77201,1
77202,24
77203,8
77204,23
77205,28
77206,17
77207,39
77208,34
77209,7
77210,31
77211,3
77212,53
77213,4
77214,3
77215,53
77216,6
77217,0
77218,9
77219,17
77220,25
77221,42
77222,28
77223,7
77224,7
77225,9
77226,2
77227,36
77228,40
77229,24
77230,3
77231,8
77232,23
77233,31
77234,9
77235,5
77236,40
77237,1
77238,5
77239,19
77240,3
77241,5
77242,20
77243,0
77244,8
77245,3
77246,40
77247,5
77248,1
77249,39
77250,53
77251,30
77252,19
77253,5
77254,0
77255,8
77256,0
77257,1
77258,44
77259,40
77260,2
77261,3
77262,5
77263,1
77264,0
77265,20
77266,40
77267,7
77268,1
77269,30
77270,22
77271,2
77272,5
77273,5
77274,43
77275,0
77276,15
77277,15
77278,7
77279,4
77280,43
77281,4
77282,30
77283,55
77284,8
77285,55
77286,7
77287,4
77288,61
77289,9
77290,24
77291,5
77292,12
77293,30
77294,55
77295,3
77296,2
77297,37
77298,12
77299,5
77300,22
77301,49
77302,5
77303,0
77304,8
77305,40
77306,7
77307,7
77308,40
77309,2
77310,55
77311,6
77312,24
77313,5
77314,4
77315,9
77316,8
77317,2
77318,12
77319,8
77320,28
77321,24
77322,1
77323,24
77324,33
77325,53
77326,7
77327,9
77328,24
77329,0
77330,40
77331,8
77332,5
77333,28
77334,6
77335,28
77336,4
77337,49
77338,1
77339,22
77340,24
77341,6
77342,4
77343,9
77344,4
77345,5
77346,55
77347,5
77348,8
77349,7
77350,3
77351,4
77352,24
77353,23
77354,5
77355,9
77356,3
77357,25
77358,7
77359,9
77360,4
77361,39
77362,53
77363,6
77364,1
77365,0
77366,46
77367,0
77368,14
77369,9
77370,49
77371,47
77372,13
77373,9
77374,30
77375,4
77376,5
77377,3
77378,40
77379,12
77380,4
77381,1
77382,24
77383,9
77384,1
77385,40
77386,2
77387,5
77388,3
77389,23
77390,40
77391,55
77392,31
77393,3
77394,7
77395,1
77396,30
77397,12
77398,15
77399,6
77400,39
77401,8
77402,4
77403,3
77404,5
77405,6
77406,24
77407,5
77408,24
77409,8
77410,40
77411,33
77412,53
77413,4
77414,39
77415,0
77416,53
77417,49
77418,24
77419,6
77420,30
77421,0
77422,7
77423,12
77424,3
77425,22
77426,30
77427,0
77428,24
77429,29
77430,34
77431,1
77432,39
77433,12
77434,40
77435,37
77436,58
77437,5
77438,22
77439,1
77440,27
77441,29
77442,40
77443,4
77444,1
77445,1
77446,4
77447,0
77448,12
77449,5
77450,28
77451,2
77452,40
77453,6
77454,18
77455,7
77456,1
77457,4
77458,25
77459,39
77460,1
77461,6
77462,18
77463,55
77464,28
77465,49
77466,40
77467,28
77468,30
77469,7
77470,21
77471,55
77472,36
77473,12
77474,49
77475,26
77476,55
77477,8
77478,1
77479,23
77480,7
77481,4
77482,15
77483,8
77484,9
77485,23
77486,1
77487,39
77488,28
77489,40
77490,6
77491,7
77492,29
77493,0
77494,2
77495,6
77496,39
77497,44
77498,55
77499,55
77500,2
77501,7
77502,7
77503,47
77504,53
77505,40
77506,55
77507,8
77508,2
77509,1
77510,4
77511,3
77512,5
77513,25
77514,27
77515,40
77516,24
77517,15
77518,9
77519,40
77520,5
77521,12
77522,9
77523,40
77524,6
77525,1
77526,4
77527,0
77528,7
77529,12
77530,6
77531,5
77532,9
77533,11
77534,5
77535,13
77536,14
77537,5
77538,18
77539,0
77540,1
77541,7
77542,8
77543,6
77544,55
77545,3
77546,22
77547,23
77548,1
77549,18
77550,2
77551,34
77552,7
77553,1
77554,4
77555,7
77556,21
77557,8
77558,7
77559,9
77560,45
77561,4
77562,45
77563,3
77564,13
77565,7
77566,8
77567,28
77568,24
77569,29
77570,3
77571,30
77572,3
77573,8
77574,25
77575,4
77576,27
77577,2
77578,28
77579,28
77580,28
77581,30
77582,8
77583,37
77584,21
77585,9
77586,4
77587,5
77588,17
77589,40
77590,4
77591,23
77592,15
77593,21
77594,25
77595,34
77596,6
77597,35
77598,18
77599,7
77600,36
77601,53
77602,8
77603,18
77604,6
77605,34
77606,27
77607,9
77608,7
77609,3
77610,30
77611,3
77612,40
77613,9
77614,3
77615,3
77616,7
77617,9
77618,28
77619,8
77620,0
77621,14
77622,1
77623,8
77624,7
77625,32
77626,8
77627,9
77628,27
77629,29
77630,8
77631,2
77632,3
77633,53
77634,2
77635,36
77636,8
77637,3
77638,25
77639,24
77640,3
77641,1
77642,24
77643,1
77644,5
77645,2
77646,49
77647,8
77648,1
77649,8
77650,1
77651,9
77652,8
77653,10
77654,24
77655,27
77656,5
77657,18
77658,7
77659,22
77660,1
77661,55
77662,7
77663,6
77664,9
77665,22
77666,28
77667,51
77668,39
77669,8
77670,1
77671,34
77672,27
77673,18
77674,28
77675,28
77676,28
77677,0
77678,29
77679,29
77680,1
77681,49
77682,23
77683,4
77684,10
77685,8
77686,2
77687,7
77688,8
77689,23
77690,13
77691,7
77692,5
77693,24
77694,6
77695,33
77696,21
77697,4
77698,1
77699,4
77700,0
77701,0
77702,2
77703,19
77704,9
77705,55
77706,22
77707,12
77708,1
77709,7
77710,13
77711,13
77712,39
77713,55
77714,27
77715,18
77716,8
77717,9
77718,24
77719,14
77720,43
77721,28
77722,3
77723,0
77724,3
77725,2
77726,5
77727,2
77728,5
77729,0
77730,5
77731,1
77732,55
77733,9
77734,9
77735,3
77736,1
77737,5
77738,55
77739,8
77740,21
77741,3
77742,30
77743,2
77744,0
77745,23
77746,30
77747,1
77748,53
77749,49
77750,53
77751,8
77752,47
77753,1
77754,6
77755,5
77756,8
77757,8
77758,17
77759,1
77760,13
77761,7
77762,49
77763,4
77764,24
77765,8
77766,9
77767,14
77768,22
77769,12
77770,47
77771,8
77772,36
77773,40
77774,18
77775,55
77776,53
77777,18
77778,40
77779,8
77780,6
77781,18
77782,9
77783,36
77784,12
77785,39
77786,6
77787,4
77788,8
77789,55
77790,32
77791,5
77792,25
77793,9
77794,4
77795,24
77796,6
77797,4
77798,8
77799,29
77800,5
77801,1
77802,59
77803,22
77804,49
77805,12
77806,4
77807,1
77808,24
77809,7
77810,55
77811,55
77812,4
77813,42
77814,26
77815,4
77816,49
77817,18
77818,6
77819,0
77820,18
77821,3
77822,14
77823,24
77824,22
77825,5
77826,5
77827,0
77828,1
77829,5
77830,28
77831,18
77832,0
77833,1
77834,8
77835,24
77836,40
77837,4
77838,0
77839,3
77840,22
77841,21
77842,11
77843,7
77844,4
77845,6
77846,0
77847,30
77848,6
77849,4
77850,33
77851,9
77852,49
77853,7
77854,4
77855,55
77856,58
77857,39
77858,1
77859,0
77860,56
77861,6
77862,4
77863,22
77864,9
77865,28
77866,53
77867,4
77868,8
77869,30
77870,1
77871,3
77872,5
77873,40
77874,24
77875,2
77876,22
77877,1
77878,59
77879,40
77880,0
77881,43
77882,1
77883,0
77884,32
77885,13
77886,0
77887,5
77888,44
77889,3
77890,9
77891,32
77892,8
77893,7
77894,1
77895,6
77896,25
77897,0
77898,31
77899,3
77900,8
77901,10
77902,34
77903,6
77904,28
77905,9
77906,3
77907,40
77908,4
77909,8
77910,3
77911,56
77912,6
77913,7
77914,39
77915,5
77916,52
77917,34
77918,5
77919,9
77920,17
77921,25
77922,42
77923,8
77924,18
77925,40
77926,12
77927,17
77928,30
77929,6
77930,34
77931,9
77932,1
77933,2
77934,59
77935,6
77936,4
77937,30
77938,9
77939,28
77940,9
77941,11
77942,7
77943,35
77944,29
77945,6
77946,9
77947,8
77948,39
77949,2
77950,14
77951,3
77952,22
77953,18
77954,2
77955,40
77956,2
77957,25
77958,41
77959,3
77960,2
77961,5
77962,9
77963,0
77964,1
77965,3
77966,5
77967,49
77968,4
77969,59
77970,47
77971,8
77972,5
77973,2
77974,1
77975,0
77976,8
77977,7
77978,6
77979,53
77980,1
77981,24
77982,7
77983,18
77984,3
77985,14
77986,22
77987,1
77988,53
77989,9
77990,4
77991,3
77992,52
77993,4
77994,0
77995,40
77996,24
77997,1
77998,12
77999,37
78000,1
78001,8
78002,29
78003,53
78004,28
78005,7
78006,32
78007,0
78008,58
78009,8
78010,4
78011,15
78012,28
78013,27
78014,0
78015,3
78016,2
78017,22
78018,3
78019,8
78020,39
78021,6
78022,8
78023,7
78024,28
78025,1
78026,12
78027,8
78028,23
78029,39
78030,13
78031,28
78032,0
78033,14
78034,23
78035,23
78036,29
78037,2
78038,8
78039,0
78040,1
78041,2
78042,35
78043,1
78044,5
78045,6
78046,24
78047,28
78048,29
78049,7
78050,26
78051,15
78052,20
78053,9
78054,55
78055,25
78056,6
78057,33
78058,29
78059,21
78060,21
78061,31
78062,24
78063,4
78064,28
78065,22
78066,29
78067,30
78068,16
78069,47
78070,2
78071,9
78072,15
78073,2
78074,39
78075,28
78076,15
78077,2
78078,31
78079,0
78080,5
78081,12
78082,25
78083,6
78084,24
78085,0
78086,15
78087,2
78088,32
78089,12
78090,29
78091,2
78092,1
78093,49
78094,39
78095,55
78096,24
78097,55
78098,9
78099,24
78100,2
78101,17
78102,12
78103,0
78104,24
78105,1
78106,28
78107,43
78108,9
78109,0
78110,24
78111,1
78112,4
78113,53
78114,15
78115,30
78116,9
78117,2
78118,5
78119,6
78120,23
78121,18
78122,31
78123,24
78124,5
78125,1
78126,18
78127,7
78128,8
78129,37
78130,25
78131,28
78132,53
78133,6
78134,0
78135,55
78136,36
78137,8
78138,53
78139,30
78140,5
78141,53
78142,15
78143,2
78144,28
78145,13
78146,9
78147,22
78148,12
78149,28
78150,9
78151,1
78152,40
78153,4
78154,8
78155,55
78156,7
78157,9
78158,37
78159,9
78160,2
78161,29
78162,4
78163,8
78164,2
78165,0
78166,43
78167,0
78168,15
78169,28
78170,17
78171,2
78172,2
78173,0
78174,8
78175,5
78176,39
78177,1
78178,39
78179,55
78180,24
78181,22
78182,6
78183,2
78184,40
78185,0
78186,2
78187,7
78188,3
78189,0
78190,8
78191,7
78192,39
78193,28
78194,36
78195,40
78196,53
78197,59
78198,10
78199,28
78200,8
78201,7
78202,28
78203,8
78204,5
78205,31
78206,1
78207,0
78208,5
78209,24
78210,28
78211,1
78212,4
78213,18
78214,7
78215,2
78216,1
78217,32
78218,28
78219,1
78220,2
78221,8
78222,22
78223,3
78224,36
78225,5
78226,1
78227,30
78228,30
78229,39
78230,0
78231,6
78232,2
78233,2
78234,8
78235,2
78236,3
78237,6
78238,40
78239,28
78240,4
78241,21
78242,44
78243,6
78244,4
78245,61
78246,7
78247,1
78248,7
78249,2
78250,5
78251,6
78252,3
78253,4
78254,0
78255,7
78256,0
78257,1
78258,7
78259,24
78260,43
78261,5
78262,4
78263,4
78264,29
78265,29
78266,7
78267,43
78268,2
78269,7
78270,7
78271,55
78272,0
78273,0
78274,9
78275,29
78276,40
78277,36
78278,9
78279,0
78280,24
78281,49
78282,34
78283,21
78284,7
78285,55
78286,55
78287,2
78288,8
78289,28
78290,31
78291,28
78292,9
78293,1
78294,7
78295,24
78296,40
78297,6
78298,13
78299,48
78300,6
78301,40
78302,40
78303,52
78304,11
78305,1
78306,0
78307,43
78308,1
78309,2
78310,8
78311,27
78312,3
78313,3
78314,0
78315,23
78316,2
78317,55
78318,4
78319,40
78320,1
78321,23
78322,3
78323,3
78324,0
78325,28
78326,0
78327,6
78328,10
78329,2
78330,3
78331,8
78332,17
78333,7
78334,5
78335,4
78336,1
78337,7
78338,9
78339,25
78340,4
78341,3
78342,26
78343,7
78344,40
78345,2
78346,7
78347,1
78348,6
78349,4
78350,7
78351,8
78352,2
78353,30
78354,28
78355,11
78356,3
78357,3
78358,40
78359,12
78360,7
78361,8
78362,28
78363,55
78364,1
78365,1
78366,21
78367,2
78368,40
78369,6
78370,30
78371,1
78372,36
78373,30
78374,40
78375,1
78376,4
78377,6
78378,8
78379,0
78380,30
78381,6
78382,55
78383,7
78384,30
78385,4
78386,4
78387,32
78388,5
78389,22
78390,9
78391,55
78392,15
78393,2
78394,28
78395,8
78396,2
78397,13
78398,1
78399,0
78400,59
78401,5
78402,3
78403,1
78404,9
78405,29
78406,25
78407,17
78408,49
78409,28
78410,2
78411,1
78412,28
78413,2
78414,34
78415,2
78416,6
78417,40
78418,5
78419,12
78420,28
78421,40
78422,40
78423,14
78424,39
78425,8
78426,7
78427,5
78428,40
78429,5
78430,14
78431,1
78432,14
78433,1
78434,8
78435,18
78436,7
78437,4
78438,28
78439,33
78440,4
78441,8
78442,4
78443,3
78444,40
78445,24
78446,0
78447,1
78448,11
78449,10
78450,24
78451,55
78452,0
78453,47
78454,11
78455,3
78456,23
78457,4
78458,7
78459,3
78460,40
78461,40
78462,29
78463,28
78464,47
78465,28
78466,32
78467,0
78468,9
78469,8
78470,40
78471,0
78472,49
78473,29
78474,7
78475,6
78476,2
78477,9
78478,7
78479,28
78480,55
78481,13
78482,0
78483,10
78484,28
78485,47
78486,24
78487,6
78488,11
78489,7
78490,2
78491,12
78492,27
78493,30
78494,55
78495,55
78496,1
78497,12
78498,4
78499,47
78500,4
78501,0
78502,24
78503,34
78504,8
78505,24
78506,18
78507,55
78508,2
78509,8
78510,2
78511,40
78512,6
78513,61
78514,3
78515,6
78516,2
78517,2
78518,5
78519,0
78520,55
78521,1
78522,24
78523,12
78524,31
78525,3
78526,3
78527,46
78528,1
78529,39
78530,4
78531,8
78532,9
78533,22
78534,39
78535,1
78536,0
78537,28
78538,7
78539,0
78540,28
78541,1
78542,23
78543,33
78544,42
78545,39
78546,6
78547,28
78548,23
78549,3
78550,1
78551,8
78552,28
78553,0
78554,3
78555,30
78556,6
78557,47
78558,6
78559,24
78560,0
78561,2
78562,25
78563,31
78564,7
78565,39
78566,25
78567,0
78568,24
78569,26
78570,3
78571,24
78572,23
78573,3
78574,5
78575,6
78576,22
78577,24
78578,9
78579,28
78580,40
78581,6
78582,7
78583,6
78584,1
78585,26
78586,4
78587,15
78588,7
78589,16
78590,25
78591,24
78592,6
78593,6
78594,3
78595,1
78596,49
78597,47
78598,1
78599,53
78600,4
78601,7
78602,7
78603,9
78604,8
78605,43
78606,9
78607,24
78608,0
78609,7
78610,18
78611,1
78612,1
78613,49
78614,0
78615,28
78616,23
78617,4
78618,6
78619,53
78620,9
78621,22
78622,33
78623,7
78624,49
78625,19
78626,1
78627,26
78628,6
78629,25
78630,7
78631,0
78632,7
78633,40
78634,9
78635,22
78636,3
78637,1
78638,6
78639,18
78640,53
78641,3
78642,6
78643,39
78644,5
78645,6
78646,1
78647,1
78648,1
78649,9
78650,35
78651,49
78652,59
78653,5
78654,3
78655,5
78656,5
78657,9
78658,1
78659,5
78660,9
78661,27
78662,36
78663,40
78664,9
78665,4
78666,3
78667,28
78668,37
78669,40
78670,1
78671,0
78672,12
78673,6
78674,9
78675,3
78676,23
78677,36
78678,8
78679,6
78680,36
78681,55
78682,1
78683,24
78684,7
78685,12
78686,1
78687,9
78688,49
78689,24
78690,40
78691,58
78692,14
78693,16
78694,1
78695,40
78696,21
78697,24
78698,1
78699,1
78700,5
78701,8
78702,7
78703,6
78704,6
78705,8
78706,9
78707,25
78708,4
78709,1
78710,2
78711,40
78712,3
78713,1
78714,1
78715,0
78716,6
78717,3
78718,4
78719,6
78720,40
78721,2
78722,43
78723,0
78724,0
78725,9
78726,9
78727,33
78728,9
78729,1
78730,39
78731,1
78732,25
78733,0
78734,0
78735,1
78736,13
78737,2
78738,6
78739,23
78740,24
78741,7
78742,1
78743,19
78744,4
78745,30
78746,8
78747,7
78748,7
78749,18
78750,59
78751,12
78752,5
78753,1
78754,0
78755,49
78756,1
78757,7
78758,3
78759,24
78760,39
78761,28
78762,16
78763,47
78764,40
78765,8
78766,0
78767,0
78768,47
78769,9
78770,21
78771,3
78772,28
78773,30
78774,6
78775,53
78776,5
78777,59
78778,6
78779,18
78780,1
78781,3
78782,2
78783,1
78784,23
78785,4
78786,23
78787,55
78788,9
78789,5
78790,0
78791,13
78792,8
78793,53
78794,9
78795,3
78796,0
78797,9
78798,1
78799,24
78800,5
78801,6
78802,0
78803,5
78804,8
78805,29
78806,2
78807,6
78808,1
78809,53
78810,3
78811,18
78812,7
78813,23
78814,1
78815,17
78816,52
78817,15
78818,9
78819,2
78820,18
78821,13
78822,53
78823,30
78824,8
78825,7
78826,7
78827,1
78828,4
78829,55
78830,10
78831,60
78832,9
78833,1
78834,0
78835,33
78836,3
78837,23
78838,39
78839,7
78840,6
78841,25
78842,9
78843,9
78844,3
78845,18
78846,9
78847,47
78848,3
78849,7
78850,55
78851,3
78852,5
78853,10
78854,6
78855,25
78856,28
78857,3
78858,2
78859,8
78860,36
78861,30
78862,3
78863,28
78864,2
78865,3
78866,5
78867,39
78868,25
78869,6
78870,40
78871,37
78872,3
78873,8
78874,1
78875,32
78876,1
78877,0
78878,25
78879,2
78880,5
78881,40
78882,5
78883,6
78884,9
78885,12
78886,26
78887,2
78888,1
78889,24
78890,0
78891,24
78892,4
78893,4
78894,13
78895,0
78896,43
78897,22
78898,1
78899,1
78900,8
78901,40
78902,2
78903,25
78904,3
78905,2
78906,3
78907,1
78908,28
78909,24
78910,53
78911,32
78912,25
78913,0
78914,19
78915,0
78916,49
78917,24
78918,7
78919,12
78920,2
78921,55
78922,8
78923,8
78924,2
78925,3
78926,9
78927,43
78928,8
78929,1
78930,55
78931,2
78932,40
78933,10
78934,16
78935,7
78936,0
78937,3
78938,15
78939,25
78940,1
78941,7
78942,24
78943,20
78944,1
78945,2
78946,24
78947,39
78948,40
78949,4
78950,9
78951,43
78952,36
78953,53
78954,30
78955,37
78956,55
78957,1
78958,52
78959,1
78960,4
78961,4
78962,4
78963,2
78964,4
78965,24
78966,3
78967,11
78968,5
78969,6
78970,7
78971,4
78972,30
78973,34
78974,22
78975,9
78976,6
78977,18
78978,8
78979,3
78980,0
78981,1
78982,28
78983,9
78984,24
78985,2
78986,6
78987,4
78988,37
78989,49
78990,0
78991,0
78992,34
78993,24
78994,39
78995,1
78996,39
78997,24
78998,8
78999,11
79000,12
79001,19
79002,18
79003,43
79004,1
79005,4
79006,40
79007,30
79008,9
79009,7
79010,53
79011,46
79012,8
79013,1
79014,4
79015,9
79016,6
79017,5
79018,1
79019,6
79020,31
79021,29
79022,3
79023,30
79024,40
79025,28
79026,4
79027,3
79028,24
79029,2
79030,1
79031,5
79032,9
79033,0
79034,55
79035,5
79036,24
79037,1
79038,24
79039,2
79040,3
79041,6
79042,18
79043,1
79044,39
79045,10
79046,7
79047,9
79048,4
79049,8
79050,8
79051,57
79052,40
79053,18
79054,4
79055,12
79056,40
79057,12
79058,46
79059,10
79060,8
79061,14
79062,8
79063,1
79064,37
79065,36
79066,49
79067,10
79068,1
79069,23
79070,16
79071,8
79072,3
79073,1
79074,24
79075,61
79076,27
79077,8
79078,7
79079,40
79080,27
79081,3
79082,53
79083,18
79084,6
79085,30
79086,55
79087,29
79088,36
79089,24
79090,24
79091,40
79092,15
79093,23
79094,19
79095,49
79096,2
79097,55
79098,53
79099,15
79100,40
79101,12
79102,15
79103,30
79104,6
79105,24
79106,2
79107,22
79108,6
79109,0
79110,9
79111,6
79112,3
79113,0
79114,47
79115,28
79116,11
79117,28
79118,7
79119,7
79120,49
79121,19
79122,1
79123,18
79124,12
79125,31
79126,2
79127,24
79128,8
79129,30
79130,24
79131,40
79132,21
79133,0
79134,8
79135,1
79136,6
79137,4
79138,40
79139,40
79140,30
79141,7
79142,32
79143,40
79144,0
79145,7
79146,8
79147,28
79148,8
79149,9
79150,12
79151,6
79152,24
79153,30
79154,6
79155,0
79156,34
79157,1
79158,9
79159,31
79160,8
79161,2
79162,16
79163,0
79164,28
79165,28
79166,9
79167,46
79168,6
79169,28
79170,2
79171,3
79172,35
79173,1
79174,28
79175,9
79176,15
79177,37
79178,29
79179,0
79180,5
79181,3
79182,5
79183,36
79184,1
79185,4
79186,49
79187,4
79188,6
79189,7
79190,8
79191,18
79192,2
79193,7
79194,49
79195,36
79196,2
79197,7
79198,0
79199,6
79200,18
79201,16
79202,24
79203,27
79204,15
79205,24
79206,53
79207,47
79208,9
79209,18
79210,5
79211,8
79212,6
79213,1
79214,6
79215,11
79216,33
79217,9
79218,28
79219,8
79220,5
79221,43
79222,3
79223,6
79224,3
79225,18
79226,2
79227,40
79228,2
79229,1
79230,18
79231,5
79232,28
79233,23
79234,49
79235,55
79236,14
79237,6
79238,10
79239,1
79240,17
79241,8
79242,28
79243,40
79244,35
79245,0
79246,55
79247,1
79248,1
79249,14
79250,9
79251,0
79252,53
79253,40
79254,8
79255,8
79256,5
79257,30
79258,4
79259,7
79260,5
79261,4
79262,19
79263,6
79264,19
79265,8
79266,34
79267,21
79268,4
79269,41
79270,30
79271,32
79272,18
79273,26
79274,28
79275,16
79276,7
79277,5
79278,2
79279,7
79280,7
79281,2
79282,8
79283,47
79284,1
79285,4
79286,2
79287,2
79288,53
79289,55
79290,23
79291,5
79292,28
79293,55
79294,40
79295,1
79296,0
79297,24
79298,19
79299,5
79300,36
79301,22
79302,44
79303,12
79304,55
79305,30
79306,10
79307,1
79308,9
79309,0
79310,6
79311,18
79312,7
79313,22
79314,32
79315,2
79316,24
79317,22
79318,24
79319,34
79320,5
79321,0
79322,28
79323,0
79324,2
79325,36
79326,12
79327,4
79328,55
79329,2
79330,0
79331,22
79332,25
79333,43
79334,8
79335,4
79336,2
79337,2
79338,9
79339,3
79340,55
79341,40
79342,22
79343,7
79344,8
79345,1
79346,40
79347,36
79348,29
79349,7
79350,5
79351,43
79352,2
79353,53
79354,59
79355,36
79356,7
79357,0
79358,1
79359,1
79360,43
79361,55
79362,40
79363,28
79364,21
79365,47
79366,49
79367,40
79368,18
79369,28
79370,24
79371,6
79372,2
79373,31
79374,31
79375,7
79376,25
79377,1
79378,1
79379,0
79380,22
79381,5
79382,24
79383,46
79384,10
79385,20
79386,2
79387,2
79388,30
79389,25
79390,9
79391,0
79392,24
79393,5
79394,25
79395,4
79396,9
79397,39
79398,7
79399,19
79400,12
79401,12
79402,36
79403,40
79404,16
79405,61
79406,43
79407,43
79408,40
79409,34
79410,1
79411,0
79412,40
79413,4
79414,1
79415,10
79416,37
79417,43
79418,36
79419,34
79420,35
79421,1
79422,5
79423,18
79424,6
79425,31
79426,3
79427,1
79428,55
79429,9
79430,4
79431,40
79432,7
79433,40
79434,3
79435,22
79436,43
79437,9
79438,2
79439,8
79440,5
79441,24
79442,40
79443,3
79444,14
79445,3
79446,8
79447,3
79448,1
79449,52
79450,1
79451,25
79452,13
79453,9
79454,29
79455,4
79456,3
79457,7
79458,9
79459,7
79460,22
79461,6
79462,25
79463,5
79464,1
79465,0
79466,4
79467,2
79468,12
79469,8
79470,44
79471,28
79472,3
79473,25
79474,9
79475,5
79476,12
79477,34
79478,37
79479,46
79480,0
79481,30
79482,6
79483,9
79484,0
79485,19
79486,23
79487,12
79488,8
79489,8
79490,3
79491,55
79492,26
79493,49
79494,7
79495,61
79496,19
79497,8
79498,8
79499,15
79500,40
79501,55
79502,3
79503,7
79504,26
79505,4
79506,61
79507,29
79508,34
79509,9
79510,7
79511,39
79512,9
79513,3
79514,53
79515,4
79516,1
79517,5
79518,30
79519,6
79520,5
79521,5
79522,40
79523,2
79524,35
79525,2
79526,3
79527,13
79528,40
79529,5
79530,3
79531,3
79532,2
79533,25
79534,4
79535,40
79536,4
79537,27
79538,2
79539,28
79540,9
79541,22
79542,55
79543,7
79544,0
79545,4
79546,9
79547,8
79548,28
79549,1
79550,23
79551,17
79552,12
79553,7
79554,28
79555,18
79556,18
79557,3
79558,20
79559,7
79560,17
79561,30
79562,3
79563,47
79564,29
79565,9
79566,25
79567,4
79568,18
79569,52
79570,23
79571,32
79572,53
79573,28
79574,15
79575,1
79576,1
79577,28
79578,30
79579,7
79580,0
79581,40
79582,24
79583,25
79584,43
79585,25
79586,28
79587,6
79588,18
79589,8
79590,24
79591,17
79592,6
79593,8
79594,47
79595,6
79596,7
79597,47
79598,35
79599,9
79600,9
79601,22
79602,4
79603,23
79604,9
79605,2
79606,2
79607,14
79608,28
79609,53
79610,6
79611,14
79612,2
79613,9
79614,7
79615,43
79616,6
79617,53
79618,34
79619,9
79620,4
79621,2
79622,4
79623,6
79624,9
79625,9
79626,7
79627,6
79628,40
79629,12
79630,25
79631,7
79632,9
79633,18
79634,4
79635,6
79636,37
79637,2
79638,12
79639,7
79640,60
79641,28
79642,3
79643,9
79644,9
79645,2
79646,5
79647,12
79648,29
79649,10
79650,8
79651,7
79652,4
79653,3
79654,14
79655,30
79656,9
79657,40
79658,7
79659,23
79660,4
79661,8
79662,40
79663,28
79664,9
79665,15
79666,1
79667,3
79668,24
79669,3
79670,5
79671,9
79672,9
79673,53
79674,0
79675,6
79676,19
79677,31
79678,4
79679,9
79680,19
79681,55
79682,9
79683,6
79684,15
79685,30
79686,11
79687,12
79688,1
79689,6
79690,2
79691,25
79692,0
79693,53
79694,6
79695,55
79696,4
79697,4
79698,15
79699,34
79700,15
79701,23
79702,5
79703,9
79704,8
79705,20
79706,58
79707,55
79708,9
79709,7
79710,5
79711,4
79712,55
79713,9
79714,49
79715,3
79716,36
79717,28
79718,4
79719,9
79720,40
79721,4
79722,2
79723,5
79724,52
79725,40
79726,15
79727,1
79728,1
79729,14
79730,3
79731,0
79732,3
79733,0
79734,8
79735,1
79736,6
79737,56
79738,1
79739,13
79740,7
79741,3
79742,9
79743,5
79744,0
79745,29
79746,1
79747,6
79748,23
79749,39
79750,3
79751,6
79752,23
79753,28
79754,6
79755,0
79756,43
79757,2
79758,7
79759,4
79760,37
79761,49
79762,1
79763,2
79764,34
79765,7
79766,6
79767,40
79768,55
79769,34
79770,22
79771,6
79772,4
79773,0
79774,32
79775,13
79776,37
79777,15
79778,1
79779,3
79780,4
79781,23
79782,3
79783,4
79784,7
79785,0
79786,15
79787,3
79788,36
79789,6
79790,8
79791,1
79792,31
79793,6
79794,26
79795,7
79796,28
79797,4
79798,23
79799,28
79800,46
79801,40
79802,9
79803,26
79804,4
79805,46
79806,55
79807,4
79808,4
79809,0
79810,28
79811,8
79812,43
79813,4
79814,9
79815,5
79816,55
79817,2
79818,1
79819,9
79820,55
79821,39
79822,34
79823,5
79824,24
79825,40
79826,37
79827,9
79828,17
79829,28
79830,7
79831,40
79832,55
79833,45
79834,37
79835,0
79836,8
79837,28
79838,32
79839,3
79840,1
79841,0
79842,1
79843,26
79844,8
79845,22
79846,20
79847,55
79848,9
79849,40
79850,34
79851,4
79852,3
79853,9
79854,5
79855,4
79856,30
79857,2
79858,55
79859,6
79860,29
79861,3
79862,9
79863,2
79864,25
79865,2
79866,1
79867,8
79868,24
79869,5
79870,32
79871,31
79872,39
79873,4
79874,49
79875,3
79876,40
79877,4
79878,12
79879,9
79880,3
79881,5
79882,1
79883,6
79884,19
79885,8
79886,7
79887,6
79888,4
79889,0
79890,59
79891,2
79892,7
79893,3
79894,0
79895,29
79896,11
79897,13
79898,31
79899,7
79900,9
79901,4
79902,0
79903,3
79904,33
79905,19
79906,9
79907,40
79908,21
79909,2
79910,31
79911,2
79912,0
79913,5
79914,9
79915,3
79916,7
79917,27
79918,30
79919,27
79920,0
79921,6
79922,7
79923,7
79924,8
79925,22
79926,1
79927,7
79928,0
79929,2
79930,9
79931,27
79932,15
79933,4
79934,28
79935,7
79936,4
79937,3
79938,7
79939,25
79940,9
79941,1
79942,15
79943,36
79944,2
79945,0
79946,25
79947,55
79948,24
79949,5
79950,26
79951,0
79952,1
79953,6
79954,7
79955,19
79956,24
79957,4
79958,10
79959,10
79960,55
79961,55
79962,24
79963,3
79964,2
79965,9
79966,7
79967,49
79968,16
79969,25
79970,5
79971,7
79972,4
79973,28
79974,8
79975,23
79976,7
79977,28
79978,9
79979,17
79980,28
79981,2
79982,15
79983,18
79984,36
79985,9
79986,0
79987,9
79988,40
79989,28
79990,4
79991,28
79992,5
79993,40
79994,25
79995,1
79996,2
79997,10
79998,28
79999,9
80000,1
80001,9
80002,24
80003,32
80004,9
80005,39
80006,8
80007,21
80008,0
80009,5
80010,5
80011,9
80012,6
80013,15
80014,21
80015,3
80016,27
80017,61
80018,40
80019,43
80020,55
80021,19
80022,16
80023,22
80024,2
80025,53
80026,6
80027,0
80028,7
80029,17
80030,13
80031,9
80032,5
80033,7
80034,1
80035,24
80036,2
80037,24
80038,23
80039,15
80040,5
80041,6
80042,2
80043,12
80044,0
80045,2
80046,22
80047,7
80048,3
80049,53
80050,10
80051,24
80052,6
80053,19
80054,4
80055,0
80056,8
80057,7
80058,2
80059,30
80060,3
80061,4
80062,9
80063,19
80064,9
80065,31
80066,2
80067,2
80068,59
80069,31
80070,47
80071,3
80072,36
80073,11
80074,22
80075,12
80076,36
80077,0
80078,40
80079,17
80080,4
80081,40
80082,1
80083,9
80084,24
80085,28
80086,40
80087,40
80088,61
80089,7
80090,2
80091,49
80092,3
80093,59
80094,9
80095,9
80096,22
80097,0
80098,7
80099,53
80100,39
80101,40
80102,1
80103,5
80104,28
80105,3
80106,23
80107,4
80108,40
80109,6
80110,2
80111,7
80112,1
80113,2
80114,22
80115,8
80116,0
80117,2
80118,15
80119,5
80120,8
80121,8
80122,17
80123,0
80124,12
80125,39
80126,53
80127,55
80128,31
80129,3
80130,7
80131,6
80132,31
80133,15
80134,32
80135,40
80136,2
80137,1
80138,10
80139,6
80140,7
80141,9
80142,40
80143,55
80144,8
80145,3
80146,8
80147,24
80148,40
80149,2
80150,12
80151,47
80152,3
80153,28
80154,11
80155,14
80156,34
80157,1
80158,25
80159,10
80160,9
80161,3
80162,0
80163,10
80164,29
80165,8
80166,1
80167,4
80168,2
80169,24
80170,0
80171,6
80172,8
80173,8
80174,4
80175,40
80176,30
80177,9
80178,18
80179,6
80180,31
80181,8
80182,12
80183,6
80184,7
80185,5
80186,40
80187,4
80188,9
80189,45
80190,24
80191,43
80192,3
80193,4
80194,5
80195,36
80196,15
80197,5
80198,1
80199,40
80200,5
80201,6
80202,40
80203,53
80204,9
80205,3
80206,7
80207,3
80208,6
80209,46
80210,1
80211,53
80212,30
80213,34
80214,56
80215,9
80216,13
80217,1
80218,1
80219,0
80220,11
80221,9
80222,24
80223,11
80224,5
80225,0
80226,40
80227,28
80228,1
80229,7
80230,8
80231,4
80232,3
80233,12
80234,3
80235,19
80236,40
80237,9
80238,8
80239,24
80240,7
80241,7
80242,3
80243,30
80244,1
80245,2
80246,53
80247,2
80248,30
80249,2
80250,3
80251,3
80252,3
80253,24
80254,37
80255,1
80256,24
80257,25
80258,61
80259,8
80260,40
80261,2
80262,58
80263,9
80264,1
80265,5
80266,39
80267,49
80268,55
80269,6
80270,55
80271,2
80272,17
80273,0
80274,2
80275,29
80276,6
80277,11
80278,6
80279,8
80280,40
80281,0
80282,11
80283,21
80284,29
80285,24
80286,8
80287,8
80288,24
80289,4
80290,6
80291,61
80292,22
80293,18
80294,1
80295,2
80296,13
80297,49
80298,47
80299,18
80300,36
80301,1
80302,53
80303,46
80304,0
80305,7
80306,10
80307,9
80308,53
80309,1
80310,2
80311,6
80312,12
80313,6
80314,29
80315,1
80316,7
80317,56
80318,8
80319,4
80320,16
80321,9
80322,9
80323,34
80324,7
80325,60
80326,28
80327,2
80328,24
80329,28
80330,28
80331,9
80332,2
80333,49
80334,25
80335,12
80336,2
80337,13
80338,1
80339,4
80340,4
80341,28
80342,27
80343,28
80344,22
80345,3
80346,20
80347,3
80348,0
80349,4
80350,5
80351,35
80352,37
80353,61
80354,1
80355,40
80356,5
80357,0
80358,7
80359,40
80360,47
80361,28
80362,2
80363,8
80364,10
80365,22
80366,19
80367,30
80368,25
80369,12
80370,1
80371,0
80372,1
80373,43
80374,40
80375,18
80376,2
80377,7
80378,7
80379,34
80380,5
80381,6
80382,53
80383,0
80384,1
80385,5
80386,6
80387,18
80388,7
80389,14
80390,40
80391,29
80392,36
80393,2
80394,15
80395,36
80396,0
80397,1
80398,24
80399,28
80400,42
80401,2
80402,7
80403,2
80404,1
80405,0
80406,30
80407,19
80408,27
80409,2
80410,30
80411,3
80412,8
80413,8
80414,30
80415,7
80416,8
80417,28
80418,59
80419,31
80420,2
80421,55
80422,49
80423,29
80424,3
80425,1
80426,9
80427,4
80428,15
80429,13
80430,16
80431,23
80432,3
80433,5
80434,30
80435,55
80436,25
80437,4
80438,5
80439,37
80440,15
80441,22
80442,37
80443,8
80444,43
80445,59
80446,55
80447,1
80448,36
80449,10
80450,24
80451,28
80452,24
80453,9
80454,31
80455,14
80456,7
80457,1
80458,2
80459,9
80460,2
80461,1
80462,18
80463,9
80464,0
80465,18
80466,31
80467,53
80468,5
80469,14
80470,0
80471,1
80472,6
80473,28
80474,2
80475,8
80476,36
80477,27
80478,59
80479,1
80480,47
80481,23
80482,28
80483,4
80484,23
80485,0
80486,4
80487,19
80488,6
80489,16
80490,9
80491,12
80492,9
80493,3
80494,4
80495,28
80496,40
80497,0
80498,9
80499,5
80500,18
80501,29
80502,25
80503,27
80504,29
80505,9
80506,15
80507,6
80508,4
80509,55
80510,1
80511,24
80512,55
80513,3
80514,3
80515,49
80516,21
80517,21
80518,8
80519,3
80520,0
80521,13
80522,7
80523,2
80524,9
80525,1
80526,37
80527,5
80528,21
80529,18
80530,3
80531,1
80532,5
80533,55
80534,11
80535,22
80536,9
80537,6
80538,49
80539,40
80540,3
80541,14
80542,9
80543,1
80544,2
80545,21
80546,4
80547,55
80548,21
80549,6
80550,7
80551,18
80552,31
80553,1
80554,55
80555,0
80556,30
80557,0
80558,0
80559,1
80560,1
80561,55
80562,55
80563,1
80564,30
80565,23
80566,8
80567,7
80568,6
80569,2
80570,16
80571,8
80572,1
80573,36
80574,55
80575,31
80576,1
80577,28
80578,3
80579,7
80580,2
80581,5
80582,30
80583,1
80584,28
80585,31
80586,39
80587,12
80588,28
80589,6
80590,0
80591,4
80592,53
80593,6
80594,4
80595,22
80596,5
80597,4
80598,15
80599,19
80600,5
80601,7
80602,40
80603,35
80604,19
80605,8
80606,1
80607,8
80608,1
80609,28
80610,47
80611,61
80612,10
80613,9
80614,24
80615,32
80616,6
80617,28
80618,4
80619,24
80620,30
80621,49
80622,22
80623,52
80624,21
80625,3
80626,1
80627,36
80628,6
80629,28
80630,9
80631,55
80632,55
80633,40
80634,24
80635,40
80636,25
80637,2
80638,0
80639,1
80640,0
80641,18
80642,2
80643,8
80644,12
80645,3
80646,9
80647,29
80648,5
80649,1
80650,55
80651,28
80652,4
80653,9
80654,29
80655,1
80656,40
80657,24
80658,9
80659,1
80660,2
80661,8
80662,28
80663,15
80664,5
80665,29
80666,8
80667,6
80668,1
80669,34
80670,15
80671,5
80672,31
80673,36
80674,15
80675,55
80676,4
80677,1
80678,22
80679,0
80680,8
80681,29
80682,25
80683,7
80684,4
80685,8
80686,1
80687,24
80688,28
80689,8
80690,4
80691,6
80692,56
80693,40
80694,12
80695,4
80696,27
80697,36
80698,5
80699,2
80700,0
80701,2
80702,4
80703,55
80704,27
80705,53
80706,17
80707,5
80708,3
80709,8
80710,22
80711,1
80712,15
80713,9
80714,4
80715,7
80716,28
80717,1
80718,60
80719,3
80720,1
80721,8
80722,43
80723,0
80724,7
80725,61
80726,55
80727,3
80728,3
80729,0
80730,2
80731,6
80732,1
80733,8
80734,0
80735,1
80736,2
80737,2
80738,3
80739,5
80740,4
80741,0
80742,27
80743,2
80744,15
80745,24
80746,14
80747,2
80748,11
80749,24
80750,15
80751,9
80752,15
80753,49
80754,58
80755,30
80756,39
80757,8
80758,2
80759,0
80760,22
80761,28
80762,1
80763,2
80764,52
80765,61
80766,4
80767,0
80768,1
80769,10
80770,0
80771,0
80772,55
80773,4
80774,9
80775,7
80776,1
80777,9
80778,1
80779,4
80780,36
80781,6
80782,2
80783,7
80784,59
80785,21
80786,3
80787,6
80788,1
80789,7
80790,1
80791,32
80792,1
80793,4
80794,8
80795,0
80796,0
80797,1
80798,7
80799,30
80800,21
80801,40
80802,0
80803,11
80804,5
80805,35
80806,1
80807,53
80808,1
80809,24
80810,1
80811,4
80812,17
80813,3
80814,28
80815,28
80816,9
80817,4
80818,1
80819,1
80820,4
80821,24
80822,9
80823,8
80824,2
80825,42
80826,12
80827,3
80828,3
80829,29
80830,49
80831,10
80832,10
80833,53
80834,0
80835,22
80836,7
80837,8
80838,1
80839,1
80840,27
80841,3
80842,4
80843,1
80844,21
80845,9
80846,36
80847,0
80848,1
80849,25
80850,3
80851,7
80852,0
80853,9
80854,0
80855,24
80856,7
80857,1
80858,23
80859,17
80860,2
80861,1
80862,15
80863,40
80864,1
80865,3
80866,1
80867,5
80868,8
80869,28
80870,7
80871,5
80872,40
80873,3
80874,7
80875,14
80876,2
80877,1
80878,18
80879,0
80880,3
80881,55
80882,2
80883,37
80884,19
80885,4
80886,46
80887,4
80888,4
80889,2
80890,35
80891,32
80892,8
80893,7
80894,9
80895,14
80896,4
80897,14
80898,1
80899,6
80900,19
80901,8
80902,3
80903,24
80904,55
80905,9
80906,43
80907,21
80908,2
80909,30
80910,9
80911,4
80912,5
80913,26
80914,28
80915,3
80916,59
80917,22
80918,3
80919,36
80920,8
80921,49
80922,4
80923,0
80924,9
80925,40
80926,55
80927,6
80928,7
80929,1
80930,24
80931,24
80932,39
80933,53
80934,24
80935,4
80936,34
80937,3
80938,3
80939,9
80940,22
80941,2
80942,49
80943,46
80944,30
80945,1
80946,34
80947,9
80948,8
80949,55
80950,60
80951,28
80952,28
80953,7
80954,6
80955,59
80956,10
80957,0
80958,12
80959,55
80960,6
80961,0
80962,24
80963,0
80964,4
80965,9
80966,1
80967,8
80968,2
80969,1
80970,15
80971,55
80972,23
80973,8
80974,4
80975,0
80976,39
80977,5
80978,9
80979,1
80980,32
80981,11
80982,55
80983,8
80984,9
80985,42
80986,3
80987,20
80988,8
80989,6
80990,0
80991,7
80992,4
80993,4
80994,7
80995,43
80996,6
80997,40
80998,7
80999,4
81000,43
81001,28
81002,21
81003,58
81004,9
81005,7
81006,4
81007,20
81008,3
81009,9
81010,23
81011,55
81012,2
81013,55
81014,20
81015,55
81016,5
81017,4
81018,4
81019,27
81020,23
81021,0
81022,49
81023,24
81024,8
81025,30
81026,2
81027,6
81028,6
81029,28
81030,1
81031,6
81032,30
81033,40
81034,15
81035,6
81036,60
81037,3
81038,40
81039,8
81040,3
81041,7
81042,7
81043,4
81044,0
81045,0
81046,0
81047,0
81048,40
81049,14
81050,36
81051,2
81052,55
81053,39
81054,3
81055,1
81056,2
81057,36
81058,5
81059,1
81060,29
81061,12
81062,29
81063,9
81064,0
81065,15
81066,5
81067,49
81068,2
81069,18
81070,9
81071,6
81072,55
81073,1
81074,24
81075,8
81076,31
81077,3
81078,8
81079,1
81080,25
81081,22
81082,34
81083,39
81084,4
81085,8
81086,1
81087,4
81088,49
81089,24
81090,24
81091,28
81092,3
81093,58
81094,30
81095,40
81096,5
81097,18
81098,6
81099,7
81100,28
81101,59
81102,22
81103,28
81104,11
81105,29
81106,5
81107,9
81108,3
81109,47
81110,43
81111,12
81112,4
81113,4
81114,10
81115,36
81116,9
81117,49
81118,9
81119,25
81120,47
81121,53
81122,12
81123,18
81124,0
81125,34
81126,1
81127,1
81128,15
81129,1
81130,12
81131,1
81132,9
81133,37
81134,7
81135,4
81136,5
81137,22
81138,22
81139,4
81140,9
81141,3
81142,19
81143,5
81144,17
81145,9
81146,31
81147,6
81148,34
81149,6
81150,40
81151,7
81152,22
81153,9
81154,53
81155,39
81156,5
81157,15
81158,5
81159,27
81160,46
81161,55
81162,9
81163,9
81164,0
81165,39
81166,7
81167,1
81168,8
81169,10
81170,28
81171,0
81172,14
81173,2
81174,8
81175,8
81176,15
81177,5
81178,0
81179,31
81180,0
81181,7
81182,7
81183,43
81184,7
81185,1
81186,0
81187,9
81188,39
81189,58
81190,40
81191,0
81192,49
81193,47
81194,29
81195,9
81196,8
81197,1
81198,0
81199,6
81200,53
81201,53
81202,9
81203,53
81204,55
81205,36
81206,2
81207,6
81208,24
81209,25
81210,18
81211,5
81212,30
81213,49
81214,7
81215,5
81216,5
81217,8
81218,1
81219,9
81220,36
81221,33
81222,7
81223,7
81224,1
81225,1
81226,7
81227,1
81228,51
81229,32
81230,3
81231,0
81232,59
81233,29
81234,46
81235,44
81236,24
81237,7
81238,55
81239,22
81240,7
81241,19
81242,1
81243,0
81244,14
81245,8
81246,47
81247,9
81248,6
81249,7
81250,2
81251,9
81252,1
81253,13
81254,2
81255,24
81256,8
81257,7
81258,8
81259,0
81260,0
81261,3
81262,5
81263,1
81264,8
81265,39
81266,24
81267,40
81268,47
81269,53
81270,1
81271,10
81272,40
81273,5
81274,6
81275,3
81276,36
81277,0
81278,31
81279,3
81280,3
81281,1
81282,49
81283,1
81284,49
81285,10
81286,12
81287,23
81288,9
81289,2
81290,7
81291,27
81292,1
81293,21
81294,1
81295,59
81296,9
81297,8
81298,6
81299,19
81300,1
81301,43
81302,12
81303,9
81304,40
81305,40
81306,24
81307,14
81308,37
81309,8
81310,5
81311,6
81312,27
81313,15
81314,10
81315,23
81316,14
81317,4
81318,32
81319,55
81320,21
81321,40
81322,2
81323,2
81324,8
81325,0
81326,0
81327,2
81328,4
81329,55
81330,6
81331,9
81332,0
81333,10
81334,9
81335,0
81336,0
81337,30
81338,35
81339,49
81340,28
81341,7
81342,7
81343,5
81344,34
81345,35
81346,12
81347,29
81348,6
81349,7
81350,22
81351,55
81352,24
81353,58
81354,1
81355,31
81356,1
81357,3
81358,30
81359,28
81360,22
81361,2
81362,1
81363,55
81364,4
81365,12
81366,7
81367,9
81368,12
81369,9
81370,15
81371,33
81372,2
81373,28
81374,40
81375,6
81376,29
81377,24
81378,34
81379,3
81380,0
81381,30
81382,5
81383,9
81384,16
81385,40
81386,1
81387,8
81388,53
81389,40
81390,29
81391,0
81392,8
81393,1
81394,3
81395,1
81396,6
81397,40
81398,55
81399,40
81400,1
81401,2
81402,8
81403,28
81404,43
81405,0
81406,9
81407,24
81408,21
81409,12
81410,11
81411,18
81412,6
81413,16
81414,9
81415,8
81416,5
81417,5
81418,6
81419,53
81420,28
81421,3
81422,3
81423,55
81424,6
81425,19
81426,0
81427,8
81428,10
81429,3
81430,3
81431,5
81432,36
81433,20
81434,30
81435,27
81436,28
81437,23
81438,55
81439,43
81440,22
81441,26
81442,23
81443,18
81444,7
81445,39
81446,1
81447,15
81448,1
81449,1
81450,19
81451,9
81452,2
81453,55
81454,7
81455,1
81456,40
81457,55
81458,8
81459,0
81460,6
81461,0
81462,25
81463,9
81464,21
81465,8
81466,13
81467,45
81468,22
81469,29
81470,5
81471,4
81472,23
81473,4
81474,24
81475,43
81476,53
81477,4
81478,49
81479,6
81480,5
81481,1
81482,7
81483,24
81484,7
81485,6
81486,4
81487,2
81488,1
81489,55
81490,39
81491,3
81492,4
81493,1
81494,9
81495,30
81496,30
81497,40
81498,0
81499,12
81500,2
81501,49
81502,40
81503,43
81504,29
81505,4
81506,40
81507,9
81508,9
81509,8
81510,4
81511,0
81512,5
81513,8
81514,1
81515,55
81516,36
81517,36
81518,7
81519,10
81520,9
81521,6
81522,39
81523,33
81524,30
81525,17
81526,2
81527,24
81528,13
81529,5
81530,1
81531,8
81532,4
81533,1
81534,32
81535,3
81536,39
81537,1
81538,19
81539,25
81540,1
81541,0
81542,1
81543,9
81544,29
81545,6
81546,40
81547,40
81548,55
81549,4
81550,49
81551,22
81552,12
81553,18
81554,4
81555,1
81556,39
81557,40
81558,40
81559,61
81560,7
81561,4
81562,3
81563,0
81564,22
81565,24
81566,10
81567,0
81568,3
81569,30
81570,28
81571,31
81572,7
81573,0
81574,9
81575,53
81576,28
81577,42
81578,0
81579,53
81580,0
81581,0
81582,7
81583,0
81584,1
81585,19
81586,24
81587,8
81588,3
81589,28
81590,2
81591,2
81592,13
81593,28
81594,6
81595,8
81596,9
81597,15
81598,7
81599,7
81600,0
81601,43
81602,0
81603,6
81604,40
81605,9
81606,8
81607,4
81608,22
81609,42
81610,30
81611,8
81612,7
81613,5
81614,0
81615,9
81616,4
81617,1
81618,14
81619,30
81620,28
81621,36
81622,53
81623,31
81624,12
81625,1
81626,24
81627,36
81628,8
81629,7
81630,7
81631,28
81632,4
81633,4
81634,49
81635,3
81636,21
81637,1
81638,4
81639,18
81640,9
81641,25
81642,10
81643,24
81644,24
81645,25
81646,6
81647,6
81648,40
81649,26
81650,6
81651,37
81652,3
81653,7
81654,2
81655,12
81656,40
81657,14
81658,1
81659,1
81660,22
81661,3
81662,15
81663,6
81664,19
81665,12
81666,3
81667,15
81668,5
81669,0
81670,4
81671,29
81672,47
81673,9
81674,5
81675,8
81676,3
81677,15
81678,39
81679,1
81680,7
81681,35
81682,23
81683,40
81684,53
81685,13
81686,13
81687,28
81688,32
81689,2
81690,1
81691,15
81692,7
81693,18
81694,3
81695,19
81696,6
81697,40
81698,30
81699,1
81700,1
81701,4
81702,6
81703,2
81704,29
81705,7
81706,8
81707,39
81708,1
81709,2
81710,5
81711,21
81712,22
81713,9
81714,0
81715,19
81716,22
81717,53
81718,7
81719,24
81720,0
81721,9
81722,8
81723,8
81724,8
81725,28
81726,9
81727,24
81728,49
81729,3
81730,23
81731,49
81732,1
81733,0
81734,3
81735,29
81736,32
81737,7
81738,7
81739,40
81740,4
81741,28
81742,45
81743,36
81744,2
81745,3
81746,40
81747,9
81748,18
81749,2
81750,12
81751,28
81752,49
81753,9
81754,55
81755,4
81756,49
81757,1
81758,34
81759,4
81760,36
81761,49
81762,6
81763,49
81764,2
81765,42
81766,5
81767,21
81768,36
81769,40
81770,2
81771,8
81772,59
81773,6
81774,6
81775,15
81776,2
81777,2
81778,28
81779,19
81780,12
81781,43
81782,8
81783,5
81784,22
81785,0
81786,49
81787,1
81788,40
81789,55
81790,9
81791,6
81792,8
81793,3
81794,36
81795,6
81796,5
81797,28
81798,22
81799,0
81800,13
81801,6
81802,39
81803,7
81804,4
81805,8
81806,29
81807,7
81808,43
81809,39
81810,17
81811,5
81812,49
81813,55
81814,9
81815,8
81816,32
81817,0
81818,0
81819,24
81820,5
81821,53
81822,40
81823,1
81824,0
81825,16
81826,36
81827,6
81828,0
81829,58
81830,4
81831,9
81832,8
81833,9
81834,6
81835,43
81836,24
81837,2
81838,24
81839,28
81840,4
81841,7
81842,4
81843,8
81844,0
81845,49
81846,27
81847,3
81848,0
81849,9
81850,5
81851,22
81852,0
81853,2
81854,7
81855,39
81856,9
81857,0
81858,9
81859,30
81860,40
81861,3
81862,4
81863,25
81864,8
81865,24
81866,22
81867,21
81868,53
81869,3
81870,24
81871,1
81872,53
81873,5
81874,3
81875,6
81876,22
81877,24
81878,1
81879,4
81880,5
81881,25
81882,40
81883,24
81884,8
81885,53
81886,0
81887,28
81888,3
81889,18
81890,24
81891,8
81892,1
81893,0
81894,6
81895,40
81896,34
81897,7
81898,7
81899,39
81900,5
81901,28
81902,3
81903,0
81904,3
81905,25
81906,58
81907,7
81908,1
81909,0
81910,0
81911,55
81912,0
81913,49
81914,43
81915,10
81916,55
81917,15
81918,1
81919,28
81920,0
81921,37
81922,40
81923,6
81924,58
81925,9
81926,4
81927,23
81928,4
81929,5
81930,23
81931,1
81932,0
81933,0
81934,19
81935,2
81936,46
81937,49
81938,53
81939,53
81940,6
81941,24
81942,0
81943,4
81944,49
81945,1
81946,23
81947,15
81948,1
81949,34
81950,26
81951,1
81952,42
81953,1
81954,35
81955,8
81956,22
81957,4
81958,25
81959,24
81960,0
81961,8
81962,25
81963,23
81964,29
81965,3
81966,53
81967,31
81968,1
81969,7
81970,0
81971,3
81972,2
81973,6
81974,31
81975,4
81976,5
81977,29
81978,7
81979,28
81980,19
81981,3
81982,39
81983,40
81984,24
81985,17
81986,3
81987,13
81988,28
81989,4
81990,4
81991,28
81992,26
81993,3
81994,20
81995,28
81996,47
81997,39
81998,4
81999,4
82000,5
82001,4
82002,1
82003,7
82004,2
82005,1
82006,12
82007,53
82008,16
82009,14
82010,3
82011,9
82012,22
82013,47
82014,24
82015,12
82016,25
82017,6
82018,24
82019,53
82020,1
82021,57
82022,15
82023,53
82024,28
82025,3
82026,30
82027,11
82028,0
82029,1
82030,1
82031,0
82032,18
82033,26
82034,3
82035,5
82036,25
82037,1
82038,29
82039,6
82040,5
82041,49
82042,28
82043,0
82044,9
82045,34
82046,24
82047,28
82048,9
82049,9
82050,8
82051,9
82052,23
82053,5
82054,2
82055,0
82056,53
82057,53
82058,4
82059,7
82060,0
82061,0
82062,9
82063,24
82064,20
82065,8
82066,40
82067,43
82068,1
82069,21
82070,55
82071,2
82072,27
82073,55
82074,2
82075,28
82076,43
82077,24
82078,6
82079,29
82080,0
82081,30
82082,8
82083,40
82084,28
82085,29
82086,43
82087,1
82088,49
82089,55
82090,18
82091,55
82092,24
82093,53
82094,0
82095,34
82096,25
82097,7
82098,23
82099,2
82100,55
82101,5
82102,25
82103,40
82104,55
82105,18
82106,6
82107,53
82108,0
82109,24
82110,28
82111,9
82112,29
82113,16
82114,24
82115,32
82116,28
82117,0
82118,6
82119,1
82120,53
82121,5
82122,29
82123,1
82124,4
82125,34
82126,39
82127,20
82128,15
82129,8
82130,8
82131,4
82132,5
82133,47
82134,10
82135,55
82136,4
82137,2
82138,8
82139,4
82140,6
82141,0
82142,28
82143,28
82144,1
82145,9
82146,23
82147,8
82148,4
82149,30
82150,0
82151,3
82152,5
82153,3
82154,24
82155,5
82156,24
82157,14
82158,6
82159,8
82160,24
82161,3
82162,10
82163,7
82164,61
82165,43
82166,28
82167,31
82168,2
82169,47
82170,18
82171,18
82172,0
82173,28
82174,9
82175,58
82176,29
82177,28
82178,27
82179,34
82180,8
82181,2
82182,27
82183,20
82184,46
82185,4
82186,1
82187,8
82188,53
82189,6
82190,1
82191,0
82192,2
82193,9
82194,27
82195,9
82196,12
82197,0
82198,24
82199,8
82200,6
82201,1
82202,3
82203,30
82204,40
82205,7
82206,16
82207,25
82208,9
82209,0
82210,3
82211,12
82212,27
82213,7
82214,30
82215,53
82216,3
82217,6
82218,3
82219,29
82220,9
82221,8
82222,1
82223,7
82224,36
82225,28
82226,5
82227,9
82228,2
82229,9
82230,5
82231,15
82232,25
82233,9
82234,58
82235,0
82236,24
82237,12
82238,2
82239,18
82240,0
82241,3
82242,55
82243,15
82244,47
82245,43
82246,43
82247,9
82248,24
82249,0
82250,30
82251,39
82252,40
82253,12
82254,8
82255,3
82256,2
82257,40
82258,2
82259,31
82260,35
82261,3
82262,4
82263,27
82264,28
82265,7
82266,6
82267,3
82268,30
82269,36
82270,33
82271,4
82272,12
82273,12
82274,9
82275,55
82276,13
82277,5
82278,24
82279,3
82280,5
82281,53
82282,61
82283,39
82284,55
82285,43
82286,0
82287,4
82288,5
82289,3
82290,8
82291,0
82292,0
82293,28
82294,2
82295,3
82296,9
82297,11
82298,24
82299,14
82300,1
82301,8
82302,34
82303,7
82304,25
82305,30
82306,8
82307,0
82308,4
82309,0
82310,4
82311,36
82312,8
82313,53
82314,1
82315,4
82316,7
82317,40
82318,7
82319,58
82320,32
82321,36
82322,1
82323,0
82324,4
82325,58
82326,47
82327,49
82328,55
82329,1
82330,28
82331,3
82332,8
82333,3
82334,8
82335,3
82336,7
82337,0
82338,15
82339,49
82340,21
82341,34
82342,6
82343,55
82344,2
82345,5
82346,4
82347,53
82348,6
82349,6
82350,2
82351,13
82352,3
82353,6
82354,6
82355,7
82356,37
82357,9
82358,1
82359,7
82360,2
82361,4
82362,46
82363,30
82364,55
82365,40
82366,21
82367,3
82368,18
82369,0
82370,1
82371,2
82372,9
82373,8
82374,7
82375,51
82376,14
82377,6
82378,30
82379,44
82380,8
82381,8
82382,15
82383,24
82384,22
82385,29
82386,8
82387,1
82388,24
82389,18
82390,6
82391,0
82392,53
82393,19
82394,6
82395,55
82396,24
82397,5
82398,6
82399,43
82400,7
82401,55
82402,55
82403,0
82404,20
82405,22
82406,8
82407,4
82408,0
82409,8
82410,55
82411,30
82412,6
82413,5
82414,8
82415,0
82416,1
82417,8
82418,4
82419,53
82420,25
82421,8
82422,1
82423,5
82424,3
82425,24
82426,7
82427,40
82428,1
82429,49
82430,1
82431,2
82432,2
82433,5
82434,28
82435,22
82436,24
82437,15
82438,6
82439,10
82440,5
82441,32
82442,40
82443,12
82444,6
82445,0
82446,4
82447,7
82448,9
82449,5
82450,8
82451,24
82452,1
82453,9
82454,9
82455,1
82456,5
82457,36
82458,36
82459,40
82460,28
82461,3
82462,40
82463,0
82464,27
82465,40
82466,22
82467,5
82468,37
82469,1
82470,1
82471,1
82472,1
82473,28
82474,21
82475,19
82476,3
82477,36
82478,2
82479,22
82480,5
82481,2
82482,11
82483,15
82484,1
82485,17
82486,12
82487,5
82488,2
82489,25
82490,55
82491,55
82492,1
82493,9
82494,49
82495,2
82496,0
82497,15
82498,19
82499,3
82500,33
82501,40
82502,0
82503,36
82504,12
82505,32
82506,7
82507,7
82508,4
82509,40
82510,0
82511,3
82512,2
82513,5
82514,0
82515,4
82516,2
82517,55
82518,1
82519,0
82520,17
82521,6
82522,9
82523,3
82524,5
82525,6
82526,28
82527,28
82528,43
82529,6
82530,10
82531,23
82532,6
82533,2
82534,2
82535,9
82536,0
82537,9
82538,9
82539,40
82540,12
82541,7
82542,10
82543,43
82544,2
82545,53
82546,37
82547,2
82548,1
82549,8
82550,3
82551,3
82552,7
82553,9
82554,4
82555,1
82556,22
82557,1
82558,28
82559,4
82560,40
82561,24
82562,4
82563,2
82564,60
82565,53
82566,9
82567,24
82568,8
82569,1
82570,6
82571,28
82572,43
82573,4
82574,18
82575,32
82576,32
82577,9
82578,3
82579,3
82580,35
82581,4
82582,3
82583,7
82584,2
82585,2
82586,7
82587,23
82588,23
82589,8
82590,5
82591,5
82592,7
82593,55
82594,34
82595,6
82596,49
82597,2
82598,18
82599,24
82600,7
82601,55
82602,1
82603,28
82604,49
82605,9
82606,3
82607,1
82608,21
82609,9
82610,3
82611,4
82612,2
82613,1
82614,0
82615,8
82616,6
82617,37
82618,3
82619,3
82620,7
82621,8
82622,5
82623,55
82624,2
82625,4
82626,1
82627,32
82628,1
82629,8
82630,3
82631,8
82632,9
82633,9
82634,5
82635,4
82636,28
82637,3
82638,24
82639,0
82640,7
82641,28
82642,2
82643,1
82644,4
82645,0
82646,53
82647,8
82648,8
82649,39
82650,3
82651,37
82652,37
82653,14
82654,29
82655,28
82656,8
82657,22
82658,28
82659,21
82660,7
82661,8
82662,16
82663,33
82664,24
82665,35
82666,25
82667,8
82668,2
82669,9
82670,10
82671,49
82672,40
82673,34
82674,0
82675,8
82676,9
82677,37
82678,3
82679,9
82680,6
82681,43
82682,0
82683,2
82684,4
82685,8
82686,2
82687,40
82688,30
82689,6
82690,59
82691,0
82692,34
82693,55
82694,5
82695,5
82696,1
82697,4
82698,12
82699,1
82700,37
82701,4
82702,1
82703,9
82704,28
82705,37
82706,28
82707,26
82708,1
82709,0
82710,3
82711,22
82712,7
82713,9
82714,8
82715,55
82716,53
82717,2
82718,27
82719,6
82720,7
82721,28
82722,7
82723,14
82724,1
82725,28
82726,0
82727,53
82728,4
82729,2
82730,0
82731,8
82732,4
82733,14
82734,28
82735,20
82736,9
82737,2
82738,4
82739,27
82740,39
82741,36
82742,43
82743,7
82744,0
82745,0
82746,55
82747,4
82748,25
82749,28
82750,30
82751,8
82752,7
82753,30
82754,4
82755,8
82756,2
82757,40
82758,40
82759,11
82760,29
82761,7
82762,29
82763,8
82764,22
82765,2
82766,25
82767,7
82768,44
82769,12
82770,4
82771,1
82772,58
82773,40
82774,21
82775,1
82776,8
82777,36
82778,40
82779,6
82780,30
82781,4
82782,12
82783,1
82784,5
82785,31
82786,3
82787,2
82788,49
82789,0
82790,25
82791,30
82792,8
82793,12
82794,1
82795,20
82796,43
82797,0
82798,24
82799,0
82800,17
82801,42
82802,18
82803,1
82804,18
82805,18
82806,18
82807,9
82808,4
82809,9
82810,40
82811,28
82812,10
82813,42
82814,40
82815,8
82816,43
82817,37
82818,18
82819,28
82820,3
82821,28
82822,49
82823,1
82824,0
82825,3
82826,2
82827,28
82828,28
82829,7
82830,7
82831,53
82832,31
82833,0
82834,49
82835,2
82836,3
82837,40
82838,2
82839,24
82840,8
82841,9
82842,28
82843,15
82844,15
82845,53
82846,22
82847,6
82848,12
82849,15
82850,1
82851,25
82852,2
82853,30
82854,5
82855,10
82856,3
82857,52
82858,37
82859,35
82860,1
82861,40
82862,55
82863,40
82864,27
82865,0
82866,21
82867,24
82868,3
82869,1
82870,9
82871,31
82872,7
82873,28
82874,53
82875,15
82876,1
82877,5
82878,7
82879,1
82880,9
82881,1
82882,7
82883,8
82884,6
82885,24
82886,5
82887,7
82888,31
82889,2
82890,3
82891,32
82892,7
82893,4
82894,9
82895,28
82896,30
82897,7
82898,6
82899,7
82900,12
82901,28
82902,28
82903,32
82904,53
82905,0
82906,0
82907,7
82908,1
82909,1
82910,5
82911,4
82912,1
82913,8
82914,4
82915,4
82916,0
82917,28
82918,5
82919,6
82920,4
82921,53
82922,24
82923,29
82924,24
82925,8
82926,47
82927,9
82928,29
82929,58
82930,1
82931,15
82932,3
82933,9
82934,1
82935,55
82936,28
82937,22
82938,40
82939,28
82940,22
82941,2
82942,4
82943,36
82944,4
82945,4
82946,5
82947,3
82948,22
82949,43
82950,4
82951,4
82952,40
82953,31
82954,2
82955,15
82956,3
82957,1
82958,5
82959,43
82960,13
82961,15
82962,40
82963,39
82964,39
82965,35
82966,55
82967,16
82968,4
82969,34
82970,10
82971,2
82972,7
82973,8
82974,2
82975,22
82976,25
82977,3
82978,7
82979,46
82980,22
82981,7
82982,21
82983,14
82984,14
82985,4
82986,47
82987,5
82988,31
82989,3
82990,1
82991,5
82992,12
82993,0
82994,4
82995,49
82996,8
82997,40
82998,37
82999,4
83000,3
83001,30
83002,23
83003,12
83004,7
83005,52
83006,28
83007,20
83008,4
83009,0
83010,4
83011,9
83012,53
83013,49
83014,6
83015,22
83016,9
83017,8
83018,7
83019,7
83020,22
83021,7
83022,1
83023,2
83024,25
83025,1
83026,24
83027,28
83028,4
83029,7
83030,5
83031,39
83032,55
83033,23
83034,6
83035,1
83036,28
83037,29
83038,40
83039,2
83040,6
83041,53
83042,3
83043,43
83044,14
83045,3
83046,40
83047,4
83048,55
83049,3
83050,24
83051,7
83052,1
83053,47
83054,25
83055,12
83056,4
83057,39
83058,3
83059,23
83060,21
83061,3
83062,2
83063,8
83064,27
83065,9
83066,30
83067,46
83068,3
83069,6
83070,7
83071,2
83072,12
83073,1
83074,47
83075,6
83076,1
83077,59
83078,39
83079,5
83080,40
83081,4
83082,5
83083,6
83084,0
83085,9
83086,7
83087,22
83088,4
83089,2
83090,19
83091,8
83092,0
83093,4
83094,5
83095,2
83096,33
83097,6
83098,1
83099,1
83100,3
83101,4
83102,5
83103,55
83104,15
83105,3
83106,24
83107,4
83108,5
83109,23
83110,12
83111,3
83112,17
83113,23
83114,5
83115,9
83116,0
83117,0
83118,4
83119,53
83120,58
83121,3
83122,4
83123,6
83124,8
83125,23
83126,8
83127,9
83128,23
83129,0
83130,39
83131,15
83132,28
83133,15
83134,2
83135,14
83136,53
83137,22
83138,39
83139,5
83140,23
83141,43
83142,25
83143,1
83144,47
83145,9
83146,1
83147,1
83148,25
83149,1
83150,40
83151,24
83152,9
83153,49
83154,1
83155,8
83156,30
83157,6
83158,61
83159,2
83160,7
83161,6
83162,23
83163,1
83164,1
83165,27
83166,8
83167,5
83168,1
83169,1
83170,9
83171,24
83172,3
83173,0
83174,37
83175,53
83176,12
83177,24
83178,1
83179,2
83180,3
83181,28
83182,4
83183,8
83184,0
83185,43
83186,5
83187,12
83188,6
83189,0
83190,2
83191,1
83192,1
83193,18
83194,6
83195,4
83196,1
83197,9
83198,9
83199,4
83200,6
83201,3
83202,7
83203,25
83204,40
83205,59
83206,26
83207,23
83208,1
83209,30
83210,1
83211,0
83212,45
83213,7
83214,40
83215,5
83216,1
83217,24
83218,9
83219,46
83220,24
83221,4
83222,28
83223,3
83224,1
83225,25
83226,36
83227,25
83228,45
83229,1
83230,1
83231,18
83232,1
83233,3
83234,5
83235,53
83236,8
83237,12
83238,12
83239,1
83240,40
83241,40
83242,1
83243,5
83244,0
83245,34
83246,2
83247,22
83248,39
83249,7
83250,24
83251,31
83252,23
83253,19
83254,9
83255,4
83256,22
83257,58
83258,1
83259,14
83260,43
83261,40
83262,8
83263,17
83264,5
83265,3
83266,33
83267,44
83268,6
83269,2
83270,9
83271,23
83272,1
83273,1
83274,29
83275,28
83276,25
83277,9
83278,2
83279,7
83280,2
83281,7
83282,0
83283,9
83284,7
83285,31
83286,53
83287,8
83288,18
83289,1
83290,6
83291,7
83292,6
83293,34
83294,59
83295,5
83296,34
83297,30
83298,8
83299,43
83300,1
83301,31
83302,25
83303,30
83304,24
83305,6
83306,7
83307,9
83308,30
83309,36
83310,24
83311,0
83312,40
83313,9
83314,1
83315,28
83316,4
83317,4
83318,6
83319,1
83320,1
83321,27
83322,8
83323,1
83324,0
83325,9
83326,14
83327,2
83328,9
83329,53
83330,6
83331,1
83332,3
83333,9
83334,0
83335,7
83336,18
83337,5
83338,0
83339,28
83340,4
83341,3
83342,25
83343,6
83344,18
83345,36
83346,31
83347,13
83348,28
83349,1
83350,53
83351,16
83352,3
83353,4
83354,40
83355,0
83356,1
83357,5
83358,30
83359,6
83360,28
83361,0
83362,4
83363,5
83364,2
83365,1
83366,55
83367,3
83368,53
83369,43
83370,28
83371,6
83372,18
83373,7
83374,0
83375,22
83376,7
83377,40
83378,2
83379,0
83380,36
83381,0
83382,53
83383,18
83384,49
83385,37
83386,53
83387,9
83388,2
83389,7
83390,7
83391,36
83392,28
83393,24
83394,43
83395,14
83396,55
83397,3
83398,2
83399,3
83400,2
83401,13
83402,12
83403,39
83404,12
83405,1
83406,1
83407,7
83408,8
83409,55
83410,2
83411,40
83412,8
83413,28
83414,55
83415,24
83416,30
83417,7
83418,8
83419,43
83420,6
83421,55
83422,2
83423,55
83424,19
83425,36
83426,34
83427,30
83428,13
83429,40
83430,1
83431,1
83432,7
83433,0
83434,8
83435,5
83436,28
83437,3
83438,0
83439,14
83440,28
83441,55
83442,45
83443,18
83444,5
83445,8
83446,30
83447,28
83448,6
83449,37
83450,43
83451,12
83452,6
83453,30
83454,9
83455,36
83456,2
83457,2
83458,5
83459,4
83460,39
83461,24
83462,2
83463,4
83464,40
83465,39
83466,5
83467,0
83468,8
83469,8
83470,8
83471,3
83472,30
83473,39
83474,6
83475,40
83476,3
83477,8
83478,25
83479,28
83480,8
83481,49
83482,0
83483,17
83484,9
83485,5
83486,21
83487,29
83488,61
83489,56
83490,35
83491,35
83492,5
83493,3
83494,4
83495,10
83496,28
83497,28
83498,1
83499,24
83500,3
83501,23
83502,1
83503,2
83504,6
83505,14
83506,4
83507,4
83508,26
83509,9
83510,9
83511,28
83512,24
83513,2
83514,0
83515,4
83516,5
83517,0
83518,49
83519,28
83520,5
83521,14
83522,34
83523,36
83524,49
83525,22
83526,36
83527,15
83528,12
83529,43
83530,53
83531,30
83532,39
83533,49
83534,55
83535,28
83536,6
83537,2
83538,6
83539,37
83540,27
83541,3
83542,5
83543,2
83544,6
83545,7
83546,0
83547,0
83548,4
83549,14
83550,20
83551,24
83552,55
83553,13
83554,1
83555,28
83556,4
83557,22
83558,1
83559,11
83560,24
83561,2
83562,1
83563,6
83564,0
83565,1
83566,24
83567,5
83568,30
83569,14
83570,28
83571,5
83572,3
83573,1
83574,4
83575,1
83576,12
83577,6
83578,4
83579,28
83580,40
83581,8
83582,39
83583,7
83584,24
83585,37
83586,53
83587,25
83588,8
83589,25
83590,18
83591,46
83592,24
83593,17
83594,7
83595,3
83596,61
83597,2
83598,28
83599,28
83600,7
83601,55
83602,1
83603,3
83604,1
83605,6
83606,0
83607,5
83608,53
83609,25
83610,3
83611,0
83612,16
83613,3
83614,7
83615,2
83616,2
83617,5
83618,39
83619,29
83620,8
83621,13
83622,24
83623,24
83624,7
83625,43
83626,37
83627,0
83628,32
83629,4
83630,7
83631,5
83632,55
83633,5
83634,21
83635,22
83636,12
83637,17
83638,6
83639,28
83640,8
83641,26
83642,8
83643,9
83644,45
83645,1
83646,26
83647,3
83648,55
83649,30
83650,2
83651,24
83652,0
83653,1
83654,8
83655,3
83656,5
83657,6
83658,21
83659,7
83660,0
83661,4
83662,1
83663,8
83664,4
83665,1
83666,3
83667,40
83668,8
83669,5
83670,9
83671,11
83672,22
83673,3
83674,29
83675,25
83676,1
83677,12
83678,3
83679,6
83680,5
83681,9
83682,55
83683,9
83684,31
83685,40
83686,1
83687,25
83688,36
83689,27
83690,9
83691,0
83692,1
83693,1
83694,24
83695,1
83696,6
83697,40
83698,1
83699,53
83700,6
83701,7
83702,1
83703,7
83704,1
83705,55
83706,36
83707,21
83708,0
83709,1
83710,2
83711,4
83712,6
83713,59
83714,19
83715,11
83716,4
83717,18
83718,8
83719,55
83720,2
83721,32
83722,28
83723,0
83724,2
83725,2
83726,5
83727,28
83728,1
83729,40
83730,5
83731,0
83732,5
83733,2
83734,2
83735,8
83736,4
83737,22
83738,36
83739,5
83740,39
83741,1
83742,6
83743,24
83744,34
83745,8
83746,6
83747,1
83748,0
83749,30
83750,39
83751,22
83752,36
83753,28
83754,55
83755,25
83756,1
83757,4
83758,1
83759,5
83760,4
83761,7
83762,2
83763,4
83764,4
83765,1
83766,28
83767,8
83768,23
83769,9
83770,4
83771,12
83772,10
83773,27
83774,15
83775,24
83776,31
83777,33
83778,6
83779,8
83780,2
83781,1
83782,6
83783,6
83784,47
83785,8
83786,5
83787,14
83788,24
83789,30
83790,24
83791,6
83792,40
83793,1
83794,4
83795,4
83796,8
83797,30
83798,2
83799,5
83800,19
83801,3
83802,13
83803,8
83804,3
83805,7
83806,9
83807,2
83808,28
83809,14
83810,7
83811,2
83812,9
83813,3
83814,53
83815,28
83816,4
83817,28
83818,3
83819,9
83820,6
83821,7
83822,49
83823,2
83824,9
83825,48
83826,1
83827,3
83828,0
83829,32
83830,7
83831,33
83832,53
83833,9
83834,55
83835,40
83836,49
83837,9
83838,40
83839,0
83840,1
83841,28
83842,0
83843,28
83844,1
83845,17
83846,53
83847,0
83848,28
83849,28
83850,0
83851,59
83852,1
83853,4
83854,8
83855,4
83856,40
83857,4
83858,7
83859,18
83860,5
83861,4
83862,31
83863,0
83864,5
83865,58
83866,22
83867,1
83868,10
83869,10
83870,21
83871,39
83872,12
83873,24
83874,28
83875,8
83876,25
83877,59
83878,0
83879,4
83880,0
83881,55
83882,1
83883,9
83884,2
83885,8
83886,22
83887,9
83888,40
83889,1
83890,2
83891,12
83892,4
83893,3
83894,6
83895,61
83896,7
83897,0
83898,24
83899,53
83900,4
83901,58
83902,40
83903,6
83904,0
83905,4
83906,1
83907,39
83908,1
83909,2
83910,12
83911,11
83912,3
83913,2
83914,1
83915,40
83916,9
83917,2
83918,2
83919,55
83920,5
83921,8
83922,5
83923,9
83924,22
83925,4
83926,28
83927,25
83928,18
83929,30
83930,6
83931,0
83932,34
83933,2
83934,28
83935,4
83936,7
83937,28
83938,9
83939,7
83940,36
83941,6
83942,2
83943,37
83944,29
83945,2
83946,2
83947,56
83948,8
83949,9
83950,24
83951,8
83952,9
83953,23
83954,24
83955,6
83956,28
83957,1
83958,8
83959,39
83960,26
83961,53
83962,7
83963,39
83964,7
83965,7
83966,1
83967,1
83968,11
83969,49
83970,0
83971,5
83972,1
83973,2
83974,23
83975,2
83976,19
83977,1
83978,40
83979,26
83980,0
83981,28
83982,5
83983,2
83984,1
83985,43
83986,1
83987,5
83988,26
83989,6
83990,0
83991,32
83992,4
83993,49
83994,28
83995,6
83996,6
83997,9
83998,1
83999,40
84000,35
84001,40
84002,1
84003,6
84004,36
84005,28
84006,9
84007,32
84008,30
84009,30
84010,7
84011,18
84012,53
84013,2
84014,2
84015,19
84016,24
84017,17
84018,40
84019,2
84020,0
84021,53
84022,55
84023,5
84024,4
84025,18
84026,3
84027,9
84028,31
84029,47
84030,2
84031,1
84032,25
84033,18
84034,10
84035,43
84036,1
84037,24
84038,6
84039,2
84040,30
84041,6
84042,9
84043,36
84044,25
84045,2
84046,8
84047,15
84048,0
84049,2
84050,1
84051,6
84052,49
84053,23
84054,1
84055,1
84056,36
84057,25
84058,1
84059,3
84060,8
84061,27
84062,32
84063,40
84064,3
84065,1
84066,8
84067,3
84068,0
84069,28
84070,24
84071,31
84072,28
84073,7
84074,25
84075,2
84076,35
84077,1
84078,28
84079,5
84080,6
84081,9
84082,8
84083,22
84084,5
84085,28
84086,9
84087,11
84088,4
84089,24
84090,28
84091,49
84092,55
84093,4
84094,0
84095,23
84096,4
84097,25
84098,23
84099,0
84100,5
84101,6
84102,34
84103,5
84104,0
84105,13
84106,7
84107,39
84108,1
84109,28
84110,3
84111,11
84112,2
84113,3
84114,40
84115,1
84116,3
84117,40
84118,8
84119,18
84120,24
84121,29
84122,59
84123,31
84124,1
84125,55
84126,25
84127,12
84128,40
84129,40
84130,26
84131,4
84132,9
84133,8
84134,16
84135,28
84136,22
84137,2
84138,29
84139,6
84140,6
84141,6
84142,2
84143,55
84144,42
84145,43
84146,8
84147,43
84148,0
84149,0
84150,8
84151,22
84152,23
84153,24
84154,0
84155,40
84156,5
84157,28
84158,40
84159,15
84160,6
84161,1
84162,1
84163,6
84164,19
84165,22
84166,15
84167,7
84168,21
84169,9
84170,40
84171,13
84172,4
84173,6
84174,23
84175,3
84176,37
84177,5
84178,29
84179,36
84180,3
84181,55
84182,24
84183,40
84184,35
84185,24
84186,53
84187,30
84188,21
84189,7
84190,2
84191,9
84192,31
84193,24
84194,22
84195,24
84196,30
84197,24
84198,3
84199,25
84200,4
84201,6
84202,19
84203,8
84204,43
84205,34
84206,24
84207,55
84208,2
84209,31
84210,2
84211,2
84212,24
84213,7
84214,9
84215,1
84216,55
84217,15
84218,15
84219,1
84220,25
84221,8
84222,8
84223,7
84224,1
84225,5
84226,24
84227,4
84228,7
84229,1
84230,46
84231,7
84232,4
84233,24
84234,24
84235,2
84236,7
84237,53
84238,9
84239,30
84240,28
84241,17
84242,12
84243,53
84244,2
84245,8
84246,30
84247,4
84248,8
84249,28
84250,7
84251,53
84252,2
84253,3
84254,31
84255,28
84256,30
84257,3
84258,6
84259,49
84260,5
84261,9
84262,30
84263,6
84264,0
84265,8
84266,9
84267,9
84268,8
84269,2
84270,58
84271,5
84272,22
84273,24
84274,43
84275,7
84276,6
84277,55
84278,40
84279,40
84280,7
84281,24
84282,28
84283,30
84284,21
84285,55
84286,19
84287,40
84288,18
84289,1
84290,0
84291,59
84292,0
84293,5
84294,28
84295,36
84296,0
84297,6
84298,8
84299,7
84300,40
84301,40
84302,36
84303,5
84304,8
84305,33
84306,24
84307,3
84308,2
84309,7
84310,1
84311,5
84312,1
84313,28
84314,1
84315,28
84316,5
84317,12
84318,1
84319,6
84320,18
84321,1
84322,29
84323,1
84324,39
84325,47
84326,3
84327,0
84328,11
84329,32
84330,23
84331,9
84332,1
84333,6
84334,1
84335,0
84336,9
84337,5
84338,4
84339,16
84340,49
84341,7
84342,7
84343,28
84344,12
84345,46
84346,30
84347,40
84348,13
84349,32
84350,5
84351,35
84352,55
84353,5
84354,5
84355,24
84356,6
84357,53
84358,0
84359,40
84360,9
84361,28
84362,58
84363,3
84364,2
84365,53
84366,1
84367,6
84368,12
84369,11
84370,36
84371,0
84372,11
84373,1
84374,2
84375,49
84376,3
84377,40
84378,43
84379,23
84380,5
84381,2
84382,19
84383,27
84384,3
84385,24
84386,6
84387,2
84388,36
84389,1
84390,3
84391,61
84392,53
84393,49
84394,46
84395,1
84396,4
84397,2
84398,5
84399,55
84400,8
84401,49
84402,5
84403,55
84404,15
84405,2
84406,28
84407,7
84408,30
84409,9
84410,31
84411,8
84412,3
84413,0
84414,9
84415,3
84416,43
84417,43
84418,4
84419,22
84420,0
84421,43
84422,37
84423,4
84424,55
84425,7
84426,29
84427,4
84428,9
84429,1
84430,6
84431,6
84432,49
84433,4
84434,7
84435,1
84436,25
84437,6
84438,0
84439,28
84440,4
84441,36
84442,2
84443,3
84444,1
84445,0
84446,9
84447,22
84448,21
84449,42
84450,28
84451,7
84452,0
84453,36
84454,40
84455,1
84456,1
84457,5
84458,3
84459,37
84460,1
84461,5
84462,28
84463,3
84464,1
84465,7
84466,29
84467,17
84468,17
84469,53
84470,22
84471,6
84472,8
84473,7
84474,0
84475,1
84476,28
84477,24
84478,3
84479,5
84480,21
84481,4
84482,23
84483,7
84484,2
84485,3
84486,9
84487,9
84488,12
84489,53
84490,7
84491,43
84492,1
84493,1
84494,29
84495,2
84496,1
84497,9
84498,32
84499,7
84500,44
84501,1
84502,25
84503,9
84504,29
84505,9
84506,49
84507,43
84508,30
84509,2
84510,6
84511,1
84512,9
84513,3
84514,8
84515,9
84516,13
84517,5
84518,3
84519,3
84520,19
84521,36
84522,6
84523,3
84524,7
84525,3
84526,1
84527,4
84528,37
84529,25
84530,0
84531,49
84532,0
84533,1
84534,12
84535,8
84536,49
84537,7
84538,53
84539,8
84540,5
84541,43
84542,8
84543,29
84544,1
84545,55
84546,39
84547,24
84548,7
84549,1
84550,1
84551,49
84552,2
84553,4
84554,15
84555,0
84556,1
84557,2
84558,3
84559,2
84560,5
84561,18
84562,32
84563,0
84564,7
84565,18
84566,28
84567,30
84568,5
84569,7
84570,16
84571,52
84572,38
84573,5
84574,0
84575,3
84576,23
84577,5
84578,13
84579,18
84580,5
84581,23
84582,56
84583,18
84584,6
84585,28
84586,8
84587,7
84588,2
84589,5
84590,2
84591,40
84592,1
84593,25
84594,6
84595,33
84596,7
84597,0
84598,3
84599,28
84600,22
84601,37
84602,12
84603,40
84604,24
84605,9
84606,28
84607,8
84608,7
84609,0
84610,42
84611,4
84612,7
84613,36
84614,4
84615,9
84616,7
84617,1
84618,8
84619,30
84620,24
84621,53
84622,9
84623,4
84624,15
84625,0
84626,7
84627,9
84628,36
84629,2
84630,17
84631,6
84632,1
84633,7
84634,27
84635,1
84636,53
84637,9
84638,24
84639,0
84640,11
84641,31
84642,13
84643,9
84644,1
84645,28
84646,22
84647,49
84648,8
84649,28
84650,19
84651,7
84652,26
84653,2
84654,3
84655,6
84656,3
84657,33
84658,8
84659,7
84660,40
84661,34
84662,25
84663,6
84664,5
84665,53
84666,40
84667,2
84668,0
84669,6
84670,1
84671,42
84672,55
84673,28
84674,9
84675,36
84676,5
84677,3
84678,6
84679,10
84680,1
84681,6
84682,30
84683,53
84684,10
84685,29
84686,40
84687,9
84688,1
84689,6
84690,5
84691,6
84692,9
84693,36
84694,4
84695,4
84696,24
84697,1
84698,2
84699,3
84700,7
84701,53
84702,24
84703,55
84704,21
84705,7
84706,0
84707,3
84708,4
84709,32
84710,58
84711,5
84712,30
84713,0
84714,2
84715,9
84716,7
84717,17
84718,3
84719,7
84720,40
84721,39
84722,9
84723,3
84724,55
84725,23
84726,56
84727,5
84728,1
84729,13
84730,53
84731,22
84732,36
84733,15
84734,40
84735,53
84736,0
84737,55
84738,53
84739,8
84740,31
84741,4
84742,0
84743,6
84744,0
84745,2
84746,6
84747,1
84748,24
84749,0
84750,29
84751,4
84752,24
84753,37
84754,22
84755,5
84756,1
84757,33
84758,7
84759,4
84760,25
84761,9
84762,7
84763,59
84764,18
84765,6
84766,28
84767,1
84768,7
84769,40
84770,3
84771,9
84772,40
84773,49
84774,7
84775,0
84776,28
84777,40
84778,28
84779,55
84780,36
84781,5
84782,34
84783,21
84784,29
84785,25
84786,29
84787,40
84788,55
84789,25
84790,53
84791,29
84792,3
84793,24
84794,53
84795,36
84796,49
84797,5
84798,15
84799,15
84800,40
84801,2
84802,22
84803,8
84804,2
84805,15
84806,4
84807,1
84808,32
84809,49
84810,27
84811,0
84812,5
84813,25
84814,26
84815,6
84816,6
84817,53
84818,13
84819,40
84820,9
84821,3
84822,43
84823,1
84824,1
84825,4
84826,17
84827,39
84828,42
84829,3
84830,55
84831,0
84832,2
84833,4
84834,40
84835,39
84836,5
84837,29
84838,28
84839,7
84840,2
84841,7
84842,0
84843,2
84844,5
84845,2
84846,40
84847,28
84848,30
84849,4
84850,13
84851,21
84852,2
84853,55
84854,5
84855,15
84856,40
84857,6
84858,2
84859,24
84860,0
84861,9
84862,23
84863,23
84864,19
84865,15
84866,43
84867,15
84868,6
84869,30
84870,9
84871,5
84872,40
84873,9
84874,25
84875,0
84876,4
84877,5
84878,9
84879,59
84880,1
84881,4
84882,2
84883,9
84884,2
84885,28
84886,12
84887,5
84888,55
84889,0
84890,43
84891,29
84892,21
84893,1
84894,5
84895,8
84896,12
84897,30
84898,7
84899,34
84900,3
84901,36
84902,9
84903,8
84904,9
84905,37
84906,3
84907,55
84908,1
84909,15
84910,55
84911,53
84912,55
84913,6
84914,28
84915,1
84916,18
84917,53
84918,7
84919,4
84920,39
84921,1
84922,10
84923,6
84924,30
84925,18
84926,0
84927,30
84928,59
84929,7
84930,40
84931,37
84932,14
84933,4
84934,1
84935,55
84936,7
84937,1
84938,21
84939,0
84940,20
84941,15
84942,8
84943,6
84944,6
84945,30
84946,36
84947,0
84948,27
84949,22
84950,40
84951,23
84952,1
84953,3
84954,9
84955,5
84956,49
84957,22
84958,30
84959,40
84960,24
84961,23
84962,40
84963,0
84964,8
84965,1
84966,37
84967,19
84968,14
84969,39
84970,24
84971,6
84972,29
84973,49
84974,4
84975,30
84976,25
84977,5
84978,7
84979,3
84980,59
84981,49
84982,7
84983,6
84984,10
84985,28
84986,1
84987,27
84988,0
84989,7
84990,55
84991,53
84992,9
84993,9
84994,24
84995,28
84996,2
84997,0
84998,4
84999,9
85000,1
85001,55
85002,8
85003,24
85004,31
85005,22
85006,5
85007,53
85008,55
85009,28
85010,16
85011,1
85012,49
85013,2
85014,1
85015,7
85016,0
85017,4
85018,9
85019,0
85020,40
85021,10
85022,47
85023,30
85024,1
85025,25
85026,5
85027,9
85028,28
85029,9
85030,7
85031,13
85032,2
85033,2
85034,6
85035,40
85036,8
85037,5
85038,20
85039,29
85040,12
85041,43
85042,5
85043,24
85044,5
85045,23
85046,8
85047,5
85048,40
85049,14
85050,40
85051,7
85052,30
85053,7
85054,1
85055,5
85056,53
85057,0
85058,55
85059,7
85060,4
85061,0
85062,49
85063,1
85064,9
85065,18
85066,3
85067,7
85068,6
85069,2
85070,0
85071,2
85072,32
85073,1
85074,5
85075,6
85076,1
85077,43
85078,24
85079,8
85080,40
85081,0
85082,4
85083,7
85084,4
85085,5
85086,1
85087,24
85088,26
85089,2
85090,30
85091,14
85092,7
85093,6
85094,30
85095,36
85096,13
85097,9
85098,0
85099,29
85100,0
85101,2
85102,15
85103,12
85104,53
85105,2
85106,7
85107,2
85108,6
85109,40
85110,9
85111,9
85112,16
85113,4
85114,9
85115,1
85116,6
85117,9
85118,3
85119,15
85120,49
85121,8
85122,0
85123,6
85124,7
85125,14
85126,18
85127,9
85128,6
85129,25
85130,4
85131,27
85132,1
85133,29
85134,6
85135,29
85136,24
85137,15
85138,3
85139,27
85140,27
85141,18
85142,5
85143,9
85144,2
85145,9
85146,0
85147,31
85148,53
85149,7
85150,15
85151,28
85152,8
85153,7
85154,25
85155,55
85156,12
85157,28
85158,31
85159,40
85160,6
85161,4
85162,28
85163,2
85164,34
85165,3
85166,53
85167,25
85168,9
85169,0
85170,25
85171,4
85172,12
85173,61
85174,2
85175,1
85176,8
85177,31
85178,9
85179,2
85180,55
85181,5
85182,55
85183,1
85184,12
85185,40
85186,18
85187,2
85188,15
85189,43
85190,49
85191,9
85192,53
85193,3
85194,15
85195,53
85196,11
85197,28
85198,1
85199,0
85200,0
85201,6
85202,6
85203,24
85204,32
85205,8
85206,18
85207,2
85208,1
85209,8
85210,1
85211,8
85212,9
85213,1
85214,0
85215,24
85216,58
85217,18
85218,46
85219,49
85220,0
85221,40
85222,6
85223,53
85224,5
85225,29
85226,2
85227,40
85228,32
85229,28
85230,2
85231,43
85232,23
85233,5
85234,9
85235,3
85236,49
85237,5
85238,7
85239,9
85240,7
85241,24
85242,9
85243,35
85244,42
85245,12
85246,4
85247,9
85248,28
85249,49
85250,40
85251,31
85252,5
85253,40
85254,0
85255,3
85256,25
85257,40
85258,3
85259,0
85260,49
85261,3
85262,1
85263,5
85264,12
85265,7
85266,4
85267,0
85268,55
85269,3
85270,6
85271,36
85272,21
85273,5
85274,8
85275,7
85276,36
85277,6
85278,0
85279,9
85280,23
85281,37
85282,6
85283,6
85284,29
85285,18
85286,39
85287,23
85288,24
85289,2
85290,4
85291,23
85292,12
85293,28
85294,4
85295,2
85296,21
85297,37
85298,6
85299,7
85300,5
85301,5
85302,0
85303,0
85304,6
85305,9
85306,3
85307,7
85308,1
85309,53
85310,3
85311,23
85312,15
85313,5
85314,7
85315,6
85316,40
85317,9
85318,9
85319,4
85320,19
85321,46
85322,22
85323,1
85324,4
85325,31
85326,36
85327,29
85328,22
85329,39
85330,30
85331,28
85332,19
85333,3
85334,49
85335,9
85336,3
85337,46
85338,0
85339,30
85340,18
85341,30
85342,28
85343,1
85344,1
85345,7
85346,32
85347,9
85348,14
85349,49
85350,46
85351,6
85352,29
85353,1
85354,58
85355,17
85356,7
85357,2
85358,3
85359,12
85360,1
85361,23
85362,2
85363,4
85364,36
85365,31
85366,23
85367,30
85368,8
85369,2
85370,21
85371,40
85372,25
85373,1
85374,32
85375,39
85376,1
85377,6
85378,31
85379,1
85380,40
85381,39
85382,0
85383,0
85384,24
85385,3
85386,4
85387,5
85388,9
85389,7
85390,2
85391,2
85392,9
85393,0
85394,40
85395,43
85396,28
85397,1
85398,4
85399,5
85400,58
85401,0
85402,28
85403,5
85404,40
85405,11
85406,24
85407,4
85408,1
85409,0
85410,5
85411,8
85412,9
85413,2
85414,61
85415,12
85416,10
85417,59
85418,55
85419,34
85420,1
85421,35
85422,3
85423,15
85424,9
85425,7
85426,2
85427,22
85428,40
85429,2
85430,1
85431,3
85432,11
85433,1
85434,7
85435,15
85436,9
85437,1
85438,5
85439,55
85440,1
85441,40
85442,28
85443,10
85444,8
85445,0
85446,9
85447,0
85448,15
85449,14
85450,6
85451,53
85452,6
85453,3
85454,36
85455,17
85456,2
85457,32
85458,45
85459,5
85460,51
85461,43
85462,1
85463,3
85464,58
85465,61
85466,24
85467,3
85468,7
85469,12
85470,1
85471,14
85472,2
85473,8
85474,2
85475,40
85476,2
85477,12
85478,2
85479,0
85480,4
85481,29
85482,1
85483,1
85484,9
85485,1
85486,42
85487,9
85488,9
85489,9
85490,17
85491,3
85492,6
85493,9
85494,40
85495,55
85496,40
85497,1
85498,3
85499,1
85500,6
85501,2
85502,1
85503,18
85504,1
85505,2
85506,3
85507,25
85508,0
85509,29
85510,5
85511,13
85512,12
85513,9
85514,9
85515,9
85516,3
85517,0
85518,31
85519,9
85520,6
85521,9
85522,1
85523,40
85524,4
85525,55
85526,3
85527,1
85528,5
85529,34
85530,22
85531,21
85532,49
85533,32
85534,24
85535,7
85536,1
85537,1
85538,21
85539,1
85540,29
85541,5
85542,49
85543,1
85544,43
85545,9
85546,27
85547,3
85548,46
85549,1
85550,1
85551,0
85552,49
85553,7
85554,3
85555,4
85556,40
85557,43
85558,55
85559,18
85560,46
85561,28
85562,9
85563,55
85564,23
85565,9
85566,49
85567,25
85568,11
85569,36
85570,1
85571,4
85572,35
85573,24
85574,7
85575,8
85576,0
85577,1
85578,42
85579,8
85580,7
85581,28
85582,48
85583,47
85584,16
85585,6
85586,3
85587,9
85588,0
85589,40
85590,1
85591,1
85592,8
85593,1
85594,4
85595,5
85596,30
85597,31
85598,6
85599,13
85600,53
85601,40
85602,3
85603,55
85604,5
85605,1
85606,40
85607,21
85608,15
85609,9
85610,33
85611,7
85612,5
85613,30
85614,9
85615,1
85616,21
85617,5
85618,8
85619,5
85620,4
85621,5
85622,9
85623,27
85624,3
85625,31
85626,7
85627,4
85628,24
85629,40
85630,2
85631,30
85632,12
85633,4
85634,4
85635,9
85636,1
85637,4
85638,40
85639,1
85640,10
85641,17
85642,49
85643,42
85644,7
85645,1
85646,3
85647,3
85648,6
85649,32
85650,47
85651,3
85652,14
85653,12
85654,36
85655,55
85656,19
85657,13
85658,17
85659,24
85660,19
85661,0
85662,5
85663,28
85664,15
85665,4
85666,8
85667,3
85668,34
85669,6
85670,43
85671,28
85672,30
85673,3
85674,1
85675,6
85676,1
85677,6
85678,9
85679,23
85680,22
85681,36
85682,0
85683,14
85684,7
85685,7
85686,22
85687,32
85688,30
85689,7
85690,6
85691,30
85692,1
85693,4
85694,4
85695,1
85696,3
85697,14
85698,33
85699,30
85700,6
85701,55
85702,5
85703,0
85704,1
85705,4
85706,43
85707,2
85708,55
85709,53
85710,35
85711,33
85712,24
85713,5
85714,1
85715,25
85716,2
85717,12
85718,14
85719,6
85720,11
85721,8
85722,7
85723,6
85724,8
85725,29
85726,28
85727,40
85728,24
85729,4
85730,28
85731,4
85732,6
85733,1
85734,46
85735,25
85736,13
85737,25
85738,3
85739,4
85740,55
85741,3
85742,37
85743,2
85744,0
85745,9
85746,8
85747,1
85748,24
85749,5
85750,39
85751,48
85752,9
85753,40
85754,2
85755,4
85756,3
85757,39
85758,6
85759,9
85760,2
85761,45
85762,24
85763,30
85764,20
85765,31
85766,53
85767,0
85768,6
85769,24
85770,7
85771,22
85772,4
85773,6
85774,12
85775,40
85776,6
85777,23
85778,6
85779,0
85780,3
85781,8
85782,32
85783,11
85784,7
85785,0
85786,27
85787,35
85788,0
85789,3
85790,7
85791,3
85792,0
85793,1
85794,7
85795,55
85796,21
85797,1
85798,24
85799,23
85800,4
85801,0
85802,3
85803,0
85804,9
85805,9
85806,43
85807,3
85808,53
85809,59
85810,1
85811,23
85812,24
85813,23
85814,1
85815,57
85816,7
85817,3
85818,9
85819,0
85820,36
85821,58
85822,29
85823,2
85824,1
85825,1
85826,5
85827,55
85828,2
85829,30
85830,24
85831,9
85832,29
85833,2
85834,4
85835,32
85836,28
85837,6
85838,8
85839,28
85840,14
85841,1
85842,7
85843,9
85844,0
85845,3
85846,7
85847,5
85848,30
85849,15
85850,22
85851,7
85852,52
85853,8
85854,22
85855,47
85856,6
85857,8
85858,28
85859,55
85860,25
85861,0
85862,4
85863,9
85864,3
85865,9
85866,1
85867,6
85868,53
85869,9
85870,4
85871,59
85872,2
85873,28
85874,3
85875,43
85876,3
85877,3
85878,23
85879,8
85880,29
85881,61
85882,6
85883,7
85884,9
85885,16
85886,3
85887,53
85888,31
85889,4
85890,39
85891,4
85892,8
85893,9
85894,8
85895,22
85896,59
85897,9
85898,40
85899,25
85900,25
85901,1
85902,22
85903,3
85904,8
85905,8
85906,2
85907,6
85908,1
85909,9
85910,0
85911,7
85912,7
85913,36
85914,9
85915,6
85916,53
85917,22
85918,10
85919,0
85920,36
85921,53
85922,26
85923,2
85924,34
85925,2
85926,1
85927,6
85928,53
85929,47
85930,9
85931,34
85932,40
85933,3
85934,6
85935,4
85936,0
85937,7
85938,49
85939,28
85940,27
85941,8
85942,30
85943,0
85944,58
85945,5
85946,53
85947,28
85948,9
85949,8
85950,3
85951,8
85952,8
85953,0
85954,24
85955,24
85956,40
85957,9
85958,7
85959,28
85960,1
85961,1
85962,15
85963,24
85964,12
85965,28
85966,47
85967,29
85968,0
85969,7
85970,43
85971,42
85972,0
85973,6
85974,34
85975,55
85976,58
85977,3
85978,40
85979,15
85980,3
85981,2
85982,47
85983,28
85984,36
85985,8
85986,1
85987,6
85988,9
85989,0
85990,39
85991,9
85992,46
85993,23
85994,12
85995,55
85996,42
85997,28
85998,3
85999,28
86000,25
86001,4
86002,0
86003,7
86004,55
86005,7
86006,30
86007,3
86008,0
86009,4
86010,0
86011,23
86012,6
86013,49
86014,6
86015,7
86016,5
86017,44
86018,1
86019,0
86020,0
86021,24
86022,4
86023,31
86024,3
86025,22
86026,8
86027,4
86028,39
86029,9
86030,7
86031,1
86032,49
86033,7
86034,7
86035,25
86036,36
86037,0
86038,1
86039,24
86040,55
86041,40
86042,39
86043,2
86044,28
86045,27
86046,9
86047,1
86048,3
86049,11
86050,2
86051,39
86052,28
86053,9
86054,1
86055,36
86056,3
86057,55
86058,2
86059,55
86060,9
86061,30
86062,0
86063,7
86064,39
86065,7
86066,13
86067,28
86068,3
86069,40
86070,1
86071,17
86072,12
86073,39
86074,6
86075,1
86076,24
86077,43
86078,7
86079,9
86080,40
86081,7
86082,29
86083,1
86084,5
86085,5
86086,0
86087,7
86088,5
86089,7
86090,16
86091,30
86092,53
86093,9
86094,15
86095,6
86096,24
86097,40
86098,8
86099,40
86100,61
86101,18
86102,9
86103,2
86104,1
86105,6
86106,1
86107,1
86108,10
86109,12
86110,6
86111,29
86112,40
86113,55
86114,40
86115,7
86116,3
86117,2
86118,32
86119,3
86120,53
86121,30
86122,40
86123,30
86124,55
86125,40
86126,29
86127,24
86128,28
86129,4
86130,7
86131,10
86132,49
86133,2
86134,21
86135,0
86136,2
86137,30
86138,11
86139,4
86140,9
86141,9
86142,7
86143,17
86144,0
86145,12
86146,5
86147,39
86148,23
86149,15
86150,13
86151,13
86152,12
86153,0
86154,1
86155,22
86156,2
86157,2
86158,37
86159,58
86160,29
86161,30
86162,5
86163,34
86164,3
86165,9
86166,8
86167,2
86168,39
86169,6
86170,9
86171,9
86172,32
86173,24
86174,24
86175,4
86176,15
86177,49
86178,53
86179,0
86180,0
86181,43
86182,1
86183,9
86184,4
86185,31
86186,4
86187,40
86188,8
86189,8
86190,55
86191,0
86192,55
86193,2
86194,2
86195,36
86196,7
86197,55
86198,1
86199,58
86200,3
86201,6
86202,31
86203,6
86204,7
86205,40
86206,24
86207,6
86208,3
86209,5
86210,0
86211,6
86212,53
86213,8
86214,7
86215,9
86216,23
86217,24
86218,24
86219,2
86220,3
86221,11
86222,9
86223,8
86224,2
86225,24
86226,55
86227,30
86228,2
86229,7
86230,0
86231,53
86232,18
86233,3
86234,1
86235,16
86236,28
86237,9
86238,31
86239,53
86240,16
86241,40
86242,60
86243,1
86244,0
86245,35
86246,25
86247,23
86248,4
86249,2
86250,61
86251,15
86252,4
86253,7
86254,39
86255,3
86256,32
86257,8
86258,7
86259,1
86260,9
86261,4
86262,7
86263,0
86264,4
86265,36
86266,7
86267,1
86268,0
86269,36
86270,4
86271,39
86272,30
86273,55
86274,32
86275,1
86276,15
86277,7
86278,0
86279,55
86280,28
86281,0
86282,9
86283,18
86284,4
86285,5
86286,22
86287,23
86288,5
86289,28
86290,25
86291,9
86292,7
86293,16
86294,18
86295,53
86296,24
86297,12
86298,9
86299,36
86300,11
86301,37
86302,30
86303,28
86304,7
86305,13
86306,0
86307,39
86308,23
86309,2
86310,3
86311,5
86312,53
86313,8
86314,34
86315,9
86316,1
86317,0
86318,7
86319,3
86320,14
86321,36
86322,5
86323,2
86324,3
86325,2
86326,6
86327,52
86328,7
86329,28
86330,9
86331,5
86332,6
86333,1
86334,21
86335,8
86336,9
86337,5
86338,9
86339,19
86340,20
86341,12
86342,40
86343,7
86344,7
86345,8
86346,23
86347,32
86348,47
86349,6
86350,4
86351,1
86352,24
86353,32
86354,39
86355,18
86356,10
86357,5
86358,40
86359,5
86360,23
86361,24
86362,7
86363,15
86364,13
86365,39
86366,5
86367,39
86368,25
86369,3
86370,6
86371,40
86372,35
86373,3
86374,32
86375,40
86376,4
86377,31
86378,7
86379,9
86380,24
86381,7
86382,1
86383,4
86384,8
86385,4
86386,17
86387,15
86388,5
86389,28
86390,8
86391,4
86392,22
86393,8
86394,21
86395,40
86396,5
86397,53
86398,23
86399,8
86400,21
86401,8
86402,1
86403,12
86404,55
86405,0
86406,5
86407,28
86408,12
86409,18
86410,7
86411,8
86412,33
86413,9
86414,0
86415,7
86416,8
86417,55
86418,24
86419,7
86420,28
86421,37
86422,46
86423,40
86424,34
86425,31
86426,49
86427,53
86428,32
86429,43
86430,55
86431,1
86432,30
86433,36
86434,7
86435,24
86436,8
86437,8
86438,10
86439,49
86440,18
86441,7
86442,8
86443,7
86444,7
86445,3
86446,34
86447,3
86448,35
86449,26
86450,9
86451,49
86452,7
86453,46
86454,1
86455,28
86456,1
86457,4
86458,9
86459,6
86460,7
86461,1
86462,55
86463,12
86464,55
86465,6
86466,7
86467,58
86468,0
86469,1
86470,1
86471,2
86472,1
86473,9
86474,42
86475,53
86476,28
86477,42
86478,1
86479,7
86480,4
86481,3
86482,0
86483,15
86484,1
86485,49
86486,1
86487,3
86488,6
86489,32
86490,0
86491,18
86492,39
86493,35
86494,40
86495,24
86496,7
86497,4
86498,30
86499,25
86500,36
86501,40
86502,49
86503,22
86504,6
86505,40
86506,2
86507,3
86508,44
86509,7
86510,7
86511,27
86512,28
86513,8
86514,30
86515,39
86516,9
86517,24
86518,53
86519,32
86520,9
86521,2
86522,8
86523,6
86524,2
86525,40
86526,0
86527,1
86528,2
86529,3
86530,22
86531,31
86532,30
86533,6
86534,55
86535,7
86536,28
86537,1
86538,24
86539,43
86540,49
86541,3
86542,8
86543,23
86544,61
86545,32
86546,7
86547,12
86548,9
86549,47
86550,37
86551,9
86552,0
86553,2
86554,15
86555,2
86556,58
86557,55
86558,1
86559,7
86560,0
86561,24
86562,32
86563,53
86564,1
86565,9
86566,7
86567,32
86568,8
86569,3
86570,9
86571,0
86572,5
86573,20
86574,1
86575,9
86576,55
86577,2
86578,46
86579,55
86580,26
86581,55
86582,2
86583,2
86584,18
86585,5
86586,1
86587,24
86588,1
86589,3
86590,27
86591,2
86592,5
86593,9
86594,16
86595,9
86596,35
86597,37
86598,0
86599,55
86600,7
86601,36
86602,36
86603,7
86604,1
86605,4
86606,6
86607,11
86608,3
86609,5
86610,25
86611,4
86612,9
86613,4
86614,59
86615,53
86616,40
86617,10
86618,28
86619,37
86620,7
86621,7
86622,8
86623,6
86624,3
86625,49
86626,49
86627,4
86628,8
86629,22
86630,6
86631,0
86632,3
86633,1
86634,24
86635,29
86636,28
86637,15
86638,30
86639,53
86640,24
86641,0
86642,0
86643,6
86644,12
86645,6
86646,4
86647,0
86648,8
86649,24
86650,1
86651,2
86652,12
86653,28
86654,40
86655,5
86656,2
86657,32
86658,2
86659,1
86660,40
86661,0
86662,2
86663,43
86664,53
86665,28
86666,25
86667,0
86668,2
86669,2
86670,4
86671,40
86672,5
86673,4
86674,6
86675,0
86676,34
86677,0
86678,1
86679,32
86680,22
86681,3
86682,6
86683,30
86684,34
86685,8
86686,49
86687,40
86688,6
86689,29
86690,47
86691,29
86692,8
86693,5
86694,0
86695,1
86696,40
86697,4
86698,10
86699,4
86700,21
86701,40
86702,40
86703,43
86704,10
86705,40
86706,15
86707,40
86708,5
86709,1
86710,3
86711,3
86712,6
86713,43
86714,9
86715,0
86716,39
86717,7
86718,2
86719,61
86720,28
86721,5
86722,24
86723,6
86724,56
86725,15
86726,0
86727,4
86728,28
86729,4
86730,28
86731,34
86732,5
86733,3
86734,22
86735,9
86736,25
86737,2
86738,6
86739,6
86740,9
86741,24
86742,58
86743,7
86744,30
86745,13
86746,47
86747,7
86748,8
86749,53
86750,15
86751,0
86752,28
86753,8
86754,9
86755,2
86756,49
86757,6
86758,14
86759,5
86760,6
86761,2
86762,30
86763,5
86764,49
86765,7
86766,4
86767,4
86768,39
86769,18
86770,55
86771,7
86772,1
86773,55
86774,55
86775,1
86776,12
86777,39
86778,36
86779,12
86780,55
86781,61
86782,5
86783,40
86784,31
86785,24
86786,7
86787,7
86788,9
86789,4
86790,55
86791,9
86792,23
86793,28
86794,8
86795,8
86796,8
86797,33
86798,5
86799,30
86800,3
86801,29
86802,40
86803,23
86804,0
86805,0
86806,49
86807,59
86808,1
86809,29
86810,23
86811,0
86812,9
86813,7
86814,24
86815,7
86816,4
86817,39
86818,25
86819,7
86820,1
86821,7
86822,55
86823,2
86824,15
86825,25
86826,2
86827,5
86828,30
86829,2
86830,6
86831,30
86832,53
86833,0
86834,5
86835,28
86836,31
86837,25
86838,1
86839,6
86840,41
86841,0
86842,3
86843,40
86844,40
86845,53
86846,4
86847,8
86848,2
86849,18
86850,55
86851,6
86852,8
86853,6
86854,24
86855,24
86856,6
86857,25
86858,0
86859,2
86860,31
86861,49
86862,8
86863,0
86864,22
86865,3
86866,19
86867,39
86868,1
86869,3
86870,2
86871,26
86872,1
86873,7
86874,39
86875,6
86876,36
86877,3
86878,3
86879,6
86880,4
86881,6
86882,15
86883,49
86884,6
86885,6
86886,9
86887,1
86888,8
86889,22
86890,2
86891,9
86892,31
86893,4
86894,2
86895,24
86896,28
86897,9
86898,0
86899,7
86900,9
86901,36
86902,61
86903,20
86904,3
86905,39
86906,12
86907,28
86908,23
86909,0
86910,27
86911,7
86912,0
86913,43
86914,1
86915,7
86916,0
86917,1
86918,4
86919,24
86920,3
86921,36
86922,3
86923,9
86924,3
86925,0
86926,4
86927,2
86928,39
86929,18
86930,8
86931,6
86932,30
86933,2
86934,4
86935,53
86936,40
86937,25
86938,26
86939,22
86940,59
86941,40
86942,5
86943,1
86944,13
86945,6
86946,55
86947,40
86948,3
86949,1
86950,6
86951,31
86952,4
86953,28
86954,2
86955,21
86956,6
86957,43
86958,3
86959,2
86960,9
86961,29
86962,27
86963,1
86964,0
86965,42
86966,1
86967,8
86968,25
86969,1
86970,32
86971,4
86972,0
86973,3
86974,18
86975,19
86976,1
86977,1
86978,24
86979,29
86980,42
86981,61
86982,24
86983,6
86984,34
86985,1
86986,9
86987,8
86988,6
86989,9
86990,6
86991,0
86992,34
86993,36
86994,6
86995,4
86996,26
86997,24
86998,26
86999,6
87000,36
87001,11
87002,1
87003,9
87004,10
87005,30
87006,6
87007,4
87008,23
87009,2
87010,40
87011,3
87012,3
87013,37
87014,15
87015,25
87016,28
87017,59
87018,29
87019,25
87020,0
87021,5
87022,13
87023,3
87024,25
87025,30
87026,9
87027,2
87028,29
87029,4
87030,7
87031,3
87032,20
87033,40
87034,23
87035,7
87036,49
87037,14
87038,3
87039,39
87040,15
87041,39
87042,5
87043,53
87044,8
87045,2
87046,2
87047,8
87048,5
87049,8
87050,5
87051,39
87052,18
87053,49
87054,33
87055,0
87056,9
87057,3
87058,3
87059,47
87060,3
87061,1
87062,24
87063,24
87064,46
87065,6
87066,9
87067,47
87068,2
87069,6
87070,22
87071,16
87072,7
87073,29
87074,0
87075,29
87076,53
87077,14
87078,24
87079,1
87080,7
87081,9
87082,1
87083,13
87084,2
87085,15
87086,24
87087,46
87088,1
87089,55
87090,17
87091,23
87092,7
87093,8
87094,1
87095,22
87096,2
87097,7
87098,4
87099,9
87100,3
87101,3
87102,36
87103,24
87104,9
87105,3
87106,7
87107,15
87108,30
87109,34
87110,8
87111,2
87112,55
87113,3
87114,29
87115,4
87116,55
87117,18
87118,10
87119,12
87120,14
87121,7
87122,8
87123,0
87124,22
87125,39
87126,2
87127,12
87128,31
87129,5
87130,2
87131,53
87132,28
87133,0
87134,22
87135,8
87136,25
87137,9
87138,56
87139,3
87140,9
87141,0
87142,49
87143,1
87144,55
87145,7
87146,2
87147,6
87148,7
87149,5
87150,8
87151,8
87152,25
87153,0
87154,40
87155,25
87156,3
87157,8
87158,7
87159,3
87160,25
87161,9
87162,55
87163,1
87164,8
87165,52
87166,0
87167,11
87168,1
87169,8
87170,2
87171,49
87172,3
87173,40
87174,11
87175,3
87176,29
87177,6
87178,25
87179,2
87180,17
87181,28
87182,47
87183,4
87184,22
87185,4
87186,1
87187,0
87188,16
87189,11
87190,1
87191,2
87192,4
87193,39
87194,4
87195,43
87196,15
87197,0
87198,18
87199,49
87200,7
87201,0
87202,30
87203,55
87204,0
87205,28
87206,6
87207,5
87208,39
87209,8
87210,2
87211,0
87212,40
87213,1
87214,2
87215,0
87216,5
87217,3
87218,29
87219,26
87220,40
87221,4
87222,3
87223,23
87224,34
87225,3
87226,53
87227,3
87228,5
87229,2
87230,1
87231,29
87232,4
87233,6
87234,3
87235,28
87236,25
87237,28
87238,34
87239,3
87240,15
87241,40
87242,23
87243,17
87244,8
87245,18
87246,6
87247,29
87248,59
87249,39
87250,39
87251,18
87252,2
87253,49
87254,1
87255,24
87256,0
87257,39
87258,3
87259,7
87260,1
87261,0
87262,4
87263,32
87264,2
87265,30
87266,3
87267,7
87268,2
87269,36
87270,39
87271,1
87272,7
87273,18
87274,25
87275,40
87276,59
87277,6
87278,40
87279,7
87280,5
87281,47
87282,2
87283,40
87284,1
87285,1
87286,1
87287,1
87288,9
87289,39
87290,3
87291,53
87292,0
87293,22
87294,30
87295,2
87296,8
87297,4
87298,10
87299,3
87300,5
87301,52
87302,3
87303,3
87304,0
87305,0
87306,5
87307,12
87308,27
87309,7
87310,29
87311,28
87312,14
87313,3
87314,8
87315,8
87316,55
87317,1
87318,35
87319,12
87320,9
87321,53
87322,0
87323,5
87324,2
87325,0
87326,30
87327,8
87328,4
87329,46
87330,7
87331,2
87332,8
87333,6
87334,1
87335,27
87336,1
87337,2
87338,0
87339,12
87340,29
87341,9
87342,29
87343,0
87344,3
87345,9
87346,13
87347,22
87348,1
87349,24
87350,6
87351,59
87352,0
87353,2
87354,1
87355,39
87356,3
87357,53
87358,28
87359,0
87360,53
87361,24
87362,4
87363,40
87364,23
87365,15
87366,40
87367,4
87368,2
87369,1
87370,15
87371,5
87372,18
87373,24
87374,9
87375,4
87376,12
87377,1
87378,9
87379,3
87380,1
87381,30
87382,37
87383,1
87384,0
87385,42
87386,0
87387,40
87388,4
87389,6
87390,28
87391,40
87392,8
87393,5
87394,1
87395,10
87396,2
87397,19
87398,0
87399,55
87400,1
87401,0
87402,6
87403,18
87404,55
87405,16
87406,24
87407,9
87408,5
87409,3
87410,53
87411,0
87412,4
87413,3
87414,0
87415,5
87416,1
87417,55
87418,34
87419,24
87420,3
87421,14
87422,4
87423,8
87424,6
87425,24
87426,8
87427,31
87428,25
87429,5
87430,7
87431,9
87432,55
87433,26
87434,10
87435,7
87436,6
87437,17
87438,9
87439,7
87440,8
87441,21
87442,27
87443,2
87444,8
87445,30
87446,51
87447,37
87448,5
87449,43
87450,24
87451,15
87452,9
87453,18
87454,10
87455,2
87456,1
87457,8
87458,4
87459,55
87460,2
87461,9
87462,1
87463,60
87464,12
87465,53
87466,9
87467,4
87468,9
87469,28
87470,6
87471,4
87472,40
87473,1
87474,0
87475,1
87476,6
87477,5
87478,0
87479,58
87480,4
87481,1
87482,36
87483,6
87484,47
87485,4
87486,2
87487,8
87488,2
87489,7
87490,18
87491,9
87492,5
87493,9
87494,1
87495,58
87496,0
87497,20
87498,9
87499,7
87500,37
87501,1
87502,0
87503,34
87504,39
87505,40
87506,49
87507,4
87508,43
87509,14
87510,4
87511,4
87512,39
87513,25
87514,7
87515,4
87516,4
87517,7
87518,43
87519,8
87520,30
87521,0
87522,52
87523,8
87524,1
87525,1
87526,36
87527,8
87528,2
87529,40
87530,2
87531,4
87532,15
87533,22
87534,6
87535,15
87536,39
87537,4
87538,0
87539,22
87540,5
87541,0
87542,2
87543,2
87544,37
87545,25
87546,39
87547,6
87548,36
87549,1
87550,30
87551,20
87552,8
87553,43
87554,22
87555,1
87556,26
87557,2
87558,7
87559,36
87560,5
87561,1
87562,30
87563,55
87564,6
87565,14
87566,7
87567,12
87568,58
87569,7
87570,53
87571,30
87572,55
87573,1
87574,4
87575,36
87576,7
87577,10
87578,46
87579,30
87580,7
87581,10
87582,4
87583,0
87584,15
87585,28
87586,53
87587,0
87588,40
87589,8
87590,53
87591,6
87592,25
87593,7
87594,6
87595,40
87596,13
87597,28
87598,18
87599,9
87600,53
87601,12
87602,1
87603,1
87604,7
87605,14
87606,9
87607,2
87608,28
87609,9
87610,0
87611,45
87612,23
87613,1
87614,3
87615,0
87616,43
87617,51
87618,53
87619,34
87620,12
87621,3
87622,8
87623,2
87624,43
87625,4
87626,49
87627,53
87628,22
87629,24
87630,2
87631,7
87632,9
87633,3
87634,28
87635,24
87636,49
87637,13
87638,8
87639,12
87640,36
87641,14
87642,19
87643,6
87644,40
87645,24
87646,12
87647,52
87648,23
87649,8
87650,36
87651,3
87652,30
87653,6
87654,22
87655,1
87656,1
87657,24
87658,25
87659,2
87660,49
87661,7
87662,0
87663,42
87664,0
87665,1
87666,9
87667,3
87668,3
87669,3
87670,28
87671,7
87672,42
87673,61
87674,6
87675,8
87676,32
87677,18
87678,0
87679,3
87680,9
87681,9
87682,36
87683,14
87684,6
87685,2
87686,4
87687,7
87688,0
87689,7
87690,2
87691,8
87692,9
87693,36
87694,1
87695,43
87696,3
87697,6
87698,53
87699,31
87700,9
87701,39
87702,15
87703,15
87704,40
87705,1
87706,7
87707,5
87708,53
87709,0
87710,34
87711,27
87712,1
87713,0
87714,40
87715,1
87716,5
87717,21
87718,8
87719,40
87720,2
87721,28
87722,22
87723,32
87724,55
87725,55
87726,3
87727,6
87728,6
87729,7
87730,7
87731,47
87732,37
87733,2
87734,23
87735,32
87736,9
87737,55
87738,4
87739,39
87740,33
87741,28
87742,30
87743,55
87744,7
87745,23
87746,4
87747,2
87748,9
87749,4
87750,7
87751,46
87752,8
87753,0
87754,40
87755,49
87756,3
87757,55
87758,12
87759,8
87760,25
87761,22
87762,34
87763,3
87764,9
87765,55
87766,12
87767,30
87768,8
87769,42
87770,0
87771,25
87772,6
87773,40
87774,9
87775,39
87776,22
87777,9
87778,4
87779,2
87780,56
87781,52
87782,47
87783,39
87784,1
87785,2
87786,8
87787,28
87788,40
87789,55
87790,9
87791,0
87792,15
87793,12
87794,27
87795,12
87796,8
87797,3
87798,30
87799,8
87800,8
87801,5
87802,2
87803,25
87804,0
87805,9
87806,0
87807,3
87808,15
87809,47
87810,25
87811,1
87812,10
87813,19
87814,40
87815,32
87816,7
87817,55
87818,6
87819,1
87820,18
87821,36
87822,55
87823,18
87824,39
87825,12
87826,3
87827,1
87828,15
87829,12
87830,40
87831,31
87832,9
87833,28
87834,3
87835,44
87836,3
87837,1
87838,4
87839,6
87840,28
87841,7
87842,3
87843,8
87844,7
87845,49
87846,2
87847,28
87848,0
87849,23
87850,28
87851,12
87852,25
87853,7
87854,6
87855,55
87856,0
87857,40
87858,4
87859,0
87860,30
87861,6
87862,55
87863,6
87864,2
87865,0
87866,30
87867,4
87868,28
87869,1
87870,9
87871,25
87872,4
87873,28
87874,4
87875,53
87876,30
87877,2
87878,40
87879,3
87880,8
87881,27
87882,2
87883,4
87884,6
87885,18
87886,28
87887,3
87888,2
87889,3
87890,7
87891,61
87892,4
87893,20
87894,25
87895,9
87896,53
87897,1
87898,36
87899,24
87900,25
87901,6
87902,23
87903,0
87904,4
87905,6
87906,22
87907,12
87908,2
87909,1
87910,5
87911,1
87912,1
87913,6
87914,12
87915,49
87916,24
87917,5
87918,40
87919,0
87920,4
87921,9
87922,15
87923,22
87924,2
87925,3
87926,18
87927,7
87928,22
87929,36
87930,4
87931,15
87932,24
87933,21
87934,7
87935,5
87936,6
87937,2
87938,1
87939,6
87940,3
87941,2
87942,8
87943,46
87944,7
87945,7
87946,8
87947,40
87948,10
87949,2
87950,2
87951,7
87952,6
87953,6
87954,6
87955,26
87956,2
87957,23
87958,36
87959,3
87960,39
87961,1
87962,1
87963,8
87964,2
87965,56
87966,53
87967,37
87968,5
87969,25
87970,2
87971,0
87972,34
87973,24
87974,28
87975,1
87976,7
87977,10
87978,45
87979,8
87980,0
87981,43
87982,39
87983,6
87984,8
87985,1
87986,1
87987,24
87988,0
87989,22
87990,14
87991,1
87992,34
87993,31
87994,49
87995,5
87996,23
87997,9
87998,6
87999,4
88000,9
88001,40
88002,23
88003,0
88004,2
88005,9
88006,9
88007,1
88008,10
88009,23
88010,37
88011,26
88012,9
88013,43
88014,1
88015,6
88016,44
88017,28
88018,7
88019,28
88020,36
88021,1
88022,14
88023,7
88024,40
88025,0
88026,4
88027,49
88028,1
88029,22
88030,3
88031,6
88032,2
88033,0
88034,36
88035,12
88036,53
88037,3
88038,7
88039,9
88040,25
88041,0
88042,25
88043,8
88044,14
88045,59
88046,8
88047,4
88048,8
88049,1
88050,18
88051,0
88052,16
88053,49
88054,0
88055,53
88056,2
88057,0
88058,5
88059,6
88060,1
88061,1
88062,6
88063,9
88064,24
88065,34
88066,40
88067,43
88068,40
88069,18
88070,53
88071,30
88072,28
88073,42
88074,12
88075,15
88076,53
88077,29
88078,30
88079,28
88080,31
88081,9
88082,1
88083,9
88084,3
88085,24
88086,5
88087,9
88088,13
88089,36
88090,28
88091,4
88092,40
88093,53
88094,30
88095,55
88096,6
88097,49
88098,0
88099,1
88100,25
88101,12
88102,40
88103,7
88104,19
88105,18
88106,2
88107,1
88108,9
88109,25
88110,5
88111,32
88112,3
88113,29
88114,8
88115,3
88116,13
88117,2
88118,5
88119,8
88120,40
88121,9
88122,23
88123,8
88124,5
88125,53
88126,0
88127,5
88128,1
88129,12
88130,8
88131,1
88132,7
88133,49
88134,0
88135,5
88136,25
88137,7
88138,31
88139,30
88140,39
88141,16
88142,9
88143,8
88144,4
88145,1
88146,3
88147,6
88148,0
88149,9
88150,7
88151,6
88152,0
88153,1
88154,16
88155,3
88156,49
88157,40
88158,4
88159,1
88160,8
88161,36
88162,9
88163,5
88164,2
88165,8
88166,55
88167,9
88168,28
88169,8
88170,3
88171,40
88172,59
88173,1
88174,19
88175,53
88176,22
88177,6
88178,13
88179,34
88180,24
88181,23
88182,4
88183,49
88184,40
88185,3
88186,2
88187,2
88188,24
88189,9
88190,61
88191,2
88192,0
88193,37
88194,1
88195,4
88196,34
88197,30
88198,1
88199,0
88200,1
88201,6
88202,3
88203,21
88204,3
88205,2
88206,5
88207,28
88208,3
88209,47
88210,5
88211,1
88212,18
88213,0
88214,0
88215,4
88216,8
88217,15
88218,5
88219,28
88220,40
88221,34
88222,0
88223,8
88224,2
88225,7
88226,7
88227,1
88228,4
88229,7
88230,0
88231,40
88232,32
88233,31
88234,28
88235,9
88236,12
88237,22
88238,40
88239,10
88240,0
88241,40
88242,37
88243,39
88244,55
88245,5
88246,19
88247,55
88248,9
88249,2
88250,55
88251,1
88252,4
88253,43
88254,13
88255,8
88256,32
88257,1
88258,4
88259,2
88260,28
88261,55
88262,11
88263,1
88264,4
88265,28
88266,8
88267,7
88268,53
88269,0
88270,44
88271,22
88272,5
88273,15
88274,43
88275,11
88276,4
88277,28
88278,7
88279,9
88280,18
88281,40
88282,23
88283,1
88284,1
88285,3
88286,9
88287,5
88288,49
88289,27
88290,5
88291,1
88292,22
88293,9
88294,55
88295,9
88296,4
88297,2
88298,0
88299,25
88300,1
88301,26
88302,12
88303,6
88304,40
88305,10
88306,24
88307,8
88308,6
88309,5
88310,6
88311,24
88312,4
88313,4
88314,36
88315,7
88316,24
88317,46
88318,5
88319,58
88320,18
88321,7
88322,13
88323,8
88324,8
88325,11
88326,2
88327,7
88328,55
88329,28
88330,27
88331,1
88332,8
88333,49
88334,40
88335,24
88336,15
88337,49
88338,14
88339,12
88340,6
88341,8
88342,0
88343,0
88344,6
88345,52
88346,1
88347,9
88348,5
88349,7
88350,55
88351,6
88352,40
88353,24
88354,2
88355,27
88356,42
88357,10
88358,9
88359,11
88360,39
88361,44
88362,10
88363,39
88364,43
88365,43
88366,4
88367,28
88368,28
88369,40
88370,1
88371,7
88372,9
88373,28
88374,47
88375,43
88376,8
88377,29
88378,23
88379,27
88380,1
88381,1
88382,8
88383,8
88384,8
88385,8
88386,16
88387,15
88388,1
88389,10
88390,47
88391,29
88392,5
88393,3
88394,55
88395,8
88396,1
88397,3
88398,8
88399,40
88400,1
88401,1
88402,24
88403,4
88404,34
88405,37
88406,3
88407,9
88408,53
88409,36
88410,11
88411,5
88412,8
88413,21
88414,30
88415,28
88416,3
88417,3
88418,7
88419,1
88420,2
88421,23
88422,6
88423,36
88424,0
88425,4
88426,1
88427,40
88428,6
88429,0
88430,4
88431,20
88432,7
88433,9
88434,6
88435,8
88436,28
88437,2
88438,5
88439,13
88440,3
88441,30
88442,4
88443,36
88444,28
88445,58
88446,5
88447,13
88448,7
88449,19
88450,6
88451,27
88452,0
88453,1
88454,5
88455,6
88456,5
88457,9
88458,39
88459,24
88460,3
88461,44
88462,1
88463,3
88464,40
88465,2
88466,1
88467,6
88468,1
88469,30
88470,0
88471,1
88472,37
88473,9
88474,24
88475,40
88476,28
88477,49
88478,18
88479,1
88480,55
88481,22
88482,32
88483,1
88484,6
88485,3
88486,5
88487,9
88488,24
88489,1
88490,1
88491,2
88492,3
88493,7
88494,7
88495,53
88496,4
88497,39
88498,0
88499,4
88500,9
88501,24
88502,28
88503,8
88504,3
88505,6
88506,0
88507,40
88508,24
88509,9
88510,0
88511,31
88512,31
88513,40
88514,7
88515,21
88516,2
88517,5
88518,1
88519,7
88520,3
88521,12
88522,8
88523,14
88524,9
88525,7
88526,40
88527,8
88528,14
88529,8
88530,1
88531,8
88532,8
88533,3
88534,29
88535,0
88536,4
88537,18
88538,4
88539,5
88540,3
88541,28
88542,9
88543,3
88544,29
88545,10
88546,12
88547,49
88548,19
88549,58
88550,22
88551,31
88552,25
88553,8
88554,0
88555,2
88556,9
88557,1
88558,13
88559,40
88560,7
88561,26
88562,7
88563,4
88564,8
88565,12
88566,47
88567,4
88568,4
88569,1
88570,55
88571,1
88572,15
88573,24
88574,23
88575,0
88576,47
88577,0
88578,27
88579,49
88580,47
88581,0
88582,31
88583,40
88584,2
88585,5
88586,28
88587,40
88588,5
88589,1
88590,59
88591,27
88592,36
88593,7
88594,6
88595,9
88596,24
88597,5
88598,28
88599,9
88600,3
88601,59
88602,32
88603,5
88604,2
88605,5
88606,35
88607,42
88608,8
88609,5
88610,1
88611,2
88612,0
88613,4
88614,15
88615,1
88616,2
88617,8
88618,24
88619,30
88620,55
88621,9
88622,8
88623,3
88624,55
88625,22
88626,5
88627,47
88628,4
88629,3
88630,2
88631,1
88632,28
88633,8
88634,24
88635,40
88636,5
88637,3
88638,9
88639,2
88640,3
88641,2
88642,0
88643,5
88644,53
88645,2
88646,8
88647,40
88648,8
88649,40
88650,28
88651,2
88652,2
88653,40
88654,1
88655,59
88656,8
88657,13
88658,8
88659,36
88660,4
88661,46
88662,24
88663,0
88664,28
88665,7
88666,7
88667,12
88668,0
88669,28
88670,2
88671,4
88672,0
88673,3
88674,17
88675,6
88676,22
88677,0
88678,18
88679,23
88680,8
88681,55
88682,5
88683,3
88684,40
88685,28
88686,1
88687,28
88688,1
88689,15
88690,29
88691,43
88692,59
88693,2
88694,9
88695,7
88696,40
88697,53
88698,22
88699,53
88700,53
88701,21
88702,1
88703,1
88704,30
88705,3
88706,1
88707,9
88708,0
88709,0
88710,8
88711,3
88712,4
88713,17
88714,39
88715,4
88716,7
88717,23
88718,3
88719,8
88720,36
88721,8
88722,40
88723,18
88724,21
88725,53
88726,9
88727,43
88728,3
88729,1
88730,55
88731,7
88732,18
88733,21
88734,1
88735,6
88736,1
88737,55
88738,3
88739,9
88740,7
88741,25
88742,0
88743,45
88744,17
88745,14
88746,8
88747,22
88748,24
88749,2
88750,49
88751,0
88752,8
88753,0
88754,0
88755,40
88756,59
88757,6
88758,60
88759,4
88760,1
88761,7
88762,7
88763,47
88764,43
88765,47
88766,4
88767,25
88768,60
88769,25
88770,3
88771,40
88772,3
88773,2
88774,1
88775,24
88776,7
88777,3
88778,36
88779,5
88780,4
88781,7
88782,9
88783,3
88784,28
88785,53
88786,1
88787,28
88788,22
88789,7
88790,46
88791,24
88792,22
88793,1
88794,1
88795,1
88796,6
88797,3
88798,6
88799,7
88800,7
88801,23
88802,1
88803,40
88804,24
88805,28
88806,24
88807,7
88808,7
88809,1
88810,40
88811,24
88812,39
88813,36
88814,0
88815,12
88816,2
88817,15
88818,1
88819,0
88820,28
88821,21
88822,31
88823,4
88824,7
88825,28
88826,1
88827,9
88828,30
88829,16
88830,6
88831,12
88832,49
88833,22
88834,17
88835,6
88836,2
88837,4
88838,6
88839,2
88840,36
88841,1
88842,28
88843,3
88844,0
88845,8
88846,16
88847,8
88848,2
88849,8
88850,27
88851,15
88852,16
88853,9
88854,30
88855,24
88856,24
88857,4
88858,46
88859,24
88860,1
88861,17
88862,7
88863,9
88864,53
88865,0
88866,7
88867,4
88868,7
88869,0
88870,8
88871,55
88872,4
88873,30
88874,47
88875,0
88876,1
88877,8
88878,9
88879,8
88880,4
88881,28
88882,53
88883,24
88884,6
88885,4
88886,6
88887,24
88888,4
88889,9
88890,1
88891,31
88892,12
88893,24
88894,18
88895,36
88896,5
88897,43
88898,9
88899,1
88900,35
88901,3
88902,53
88903,25
88904,8
88905,22
88906,5
88907,12
88908,55
88909,27
88910,1
88911,9
88912,23
88913,1
88914,2
88915,36
88916,24
88917,28
88918,3
88919,5
88920,0
88921,1
88922,2
88923,1
88924,55
88925,9
88926,2
88927,23
88928,0
88929,15
88930,4
88931,9
88932,15
88933,53
88934,22
88935,17
88936,8
88937,28
88938,4
88939,36
88940,6
88941,8
88942,3
88943,36
88944,2
88945,7
88946,3
88947,7
88948,40
88949,6
88950,24
88951,8
88952,55
88953,0
88954,9
88955,40
88956,22
88957,8
88958,8
88959,9
88960,6
88961,6
88962,30
88963,3
88964,9
88965,2
88966,4
88967,29
88968,22
88969,15
88970,2
88971,6
88972,5
88973,3
88974,8
88975,53
88976,9
88977,28
88978,45
88979,1
88980,0
88981,14
88982,3
88983,6
88984,12
88985,5
88986,0
88987,40
88988,2
88989,5
88990,7
88991,55
88992,47
88993,7
88994,32
88995,7
88996,5
88997,22
88998,33
88999,2
89000,43
89001,0
89002,23
89003,5
89004,4
89005,8
89006,36
89007,9
89008,0
89009,25
89010,1
89011,37
89012,30
89013,40
89014,47
89015,30
89016,37
89017,22
89018,46
89019,8
89020,5
89021,9
89022,20
89023,53
89024,5
89025,3
89026,47
89027,55
89028,18
89029,4
89030,2
89031,40
89032,45
89033,28
89034,28
89035,39
89036,0
89037,6
89038,43
89039,0
89040,25
89041,4
89042,4
89043,0
89044,20
89045,4
89046,52
89047,40
89048,25
89049,2
89050,26
89051,31
89052,0
89053,44
89054,8
89055,8
89056,53
89057,6
89058,12
89059,5
89060,1
89061,7
89062,55
89063,8
89064,43
89065,3
89066,6
89067,3
89068,12
89069,39
89070,2
89071,21
89072,4
89073,5
89074,30
89075,15
89076,9
89077,40
89078,5
89079,40
89080,8
89081,6
89082,3
89083,34
89084,28
89085,4
89086,40
89087,4
89088,25
89089,18
89090,0
89091,5
89092,2
89093,4
89094,19
89095,28
89096,24
89097,1
89098,1
89099,49
89100,6
89101,28
89102,5
89103,8
89104,30
89105,7
89106,1
89107,6
89108,9
89109,29
89110,2
89111,49
89112,5
89113,1
89114,1
89115,24
89116,3
89117,21
89118,7
89119,9
89120,9
89121,24
89122,39
89123,9
89124,7
89125,39
89126,43
89127,18
89128,15
89129,36
89130,25
89131,9
89132,3
89133,7
89134,0
89135,4
89136,24
89137,7
89138,6
89139,25
89140,12
89141,53
89142,1
89143,6
89144,3
89145,42
89146,22
89147,6
89148,29
89149,5
89150,58
89151,1
89152,30
89153,43
89154,39
89155,30
89156,29
89157,2
89158,8
89159,2
89160,4
89161,6
89162,3
89163,1
89164,40
89165,6
89166,40
89167,9
89168,24
89169,53
89170,1
89171,36
89172,2
89173,4
89174,22
89175,27
89176,29
89177,7
89178,1
89179,22
89180,36
89181,9
89182,3
89183,0
89184,24
89185,6
89186,6
89187,12
89188,49
89189,40
89190,31
89191,12
89192,1
89193,31
89194,6
89195,28
89196,40
89197,55
89198,28
89199,40
89200,10
89201,7
89202,12
89203,12
89204,4
89205,2
89206,3
89207,4
89208,5
89209,17
89210,5
89211,25
89212,47
89213,0
89214,46
89215,43
89216,8
89217,4
89218,1
89219,18
89220,55
89221,53
89222,40
89223,39
89224,22
89225,5
89226,9
89227,4
89228,59
89229,22
89230,6
89231,8
89232,25
89233,7
89234,15
89235,1
89236,28
89237,2
89238,1
89239,0
89240,3
89241,8
89242,2
89243,28
89244,8
89245,55
89246,0
89247,22
89248,6
89249,7
89250,0
89251,28
89252,23
89253,2
89254,4
89255,9
89256,8
89257,39
89258,7
89259,28
89260,6
89261,13
89262,42
89263,43
89264,6
89265,2
89266,9
89267,3
89268,0
89269,5
89270,6
89271,37
89272,2
89273,2
89274,17
89275,18
89276,3
89277,2
89278,0
89279,8
89280,6
89281,3
89282,0
89283,7
89284,49
89285,0
89286,7
89287,27
89288,9
89289,1
89290,29
89291,14
89292,4
89293,25
89294,28
89295,52
89296,24
89297,2
89298,3
89299,4
89300,1
89301,0
89302,5
89303,49
89304,0
89305,59
89306,6
89307,3
89308,34
89309,4
89310,8
89311,6
89312,24
89313,4
89314,0
89315,4
89316,53
89317,6
89318,0
89319,2
89320,6
89321,53
89322,0
89323,55
89324,39
89325,4
89326,15
89327,58
89328,1
89329,2
89330,4
89331,28
89332,9
89333,5
89334,37
89335,37
89336,28
89337,3
89338,1
89339,43
89340,49
89341,2
89342,9
89343,24
89344,7
89345,26
89346,21
89347,53
89348,2
89349,9
89350,7
89351,8
89352,30
89353,53
89354,1
89355,9
89356,0
89357,1
89358,23
89359,2
89360,24
89361,2
89362,0
89363,6
89364,0
89365,7
89366,7
89367,2
89368,5
89369,2
89370,0
89371,49
89372,40
89373,9
89374,37
89375,24
89376,1
89377,0
89378,8
89379,8
89380,2
89381,24
89382,7
89383,1
89384,22
89385,24
89386,9
89387,8
89388,47
89389,4
89390,12
89391,61
89392,24
89393,2
89394,36
89395,19
89396,18
89397,28
89398,3
89399,35
89400,1
89401,8
89402,30
89403,5
89404,53
89405,36
89406,3
89407,5
89408,30
89409,59
89410,45
89411,38
89412,40
89413,55
89414,4
89415,55
89416,7
89417,40
89418,0
89419,0
89420,24
89421,12
89422,2
89423,0
89424,5
89425,17
89426,43
89427,3
89428,1
89429,9
89430,28
89431,9
89432,1
89433,7
89434,53
89435,53
89436,8
89437,24
89438,9
89439,1
89440,7
89441,8
89442,24
89443,0
89444,0
89445,4
89446,1
89447,9
89448,8
89449,28
89450,26
89451,45
89452,11
89453,3
89454,37
89455,4
89456,15
89457,37
89458,39
89459,4
89460,0
89461,8
89462,40
89463,1
89464,5
89465,6
89466,49
89467,7
89468,24
89469,18
89470,59
89471,28
89472,25
89473,2
89474,0
89475,0
89476,8
89477,5
89478,18
89479,14
89480,6
89481,3
89482,10
89483,4
89484,16
89485,58
89486,58
89487,28
89488,4
89489,1
89490,20
89491,22
89492,26
89493,43
89494,1
89495,34
89496,0
89497,9
89498,6
89499,24
89500,30
89501,0
89502,2
89503,26
89504,1
89505,9
89506,27
89507,53
89508,37
89509,28
89510,40
89511,4
89512,42
89513,4
89514,8
89515,29
89516,7
89517,5
89518,40
89519,8
89520,22
89521,6
89522,3
89523,4
89524,28
89525,6
89526,9
89527,8
89528,28
89529,5
89530,4
89531,8
89532,53
89533,0
89534,0
89535,8
89536,4
89537,1
89538,21
89539,48
89540,28
89541,2
89542,10
89543,6
89544,2
89545,28
89546,28
89547,0
89548,7
89549,5
89550,21
89551,8
89552,55
89553,9
89554,5
89555,30
89556,6
89557,36
89558,53
89559,2
89560,49
89561,4
89562,5
89563,45
89564,4
89565,24
89566,40
89567,0
89568,4
89569,36
89570,53
89571,40
89572,11
89573,0
89574,58
89575,23
89576,2
89577,0
89578,12
89579,0
89580,7
89581,0
89582,31
89583,4
89584,28
89585,5
89586,3
89587,5
89588,28
89589,0
89590,9
89591,43
89592,60
89593,4
89594,1
89595,7
89596,24
89597,22
89598,21
89599,15
89600,12
89601,1
89602,7
89603,9
89604,33
89605,10
89606,10
89607,1
89608,2
89609,55
89610,34
89611,39
89612,36
89613,1
89614,2
89615,14
89616,12
89617,7
89618,4
89619,5
89620,29
89621,0
89622,3
89623,43
89624,8
89625,13
89626,7
89627,24
89628,10
89629,4
89630,12
89631,14
89632,40
89633,5
89634,0
89635,7
89636,59
89637,34
89638,5
89639,11
89640,5
89641,5
89642,30
89643,40
89644,1
89645,25
89646,34
89647,5
89648,33
89649,49
89650,5
89651,58
89652,12
89653,1
89654,3
89655,8
89656,23
89657,8
89658,5
89659,4
89660,25
89661,10
89662,23
89663,19
89664,8
89665,1
89666,25
89667,9
89668,1
89669,37
89670,28
89671,0
89672,40
89673,32
89674,4
89675,7
89676,32
89677,40
89678,53
89679,9
89680,0
89681,27
89682,24
89683,28
89684,23
89685,24
89686,55
89687,22
89688,6
89689,6
89690,22
89691,13
89692,9
89693,49
89694,23
89695,27
89696,2
89697,1
89698,9
89699,1
89700,2
89701,13
89702,18
89703,15
89704,40
89705,8
89706,8
89707,43
89708,7
89709,1
89710,1
89711,52
89712,37
89713,36
89714,4
89715,0
89716,6
89717,6
89718,0
89719,5
89720,1
89721,23
89722,34
89723,2
89724,0
89725,27
89726,18
89727,28
89728,2
89729,28
89730,6
89731,6
89732,11
89733,43
89734,49
89735,8
89736,22
89737,7
89738,0
89739,4
89740,59
89741,5
89742,58
89743,4
89744,18
89745,28
89746,5
89747,2
89748,9
89749,4
89750,6
89751,25
89752,12
89753,9
89754,0
89755,9
89756,55
89757,0
89758,4
89759,47
89760,7
89761,2
89762,24
89763,53
89764,30
89765,47
89766,0
89767,25
89768,43
89769,29
89770,23
89771,30
89772,7
89773,5
89774,1
89775,7
89776,8
89777,28
89778,2
89779,8
89780,7
89781,11
89782,49
89783,5
89784,14
89785,2
89786,55
89787,43
89788,28
89789,2
89790,53
89791,6
89792,9
89793,9
89794,8
89795,0
89796,25
89797,30
89798,5
89799,0
89800,55
89801,6
89802,1
89803,6
89804,13
89805,4
89806,49
89807,7
89808,3
89809,27
89810,4
89811,7
89812,40
89813,3
89814,24
89815,29
89816,15
89817,29
89818,30
89819,24
89820,28
89821,7
89822,1
89823,40
89824,16
89825,14
89826,2
89827,27
89828,39
89829,8
89830,1
89831,7
89832,30
89833,18
89834,28
89835,49
89836,40
89837,1
89838,8
89839,1
89840,4
89841,3
89842,1
89843,49
89844,19
89845,18
89846,5
89847,24
89848,1
89849,22
89850,4
89851,17
89852,6
89853,2
89854,2
89855,14
89856,1
89857,5
89858,34
89859,43
89860,40
89861,55
89862,7
89863,22
89864,2
89865,43
89866,4
89867,1
89868,46
89869,49
89870,7
89871,9
89872,4
89873,9
89874,28
89875,0
89876,24
89877,1
89878,3
89879,15
89880,0
89881,1
89882,40
89883,2
89884,4
89885,9
89886,4
89887,12
89888,43
89889,55
89890,7
89891,1
89892,49
89893,8
89894,59
89895,8
89896,12
89897,55
89898,6
89899,9
89900,28
89901,39
89902,0
89903,26
89904,21
89905,0
89906,4
89907,7
89908,8
89909,4
89910,7
89911,24
89912,30
89913,4
89914,5
89915,19
89916,40
89917,29
89918,14
89919,1
89920,7
89921,3
89922,41
89923,4
89924,59
89925,3
89926,9
89927,55
89928,4
89929,39
89930,3
89931,12
89932,1
89933,9
89934,24
89935,4
89936,5
89937,27
89938,6
89939,7
89940,26
89941,55
89942,15
89943,9
89944,28
89945,9
89946,0
89947,55
89948,7
89949,7
89950,24
89951,43
89952,9
89953,5
89954,4
89955,8
89956,1
89957,15
89958,26
89959,30
89960,9
89961,24
89962,6
89963,43
89964,9
89965,1
89966,18
89967,0
89968,7
89969,1
89970,2
89971,25
89972,30
89973,6
89974,6
89975,2
89976,58
89977,22
89978,24
89979,30
89980,15
89981,1
89982,3
89983,40
89984,28
89985,0
89986,30
89987,5
89988,9
89989,1
89990,7
89991,6
89992,0
89993,2
89994,1
89995,5
89996,55
89997,58
89998,43
89999,24
90000,9
90001,25
90002,43
90003,8
90004,1
90005,4
90006,24
90007,6
90008,4
90009,9
90010,0
90011,53
90012,53
90013,0
90014,47
90015,0
90016,39
90017,0
90018,7
90019,3
90020,27
90021,1
90022,0
90023,23
90024,47
90025,30
90026,18
90027,24
90028,53
90029,4
90030,15
90031,7
90032,0
90033,0
90034,4
90035,11
90036,36
90037,47
90038,7
90039,40
90040,24
90041,7
90042,5
90043,24
90044,49
90045,31
90046,6
90047,6
90048,40
90049,15
90050,36
90051,24
90052,58
90053,15
90054,13
90055,0
90056,14
90057,10
90058,1
90059,12
90060,1
90061,7
90062,24
90063,2
90064,40
90065,2
90066,29
90067,28
90068,55
90069,1
90070,24
90071,1
90072,36
90073,43
90074,7
90075,20
90076,23
90077,1
90078,43
90079,24
90080,9
90081,2
90082,6
90083,4
90084,8
90085,24
90086,2
90087,8
90088,2
90089,29
90090,6
90091,5
90092,7
90093,30
90094,3
90095,35
90096,40
90097,2
90098,7
90099,20
90100,29
90101,18
90102,25
90103,6
90104,29
90105,39
90106,46
90107,28
90108,9
90109,8
90110,8
90111,8
90112,18
90113,1
90114,22
90115,4
90116,30
90117,15
90118,4
90119,53
90120,4
90121,7
90122,1
90123,3
90124,4
90125,24
90126,2
90127,40
90128,6
90129,13
90130,1
90131,7
90132,4
90133,6
90134,0
90135,40
90136,40
90137,55
90138,5
90139,4
90140,1
90141,39
90142,1
90143,49
90144,61
90145,35
90146,15
90147,0
90148,0
90149,1
90150,22
90151,23
90152,0
90153,29
90154,2
90155,7
90156,1
90157,7
90158,8
90159,18
90160,18
90161,0
90162,8
90163,2
90164,30
90165,0
90166,30
90167,14
90168,28
90169,4
90170,0
90171,49
90172,6
90173,7
90174,7
90175,12
90176,13
90177,0
90178,9
90179,24
90180,6
90181,49
90182,1
90183,55
90184,40
90185,9
90186,4
90187,8
90188,9
90189,40
90190,10
90191,6
90192,7
90193,47
90194,25
90195,3
90196,1
90197,7
90198,7
90199,28
90200,4
90201,3
90202,9
90203,53
90204,34
90205,1
90206,43
90207,0
90208,39
90209,49
90210,0
90211,5
90212,23
90213,28
90214,28
90215,19
90216,9
90217,1
90218,15
90219,7
90220,1
90221,40
90222,4
90223,3
90224,8
90225,33
90226,20
90227,53
90228,2
90229,2
90230,15
90231,27
90232,2
90233,31
90234,19
90235,3
90236,2
90237,3
90238,28
90239,2
90240,2
90241,8
90242,6
90243,4
90244,4
90245,40
90246,4
90247,28
90248,39
90249,4
90250,2
90251,9
90252,7
90253,9
90254,8
90255,8
90256,55
90257,3
90258,30
90259,4
90260,22
90261,3
90262,12
90263,2
90264,15
90265,21
90266,1
90267,9
90268,6
90269,24
90270,13
90271,8
90272,6
90273,30
90274,8
90275,3
90276,9
90277,1
90278,0
90279,34
90280,2
90281,2
90282,8
90283,12
90284,13
90285,1
90286,4
90287,5
90288,6
90289,40
90290,34
90291,25
90292,3
90293,55
90294,55
90295,30
90296,53
90297,7
90298,29
90299,40
90300,9
90301,0
90302,0
90303,5
90304,1
90305,0
90306,9
90307,24
90308,4
90309,5
90310,55
90311,7
90312,24
90313,9
90314,40
90315,1
90316,24
90317,55
90318,8
90319,5
90320,3
90321,22
90322,8
90323,5
90324,8
90325,22
90326,22
90327,37
90328,28
90329,58
90330,28
90331,4
90332,7
90333,36
90334,3
90335,5
90336,25
90337,8
90338,40
90339,4
90340,29
90341,6
90342,6
90343,49
90344,18
90345,0
90346,8
90347,22
90348,53
90349,1
90350,1
90351,59
90352,29
90353,24
90354,53
90355,10
90356,24
90357,1
90358,39
90359,32
90360,3
90361,4
90362,37
90363,29
90364,28
90365,28
90366,1
90367,7
90368,8
90369,1
90370,30
90371,25
90372,59
90373,21
90374,8
90375,22
90376,0
90377,40
90378,11
90379,4
90380,33
90381,40
90382,29
90383,0
90384,40
90385,8
90386,40
90387,1
90388,4
90389,9
90390,8
90391,6
90392,4
90393,7
90394,1
90395,58
90396,36
90397,1
90398,8
90399,47
90400,55
90401,9
90402,9
90403,24
90404,30
90405,1
90406,16
90407,6
90408,7
90409,43
90410,37
90411,0
90412,55
90413,3
90414,15
90415,3
90416,15
90417,1
90418,2
90419,8
90420,5
90421,8
90422,24
90423,24
90424,39
90425,2
90426,49
90427,52
90428,28
90429,30
90430,21
90431,2
90432,9
90433,40
90434,1
90435,3
90436,30
90437,3
90438,28
90439,40
90440,39
90441,34
90442,8
90443,10
90444,30
90445,1
90446,31
90447,29
90448,10
90449,0
90450,0
90451,2
90452,43
90453,30
90454,5
90455,9
90456,1
90457,3
90458,4
90459,37
90460,7
90461,28
90462,39
90463,8
90464,2
90465,1
90466,22
90467,6
90468,5
90469,47
90470,15
90471,5
90472,5
90473,30
90474,37
90475,8
90476,13
90477,8
90478,15
90479,9
90480,25
90481,35
90482,1
90483,3
90484,2
90485,10
90486,13
90487,0
90488,12
90489,2
90490,7
90491,9
90492,1
90493,5
90494,37
90495,1
90496,4
90497,36
90498,21
90499,25
90500,5
90501,8
90502,1
90503,2
90504,0
90505,3
90506,2
90507,23
90508,2
90509,7
90510,3
90511,49
90512,9
90513,6
90514,9
90515,13
90516,0
90517,1
90518,40
90519,36
90520,8
90521,6
90522,45
90523,1
90524,7
90525,9
90526,20
90527,30
90528,8
90529,24
90530,5
90531,18
90532,12
90533,57
90534,40
90535,4
90536,8
90537,34
90538,7
90539,7
90540,31
90541,5
90542,32
90543,2
90544,24
90545,4
90546,4
90547,7
90548,1
90549,15
90550,5
90551,1
90552,23
90553,47
90554,36
90555,5
90556,40
90557,2
90558,6
90559,40
90560,2
90561,55
90562,1
90563,59
90564,8
90565,24
90566,7
90567,25
90568,49
90569,2
90570,39
90571,30
90572,3
90573,4
90574,3
90575,31
90576,8
90577,8
90578,6
90579,1
90580,3
90581,31
90582,1
90583,8
90584,33
90585,3
90586,2
90587,20
90588,25
90589,3
90590,8
90591,3
90592,15
90593,5
90594,30
90595,8
90596,23
90597,29
90598,47
90599,13
90600,1
90601,23
90602,40
90603,8
90604,34
90605,34
90606,0
90607,5
90608,0
90609,0
90610,1
90611,40
90612,5
90613,5
90614,5
90615,40
90616,4
90617,7
90618,24
90619,8
90620,47
90621,55
90622,30
90623,6
90624,25
90625,28
90626,4
90627,22
90628,9
90629,2
90630,30
90631,8
90632,7
90633,4
90634,10
90635,1
90636,3
90637,9
90638,3
90639,1
90640,1
90641,0
90642,20
90643,11
90644,2
90645,28
90646,9
90647,4
90648,8
90649,30
90650,9
90651,31
90652,5
90653,4
90654,31
90655,18
90656,1
90657,1
90658,6
90659,53
90660,24
90661,4
90662,28
90663,27
90664,7
90665,4
90666,2
90667,36
90668,43
90669,31
90670,22
90671,37
90672,0
90673,7
90674,2
90675,53
90676,9
90677,24
90678,11
90679,3
90680,8
90681,18
90682,53
90683,53
90684,53
90685,40
90686,23
90687,2
90688,2
90689,39
90690,30
90691,4
90692,0
90693,8
90694,0
90695,6
90696,6
90697,3
90698,3
90699,2
90700,8
90701,9
90702,9
90703,24
90704,49
90705,3
90706,9
90707,8
90708,15
90709,47
90710,12
90711,5
90712,1
90713,7
90714,2
90715,29
90716,21
90717,2
90718,0
90719,3
90720,8
90721,4
90722,14
90723,0
90724,0
90725,53
90726,23
90727,0
90728,8
90729,0
90730,40
90731,8
90732,16
90733,9
90734,9
90735,0
90736,8
90737,9
90738,1
90739,9
90740,3
90741,28
90742,29
90743,0
90744,2
90745,36
90746,3
90747,8
90748,24
90749,1
90750,7
90751,6
90752,9
90753,15
90754,53
90755,36
90756,8
90757,22
90758,2
90759,5
90760,8
90761,5
90762,1
90763,2
90764,10
90765,2
90766,8
90767,3
90768,19
90769,36
90770,32
90771,27
90772,40
90773,22
90774,39
90775,7
90776,7
90777,22
90778,3
90779,2
90780,2
90781,9
90782,24
90783,28
90784,1
90785,9
90786,1
90787,1
90788,32
90789,24
90790,14
90791,5
90792,24
90793,40
90794,53
90795,34
90796,9
90797,1
90798,30
90799,31
90800,2
90801,49
90802,17
90803,5
90804,9
90805,28
90806,27
90807,4
90808,1
90809,4
90810,40
90811,25
90812,2
90813,34
90814,4
90815,2
90816,12
90817,6
90818,23
90819,9
90820,0
90821,7
90822,4
90823,3
90824,18
90825,7
90826,35
90827,16
90828,40
90829,21
90830,5
90831,40
90832,5
90833,4
90834,9
90835,6
90836,28
90837,14
90838,42
90839,9
90840,52
90841,5
90842,12
90843,36
90844,3
90845,5
90846,0
90847,6
90848,5
90849,7
90850,29
90851,0
90852,21
90853,0
90854,6
90855,5
90856,3
90857,37
90858,40
90859,39
90860,3
90861,43
90862,0
90863,5
90864,8
90865,1
90866,6
90867,9
90868,6
90869,4
90870,1
90871,13
90872,0
90873,6
90874,2
90875,7
90876,19
90877,4
90878,28
90879,30
90880,24
90881,30
90882,9
90883,0
90884,43
90885,3
90886,2
90887,0
90888,12
90889,39
90890,4
90891,22
90892,12
90893,6
90894,22
90895,12
90896,25
90897,7
90898,1
90899,6
90900,8
90901,22
90902,49
90903,0
90904,0
90905,24
90906,23
90907,12
90908,33
90909,0
90910,2
90911,11
90912,7
90913,19
90914,0
90915,0
90916,1
90917,56
90918,28
90919,3
90920,2
90921,10
90922,0
90923,53
90924,4
90925,4
90926,0
90927,24
90928,2
90929,1
90930,30
90931,53
90932,7
90933,36
90934,8
90935,8
90936,55
90937,14
90938,6
90939,40
90940,15
90941,57
90942,15
90943,9
90944,28
90945,0
90946,53
90947,24
90948,6
90949,1
90950,22
90951,19
90952,9
90953,22
90954,37
90955,53
90956,18
90957,30
90958,17
90959,6
90960,34
90961,6
90962,3
90963,43
90964,9
90965,49
90966,5
90967,22
90968,4
90969,5
90970,1
90971,2
90972,9
90973,6
90974,10
90975,55
90976,5
90977,40
90978,55
90979,8
90980,32
90981,1
90982,3
90983,5
90984,24
90985,25
90986,53
90987,9
90988,3
90989,55
90990,7
90991,1
90992,4
90993,4
90994,6
90995,8
90996,2
90997,5
90998,8
90999,49
91000,24
91001,10
91002,55
91003,24
91004,24
91005,12
91006,43
91007,25
91008,53
91009,36
91010,43
91011,8
91012,21
91013,43
91014,4
91015,29
91016,9
91017,9
91018,0
91019,30
91020,28
91021,0
91022,3
91023,4
91024,9
91025,40
91026,8
91027,5
91028,49
91029,11
91030,4
91031,5
91032,44
91033,24
91034,0
91035,5
91036,19
91037,3
91038,53
91039,1
91040,2
91041,8
91042,2
91043,3
91044,30
91045,0
91046,53
91047,33
91048,9
91049,6
91050,22
91051,28
91052,3
91053,1
91054,17
91055,28
91056,58
91057,53
91058,9
91059,0
91060,30
91061,3
91062,3
91063,2
91064,8
91065,28
91066,3
91067,27
91068,1
91069,0
91070,58
91071,0
91072,0
91073,24
91074,8
91075,0
91076,7
91077,40
91078,55
91079,18
91080,21
91081,11
91082,5
91083,2
91084,49
91085,4
91086,22
91087,8
91088,5
91089,43
91090,1
91091,7
91092,6
91093,5
91094,0
91095,4
91096,5
91097,8
91098,27
91099,49
91100,1
91101,1
91102,8
91103,1
91104,7
91105,18
91106,3
91107,6
91108,0
91109,36
91110,32
91111,1
91112,5
91113,23
91114,49
91115,30
91116,23
91117,28
91118,3
91119,16
91120,49
91121,25
91122,14
91123,3
91124,5
91125,8
91126,3
91127,7
91128,1
91129,25
91130,9
91131,2
91132,1
91133,24
91134,39
91135,24
91136,3
91137,21
91138,7
91139,15
91140,28
91141,49
91142,31
91143,1
91144,49
91145,9
91146,26
91147,3
91148,1
91149,3
91150,0
91151,2
91152,37
91153,2
91154,25
91155,0
91156,31
91157,25
91158,9
91159,28
91160,23
91161,5
91162,2
91163,1
91164,27
91165,31
91166,8
91167,6
91168,9
91169,8
91170,4
91171,1
91172,8
91173,7
91174,6
91175,28
91176,10
91177,0
91178,24
91179,5
91180,2
91181,15
91182,28
91183,13
91184,21
91185,15
91186,23
91187,6
91188,8
91189,4
91190,12
91191,8
91192,31
91193,18
91194,7
91195,5
91196,40
91197,22
91198,40
91199,3
91200,3
91201,22
91202,27
91203,3
91204,21
91205,12
91206,0
91207,5
91208,1
91209,0
91210,12
91211,40
91212,1
91213,28
91214,28
91215,1
91216,4
91217,0
91218,7
91219,14
91220,0
91221,1
91222,12
91223,32
91224,7
91225,28
91226,0
91227,8
91228,25
91229,55
91230,7
91231,19
91232,31
91233,24
91234,49
91235,7
91236,31
91237,59
91238,40
91239,1
91240,6
91241,6
91242,9
91243,24
91244,7
91245,30
91246,0
91247,9
91248,30
91249,7
91250,0
91251,9
91252,22
91253,3
91254,18
91255,1
91256,9
91257,7
91258,4
91259,12
91260,1
91261,43
91262,34
91263,36
91264,8
91265,1
91266,12
91267,6
91268,0
91269,6
91270,37
91271,3
91272,9
91273,7
91274,49
91275,23
91276,21
91277,35
91278,10
91279,0
91280,18
91281,29
91282,15
91283,28
91284,3
91285,28
91286,21
91287,4
91288,3
91289,15
91290,0
91291,30
91292,55
91293,12
91294,20
91295,4
91296,39
91297,40
91298,42
91299,6
91300,6
91301,1
91302,12
91303,7
91304,0
91305,19
91306,52
91307,5
91308,1
91309,3
91310,2
91311,53
91312,21
91313,1
91314,36
91315,22
91316,49
91317,59
91318,19
91319,3
91320,8
91321,2
91322,22
91323,7
91324,28
91325,55
91326,29
91327,0
91328,45
91329,22
91330,2
91331,5
91332,0
91333,36
91334,8
91335,8
91336,18
91337,36
91338,1
91339,1
91340,9
91341,53
91342,2
91343,21
91344,6
91345,9
91346,43
91347,5
91348,34
91349,32
91350,33
91351,24
91352,12
91353,6
91354,58
91355,18
91356,17
91357,3
91358,1
91359,1
91360,3
91361,28
91362,7
91363,1
91364,37
91365,9
91366,58
91367,49
91368,12
91369,4
91370,28
91371,0
91372,24
91373,5
91374,5
91375,0
91376,7
91377,0
91378,5
91379,6
91380,9
91381,36
91382,1
91383,5
91384,32
91385,23
91386,0
91387,5
91388,6
91389,1
91390,31
91391,5
91392,6
91393,3
91394,2
91395,9
91396,6
91397,22
91398,55
91399,1
91400,7
91401,1
91402,0
91403,3
91404,3
91405,4
91406,24
91407,1
91408,22
91409,32
91410,40
91411,5
91412,30
91413,0
91414,1
91415,24
91416,7
91417,31
91418,28
91419,7
91420,40
91421,39
91422,0
91423,8
91424,7
91425,7
91426,32
91427,2
91428,28
91429,6
91430,1
91431,1
91432,40
91433,1
91434,40
91435,16
91436,2
91437,28
91438,37
91439,49
91440,1
91441,3
91442,26
91443,30
91444,24
91445,2
91446,6
91447,3
91448,49
91449,2
91450,36
91451,30
91452,6
91453,40
91454,29
91455,8
91456,3
91457,0
91458,9
91459,49
91460,5
91461,8
91462,27
91463,9
91464,0
91465,8
91466,2
91467,55
91468,7
91469,12
91470,24
91471,28
91472,24
91473,6
91474,6
91475,55
91476,23
91477,1
91478,14
91479,15
91480,12
91481,19
91482,2
91483,5
91484,6
91485,7
91486,17
91487,23
91488,24
91489,5
91490,18
91491,8
91492,2
91493,8
91494,35
91495,2
91496,31
91497,58
91498,40
91499,15
91500,7
91501,9
91502,43
91503,6
91504,7
91505,7
91506,49
91507,0
91508,10
91509,1
91510,2
91511,8
91512,35
91513,3
91514,55
91515,6
91516,3
91517,7
91518,13
91519,1
91520,9
91521,40
91522,9
91523,9
91524,1
91525,1
91526,40
91527,13
91528,1
91529,23
91530,1
91531,9
91532,53
91533,24
91534,26
91535,4
91536,8
91537,6
91538,37
91539,49
91540,55
91541,39
91542,0
91543,7
91544,6
91545,3
91546,33
91547,0
91548,49
91549,22
91550,40
91551,12
91552,7
91553,2
91554,8
91555,7
91556,5
91557,17
91558,30
91559,8
91560,2
91561,60
91562,26
91563,1
91564,9
91565,55
91566,4
91567,2
91568,15
91569,30
91570,7
91571,2
91572,18
91573,22
91574,5
91575,39
91576,1
91577,7
91578,2
91579,8
91580,0
91581,28
91582,42
91583,24
91584,24
91585,24
91586,8
91587,53
91588,3
91589,55
91590,2
91591,22
91592,4
91593,11
91594,3
91595,39
91596,53
91597,1
91598,3
91599,55
91600,9
91601,23
91602,7
91603,30
91604,36
91605,46
91606,43
91607,53
91608,8
91609,5
91610,6
91611,45
91612,22
91613,3
91614,21
91615,21
91616,6
91617,22
91618,25
91619,1
91620,0
91621,24
91622,49
91623,55
91624,0
91625,1
91626,4
91627,15
91628,49
91629,15
91630,53
91631,6
91632,30
91633,30
91634,1
91635,0
91636,4
91637,5
91638,1
91639,2
91640,6
91641,21
91642,8
91643,6
91644,24
91645,2
91646,7
91647,55
91648,6
91649,3
91650,4
91651,27
91652,3
91653,1
91654,40
91655,18
91656,3
91657,8
91658,2
91659,28
91660,2
91661,36
91662,39
91663,31
91664,9
91665,28
91666,8
91667,8
91668,6
91669,7
91670,3
91671,4
91672,1
91673,4
91674,40
91675,1
91676,6
91677,1
91678,53
91679,5
91680,1
91681,6
91682,1
91683,0
91684,53
91685,30
91686,8
91687,9
91688,8
91689,53
91690,36
91691,3
91692,14
91693,28
91694,9
91695,1
91696,3
91697,12
91698,28
91699,12
91700,5
91701,0
91702,1
91703,35
91704,8
91705,3
91706,12
91707,4
91708,0
91709,8
91710,40
91711,53
91712,49
91713,55
91714,3
91715,7
91716,53
91717,0
91718,1
91719,29
91720,1
91721,0
91722,60
91723,13
91724,23
91725,2
91726,1
91727,34
91728,3
91729,4
91730,1
91731,3
91732,7
91733,55
91734,40
91735,49
91736,4
91737,6
91738,29
91739,4
91740,4
91741,36
91742,40
91743,3
91744,15
91745,4
91746,9
91747,4
91748,2
91749,5
91750,12
91751,19
91752,7
91753,8
91754,36
91755,25
91756,25
91757,1
91758,20
91759,53
91760,40
91761,18
91762,0
91763,6
91764,1
91765,39
91766,30
91767,33
91768,34
91769,1
91770,24
91771,0
91772,25
91773,22
91774,16
91775,9
91776,2
91777,22
91778,9
91779,3
91780,39
91781,32
91782,27
91783,3
91784,0
91785,2
91786,8
91787,1
91788,31
91789,8
91790,53
91791,8
91792,40
91793,2
91794,0
91795,1
91796,6
91797,55
91798,39
91799,5
91800,14
91801,0
91802,30
91803,5
91804,1
91805,16
91806,40
91807,40
91808,30
91809,25
91810,29
91811,31
91812,6
91813,7
91814,39
91815,40
91816,30
91817,1
91818,24
91819,5
91820,1
91821,12
91822,55
91823,7
91824,19
91825,12
91826,55
91827,40
91828,24
91829,9
91830,20
91831,3
91832,30
91833,7
91834,0
91835,22
91836,9
91837,4
91838,49
91839,36
91840,53
91841,5
91842,3
91843,5
91844,5
91845,8
91846,24
91847,22
91848,40
91849,9
91850,36
91851,0
91852,36
91853,49
91854,12
91855,36
91856,18
91857,12
91858,5
91859,29
91860,55
91861,1
91862,8
91863,9
91864,24
91865,19
91866,10
91867,13
91868,3
91869,1
91870,4
91871,6
91872,39
91873,5
91874,29
91875,53
91876,24
91877,9
91878,0
91879,5
91880,21
91881,1
91882,3
91883,40
91884,1
91885,26
91886,1
91887,23
91888,6
91889,7
91890,10
91891,55
91892,4
91893,4
91894,0
91895,1
91896,24
91897,0
91898,10
91899,1
91900,8
91901,1
91902,34
91903,12
91904,43
91905,55
91906,30
91907,5
91908,8
91909,1
91910,34
91911,28
91912,7
91913,8
91914,35
91915,37
91916,9
91917,6
91918,6
91919,4
91920,55
91921,35
91922,6
91923,53
91924,39
91925,4
91926,0
91927,7
91928,9
91929,28
91930,2
91931,59
91932,18
91933,15
91934,23
91935,1
91936,0
91937,0
91938,14
91939,1
91940,1
91941,1
91942,7
91943,7
91944,5
91945,58
91946,7
91947,55
91948,7
91949,28
91950,40
91951,2
91952,7
91953,1
91954,5
91955,2
91956,4
91957,28
91958,49
91959,9
91960,1
91961,40
91962,30
91963,13
91964,2
91965,1
91966,1
91967,28
91968,1
91969,3
91970,5
91971,6
91972,1
91973,7
91974,3
91975,22
91976,55
91977,1
91978,59
91979,3
91980,2
91981,22
91982,3
91983,53
91984,8
91985,49
91986,7
91987,49
91988,23
91989,40
91990,3
91991,23
91992,37
91993,5
91994,5
91995,8
91996,1
91997,47
91998,6
91999,4
92000,55
92001,3
92002,9
92003,18
92004,15
92005,6
92006,40
92007,40
92008,1
92009,8
92010,17
92011,53
92012,25
92013,1
92014,5
92015,6
92016,53
92017,43
92018,40
92019,15
92020,4
92021,53
92022,1
92023,7
92024,40
92025,9
92026,37
92027,40
92028,55
92029,0
92030,39
92031,0
92032,3
92033,28
92034,18
92035,28
92036,34
92037,3
92038,1
92039,24
92040,0
92041,15
92042,1
92043,2
92044,53
92045,44
92046,58
92047,1
92048,3
92049,40
92050,43
92051,1
92052,40
92053,3
92054,24
92055,3
92056,2
92057,9
92058,9
92059,31
92060,32
92061,23
92062,36
92063,13
92064,29
92065,4
92066,37
92067,39
92068,8
92069,47
92070,5
92071,8
92072,8
92073,59
92074,1
92075,29
92076,0
92077,24
92078,11
92079,30
92080,53
92081,9
92082,11
92083,55
92084,20
92085,20
92086,4
92087,55
92088,2
92089,4
92090,3
92091,36
92092,19
92093,9
92094,53
92095,29
92096,1
92097,4
92098,2
92099,4
92100,49
92101,1
92102,5
92103,0
92104,3
92105,2
92106,8
92107,22
92108,34
92109,9
92110,13
92111,11
92112,5
92113,2
92114,53
92115,28
92116,8
92117,55
92118,37
92119,7
92120,36
92121,0
92122,24
92123,2
92124,0
92125,55
92126,5
92127,9
92128,11
92129,0
92130,1
92131,46
92132,39
92133,1
92134,20
92135,8
92136,14
92137,1
92138,27
92139,29
92140,2
92141,4
92142,6
92143,8
92144,3
92145,7
92146,24
92147,5
92148,8
92149,5
92150,15
92151,4
92152,6
92153,53
92154,21
92155,9
92156,6
92157,6
92158,1
92159,9
92160,18
92161,0
92162,30
92163,6
92164,30
92165,9
92166,1
92167,61
92168,28
92169,4
92170,58
92171,22
92172,9
92173,24
92174,5
92175,20
92176,30
92177,37
92178,6
92179,0
92180,12
92181,49
92182,28
92183,36
92184,26
92185,37
92186,49
92187,0
92188,30
92189,40
92190,43
92191,6
92192,2
92193,2
92194,23
92195,39
92196,0
92197,34
92198,29
92199,34
92200,3
92201,1
92202,9
92203,2
92204,24
92205,49
92206,9
92207,30
92208,12
92209,10
92210,61
92211,40
92212,7
92213,12
92214,34
92215,0
92216,7
92217,3
92218,1
92219,29
92220,32
92221,1
92222,28
92223,16
92224,6
92225,31
92226,36
92227,5
92228,55
92229,8
92230,19
92231,3
92232,2
92233,4
92234,44
92235,28
92236,1
92237,8
92238,13
92239,7
92240,7
92241,18
92242,22
92243,9
92244,28
92245,0
92246,1
92247,27
92248,10
92249,45
92250,4
92251,6
92252,6
92253,9
92254,30
92255,2
92256,8
92257,24
92258,36
92259,18
92260,5
92261,28
92262,59
92263,28
92264,22
92265,9
92266,10
92267,55
92268,30
92269,44
92270,1
92271,0
92272,24
92273,6
92274,1
92275,12
92276,12
92277,39
92278,14
92279,9
92280,32
92281,3
92282,6
92283,2
92284,25
92285,39
92286,3
92287,1
92288,22
92289,40
92290,21
92291,9
92292,24
92293,2
92294,3
92295,25
92296,7
92297,6
92298,15
92299,36
92300,4
92301,7
92302,19
92303,53
92304,18
92305,7
92306,15
92307,2
92308,1
92309,1
92310,24
92311,45
92312,3
92313,39
92314,61
92315,49
92316,1
92317,4
92318,23
92319,53
92320,55
92321,4
92322,16
92323,11
92324,55
92325,27
92326,53
92327,4
92328,40
92329,0
92330,11
92331,1
92332,46
92333,49
92334,18
92335,8
92336,29
92337,6
92338,1
92339,27
92340,3
92341,6
92342,40
92343,24
92344,3
92345,53
92346,60
92347,24
92348,37
92349,49
92350,30
92351,18
92352,1
92353,0
92354,49
92355,9
92356,4
92357,6
92358,19
92359,12
92360,2
92361,1
92362,24
92363,5
92364,1
92365,5
92366,5
92367,37
92368,9
92369,22
92370,7
92371,8
92372,9
92373,24
92374,6
92375,28
92376,15
92377,40
92378,5
92379,7
92380,7
92381,1
92382,2
92383,8
92384,39
92385,9
92386,14
92387,58
92388,21
92389,7
92390,0
92391,5
92392,23
92393,14
92394,15
92395,26
92396,6
92397,40
92398,29
92399,10
92400,24
92401,52
92402,16
92403,53
92404,6
92405,3
92406,2
92407,40
92408,32
92409,7
92410,21
92411,18
92412,4
92413,9
92414,4
92415,1
92416,0
92417,5
92418,28
92419,30
92420,3
92421,0
92422,0
92423,4
92424,1
92425,55
92426,23
92427,12
92428,43
92429,6
92430,58
92431,28
92432,1
92433,0
92434,15
92435,52
92436,7
92437,8
92438,0
92439,17
92440,4
92441,24
92442,8
92443,39
92444,18
92445,7
92446,15
92447,5
92448,36
92449,1
92450,0
92451,9
92452,18
92453,24
92454,1
92455,24
92456,18
92457,1
92458,10
92459,45
92460,53
92461,30
92462,53
92463,6
92464,18
92465,18
92466,36
92467,40
92468,49
92469,2
92470,9
92471,18
92472,6
92473,28
92474,0
92475,30
92476,26
92477,3
92478,49
92479,28
92480,8
92481,5
92482,6
92483,1
92484,2
92485,39
92486,56
92487,22
92488,7
92489,0
92490,55
92491,26
92492,23
92493,8
92494,13
92495,22
92496,40
92497,40
92498,8
92499,31
92500,53
92501,37
92502,28
92503,0
92504,58
92505,0
92506,3
92507,2
92508,30
92509,0
92510,0
92511,6
92512,43
92513,8
92514,40
92515,5
92516,53
92517,1
92518,25
92519,5
92520,53
92521,29
92522,14
92523,53
92524,3
92525,3
92526,4
92527,16
92528,1
92529,39
92530,7
92531,42
92532,10
92533,12
92534,3
92535,8
92536,12
92537,1
92538,8
92539,7
92540,4
92541,55
92542,24
92543,1
92544,30
92545,40
92546,30
92547,1
92548,28
92549,3
92550,55
92551,7
92552,2
92553,20
92554,9
92555,0
92556,40
92557,12
92558,37
92559,5
92560,5
92561,53
92562,8
92563,49
92564,2
92565,27
92566,5
92567,8
92568,3
92569,6
92570,40
92571,5
92572,23
92573,7
92574,1
92575,28
92576,24
92577,12
92578,25
92579,3
92580,14
92581,9
92582,55
92583,1
92584,8
92585,12
92586,28
92587,4
92588,11
92589,15
92590,61
92591,3
92592,3
92593,6
92594,2
92595,11
92596,24
92597,40
92598,49
92599,55
92600,55
92601,12
92602,4
92603,7
92604,3
92605,5
92606,7
92607,4
92608,39
92609,55
92610,49
92611,15
92612,4
92613,40
92614,1
92615,7
92616,55
92617,24
92618,40
92619,40
92620,43
92621,9
92622,8
92623,7
92624,15
92625,55
92626,8
92627,37
92628,0
92629,0
92630,0
92631,4
92632,8
92633,6
92634,2
92635,53
92636,7
92637,40
92638,2
92639,24
92640,6
92641,22
92642,49
92643,8
92644,44
92645,33
92646,9
92647,43
92648,55
92649,6
92650,6
92651,3
92652,4
92653,0
92654,40
92655,3
92656,18
92657,8
92658,55
92659,55
92660,9
92661,28
92662,0
92663,58
92664,2
92665,3
92666,9
92667,32
92668,36
92669,6
92670,2
92671,22
92672,25
92673,12
92674,14
92675,36
92676,4
92677,40
92678,1
92679,29
92680,6
92681,40
92682,22
92683,42
92684,9
92685,12
92686,18
92687,0
92688,7
92689,34
92690,1
92691,7
92692,2
92693,4
92694,8
92695,55
92696,3
92697,3
92698,49
92699,0
92700,4
92701,7
92702,27
92703,6
92704,3
92705,24
92706,0
92707,22
92708,40
92709,7
92710,53
92711,2
92712,7
92713,30
92714,58
92715,0
92716,32
92717,5
92718,9
92719,15
92720,55
92721,4
92722,45
92723,28
92724,1
92725,9
92726,9
92727,30
92728,40
92729,28
92730,9
92731,29
92732,12
92733,40
92734,28
92735,29
92736,9
92737,13
92738,18
92739,2
92740,40
92741,2
92742,0
92743,30
92744,15
92745,6
92746,11
92747,30
92748,6
92749,8
92750,3
92751,25
92752,2
92753,40
92754,0
92755,55
92756,34
92757,24
92758,22
92759,55
92760,15
92761,9
92762,12
92763,29
92764,6
92765,5
92766,30
92767,10
92768,21
92769,13
92770,5
92771,5
92772,7
92773,3
92774,17
92775,53
92776,22
92777,1
92778,2
92779,1
92780,1
92781,7
92782,9
92783,5
92784,25
92785,25
92786,8
92787,27
92788,39
92789,3
92790,25
92791,1
92792,28
92793,9
92794,55
92795,40
92796,24
92797,3
92798,1
92799,9
92800,32
92801,12
92802,7
92803,40
92804,0
92805,43
92806,4
92807,5
92808,40
92809,55
92810,17
92811,8
92812,9
92813,53
92814,1
92815,12
92816,9
92817,1
92818,9
92819,9
92820,1
92821,6
92822,22
92823,9
92824,1
92825,25
92826,0
92827,24
92828,35
92829,1
92830,7
92831,1
92832,0
92833,9
92834,29
92835,24
92836,11
92837,30
92838,49
92839,7
92840,1
92841,12
92842,2
92843,7
92844,1
92845,19
92846,2
92847,1
92848,21
92849,8
92850,47
92851,3
92852,2
92853,14
92854,2
92855,28
92856,22
92857,25
92858,3
92859,6
92860,53
92861,8
92862,28
92863,24
92864,53
92865,3
92866,5
92867,58
92868,0
92869,1
92870,55
92871,7
92872,2
92873,5
92874,28
92875,29
92876,28
92877,9
92878,61
92879,2
92880,8
92881,4
92882,4
92883,9
92884,6
92885,1
92886,8
92887,15
92888,7
92889,0
92890,18
92891,7
92892,24
92893,7
92894,15
92895,53
92896,49
92897,7
92898,43
92899,13
92900,49
92901,43
92902,39
92903,3
92904,0
92905,34
92906,29
92907,2
92908,3
92909,52
92910,9
92911,37
92912,40
92913,28
92914,3
92915,6
92916,24
92917,49
92918,15
92919,10
92920,4
92921,1
92922,40
92923,55
92924,28
92925,4
92926,12
92927,15
92928,22
92929,1
92930,21
92931,47
92932,22
92933,60
92934,59
92935,28
92936,40
92937,3
92938,30
92939,2
92940,36
92941,6
92942,30
92943,18
92944,2
92945,28
92946,55
92947,20
92948,25
92949,1
92950,40
92951,4
92952,24
92953,9
92954,5
92955,0
92956,4
92957,4
92958,30
92959,31
92960,32
92961,30
92962,28
92963,2
92964,35
92965,3
92966,61
92967,17
92968,22
92969,0
92970,0
92971,32
92972,29
92973,6
92974,8
92975,3
92976,43
92977,5
92978,4
92979,59
92980,3
92981,33
92982,2
92983,19
92984,12
92985,5
92986,18
92987,22
92988,3
92989,24
92990,13
92991,25
92992,61
92993,4
92994,39
92995,18
92996,55
92997,9
92998,16
92999,40
93000,6
93001,9
93002,40
93003,31
93004,1
93005,6
93006,6
93007,2
93008,7
93009,42
93010,30
93011,7
93012,24
93013,9
93014,10
93015,7
93016,24
93017,40
93018,24
93019,2
93020,30
93021,1
93022,8
93023,1
93024,25
93025,36
93026,4
93027,26
93028,25
93029,39
93030,53
93031,0
93032,6
93033,18
93034,37
93035,17
93036,40
93037,53
93038,3
93039,55
93040,14
93041,53
93042,53
93043,3
93044,5
93045,9
93046,4
93047,40
93048,55
93049,3
93050,7
93051,6
93052,22
93053,9
93054,30
93055,3
93056,0
93057,1
93058,1
93059,0
93060,4
93061,40
93062,37
93063,9
93064,24
93065,22
93066,6
93067,9
93068,9
93069,4
93070,2
93071,12
93072,10
93073,27
93074,0
93075,5
93076,0
93077,53
93078,31
93079,8
93080,0
93081,29
93082,24
93083,8
93084,7
93085,4
93086,25
93087,27
93088,2
93089,8
93090,53
93091,2
93092,22
93093,6
93094,34
93095,27
93096,6
93097,0
93098,29
93099,21
93100,49
93101,39
93102,1
93103,4
93104,40
93105,24
93106,1
93107,27
93108,8
93109,49
93110,28
93111,39
93112,7
93113,24
93114,28
93115,6
93116,28
93117,0
93118,12
93119,5
93120,2
93121,0
93122,27
93123,7
93124,0
93125,3
93126,40
93127,3
93128,25
93129,39
93130,6
93131,53
93132,47
93133,28
93134,28
93135,5
93136,8
93137,49
93138,8
93139,9
93140,4
93141,1
93142,6
93143,2
93144,12
93145,24
93146,28
93147,53
93148,25
93149,0
93150,49
93151,15
93152,3
93153,6
93154,22
93155,39
93156,55
93157,1
93158,4
93159,53
93160,2
93161,1
93162,28
93163,4
93164,7
93165,1
93166,27
93167,13
93168,40
93169,0
93170,61
93171,55
93172,0
93173,11
93174,18
93175,26
93176,0
93177,55
93178,6
93179,1
93180,23
93181,8
93182,9
93183,55
93184,55
93185,61
93186,24
93187,18
93188,6
93189,39
93190,5
93191,33
93192,8
93193,8
93194,5
93195,7
93196,34
93197,22
93198,3
93199,55
93200,55
93201,1
93202,1
93203,2
93204,1
93205,0
93206,53
93207,4
93208,17
93209,1
93210,18
93211,39
93212,5
93213,1
93214,4
93215,1
93216,1
93217,24
93218,3
93219,43
93220,2
93221,4
93222,1
93223,1
93224,6
93225,17
93226,14
93227,25
93228,7
93229,1
93230,36
93231,53
93232,0
93233,6
93234,7
93235,36
93236,1
93237,32
93238,31
93239,11
93240,47
93241,4
93242,25
93243,39
93244,29
93245,0
93246,43
93247,10
93248,9
93249,0
93250,34
93251,6
93252,15
93253,31
93254,1
93255,0
93256,28
93257,28
93258,3
93259,55
93260,1
93261,5
93262,39
93263,9
93264,1
93265,1
93266,15
93267,40
93268,28
93269,8
93270,15
93271,4
93272,15
93273,4
93274,5
93275,53
93276,7
93277,22
93278,43
93279,7
93280,36
93281,53
93282,9
93283,34
93284,4
93285,30
93286,2
93287,10
93288,2
93289,37
93290,1
93291,2
93292,34
93293,1
93294,3
93295,5
93296,23
93297,40
93298,24
93299,9
93300,6
93301,8
93302,27
93303,2
93304,7
93305,32
93306,5
93307,25
93308,55
93309,40
93310,7
93311,23
93312,0
93313,9
93314,6
93315,5
93316,40
93317,23
93318,28
93319,7
93320,9
93321,60
93322,49
93323,9
93324,60
93325,1
93326,9
93327,8
93328,9
93329,5
93330,31
93331,37
93332,4
93333,16
93334,2
93335,34
93336,55
93337,26
93338,7
93339,8
93340,3
93341,2
93342,7
93343,25
93344,4
93345,24
93346,2
93347,40
93348,47
93349,40
93350,24
93351,23
93352,18
93353,25
93354,0
93355,8
93356,39
93357,8
93358,7
93359,7
93360,1
93361,3
93362,12
93363,7
93364,22
93365,11
93366,23
93367,9
93368,5
93369,25
93370,5
93371,5
93372,32
93373,3
93374,0
93375,6
93376,22
93377,4
93378,30
93379,39
93380,40
93381,25
93382,58
93383,5
93384,1
93385,30
93386,39
93387,0
93388,43
93389,28
93390,1
93391,8
93392,30
93393,9
93394,43
93395,8
93396,3
93397,1
93398,1
93399,9
93400,37
93401,55
93402,25
93403,7
93404,25
93405,5
93406,52
93407,0
93408,4
93409,28
93410,15
93411,28
93412,36
93413,8
93414,49
93415,24
93416,7
93417,55
93418,40
93419,3
93420,30
93421,31
93422,7
93423,27
93424,9
93425,5
93426,23
93427,27
93428,31
93429,15
93430,2
93431,30
93432,3
93433,1
93434,6
93435,1
93436,7
93437,4
93438,1
93439,1
93440,40
93441,39
93442,0
93443,33
93444,6
93445,24
93446,22
93447,2
93448,9
93449,1
93450,40
93451,59
93452,39
93453,40
93454,40
93455,2
93456,9
93457,7
93458,24
93459,39
93460,30
93461,39
93462,55
93463,24
93464,23
93465,5
93466,6
93467,9
93468,0
93469,53
93470,0
93471,24
93472,29
93473,42
93474,2
93475,53
93476,0
93477,2
93478,5
93479,5
93480,1
93481,3
93482,1
93483,49
93484,36
93485,8
93486,4
93487,18
93488,3
93489,8
93490,0
93491,6
93492,24
93493,48
93494,36
93495,55
93496,39
93497,4
93498,23
93499,40
93500,9
93501,29
93502,1
93503,39
93504,5
93505,36
93506,0
93507,28
93508,7
93509,3
93510,15
93511,40
93512,9
93513,3
93514,2
93515,43
93516,55
93517,22
93518,6
93519,32
93520,25
93521,5
93522,4
93523,1
93524,12
93525,4
93526,36
93527,8
93528,4
93529,8
93530,3
93531,3
93532,15
93533,9
93534,8
93535,28
93536,7
93537,1
93538,3
93539,8
93540,34
93541,32
93542,2
93543,10
93544,11
93545,5
93546,2
93547,28
93548,4
93549,36
93550,28
93551,1
93552,59
93553,40
93554,7
93555,9
93556,39
93557,0
93558,3
93559,2
93560,1
93561,28
93562,13
93563,53
93564,53
93565,49
93566,1
93567,31
93568,59
93569,30
93570,29
93571,22
93572,1
93573,7
93574,9
93575,8
93576,12
93577,28
93578,53
93579,6
93580,4
93581,28
93582,2
93583,23
93584,1
93585,6
93586,12
93587,43
93588,6
93589,1
93590,9
93591,28
93592,1
93593,55
93594,1
93595,61
93596,53
93597,4
93598,28
93599,49
93600,8
93601,11
93602,0
93603,0
93604,1
93605,6
93606,1
93607,5
93608,8
93609,40
93610,0
93611,23
93612,5
93613,6
93614,17
93615,6
93616,4
93617,39
93618,2
93619,36
93620,30
93621,5
93622,35
93623,0
93624,2
93625,15
93626,4
93627,8
93628,24
93629,8
93630,0
93631,30
93632,19
93633,9
93634,53
93635,6
93636,28
93637,0
93638,20
93639,3
93640,12
93641,21
93642,8
93643,8
93644,3
93645,7
93646,7
93647,2
93648,1
93649,6
93650,31
93651,3
93652,8
93653,0
93654,6
93655,40
93656,40
93657,1
93658,7
93659,1
93660,34
93661,47
93662,4
93663,2
93664,9
93665,3
93666,31
93667,1
93668,5
93669,20
93670,20
93671,5
93672,46
93673,6
93674,43
93675,3
93676,4
93677,60
93678,8
93679,8
93680,30
93681,0
93682,1
93683,35
93684,18
93685,5
93686,22
93687,3
93688,24
93689,27
93690,6
93691,1
93692,40
93693,8
93694,21
93695,40
93696,1
93697,15
93698,53
93699,9
93700,30
93701,49
93702,2
93703,40
93704,3
93705,30
93706,25
93707,12
93708,5
93709,1
93710,55
93711,33
93712,28
93713,12
93714,9
93715,29
93716,55
93717,2
93718,53
93719,5
93720,40
93721,6
93722,7
93723,55
93724,37
93725,24
93726,9
93727,43
93728,28
93729,29
93730,4
93731,6
93732,49
93733,4
93734,36
93735,5
93736,28
93737,7
93738,9
93739,2
93740,49
93741,5
93742,3
93743,2
93744,0
93745,9
93746,33
93747,45
93748,4
93749,8
93750,39
93751,7
93752,3
93753,47
93754,1
93755,23
93756,1
93757,7
93758,24
93759,1
93760,8
93761,25
93762,3
93763,1
93764,34
93765,9
93766,1
93767,59
93768,0
93769,28
93770,55
93771,6
93772,2
93773,28
93774,53
93775,6
93776,8
93777,1
93778,27
93779,6
93780,32
93781,15
93782,40
93783,16
93784,39
93785,9
93786,49
93787,23
93788,3
93789,12
93790,6
93791,36
93792,28
93793,22
93794,1
93795,4
93796,5
93797,1
93798,18
93799,9
93800,8
93801,6
93802,40
93803,3
93804,53
93805,0
93806,24
93807,40
93808,8
93809,3
93810,21
93811,8
93812,13
93813,33
93814,9
93815,9
93816,4
93817,1
93818,40
93819,52
93820,28
93821,3
93822,0
93823,2
93824,2
93825,8
93826,5
93827,33
93828,24
93829,14
93830,6
93831,10
93832,3
93833,2
93834,45
93835,22
93836,22
93837,2
93838,43
93839,31
93840,15
93841,17
93842,6
93843,53
93844,28
93845,3
93846,15
93847,14
93848,28
93849,0
93850,10
93851,40
93852,2
93853,55
93854,34
93855,2
93856,49
93857,22
93858,15
93859,14
93860,3
93861,40
93862,28
93863,4
93864,1
93865,6
93866,30
93867,4
93868,53
93869,1
93870,43
93871,0
93872,9
93873,4
93874,6
93875,3
93876,6
93877,36
93878,7
93879,33
93880,9
93881,9
93882,0
93883,26
93884,6
93885,1
93886,9
93887,4
93888,5
93889,4
93890,6
93891,21
93892,9
93893,2
93894,22
93895,55
93896,21
93897,16
93898,5
93899,3
93900,18
93901,40
93902,40
93903,8
93904,4
93905,1
93906,15
93907,13
93908,27
93909,0
93910,3
93911,24
93912,0
93913,3
93914,37
93915,55
93916,10
93917,4
93918,39
93919,29
93920,12
93921,15
93922,30
93923,14
93924,2
93925,28
93926,24
93927,9
93928,12
93929,0
93930,53
93931,55
93932,8
93933,16
93934,40
93935,55
93936,36
93937,8
93938,18
93939,7
93940,2
93941,5
93942,7
93943,4
93944,2
93945,25
93946,2
93947,40
93948,29
93949,23
93950,46
93951,9
93952,7
93953,28
93954,53
93955,9
93956,7
93957,9
93958,13
93959,4
93960,7
93961,6
93962,6
93963,2
93964,9
93965,43
93966,10
93967,8
93968,8
93969,8
93970,8
93971,19
93972,8
93973,30
93974,49
93975,3
93976,1
93977,40
93978,4
93979,30
93980,0
93981,1
93982,9
93983,4
93984,6
93985,3
93986,39
93987,40
93988,1
93989,15
93990,34
93991,30
93992,2
93993,6
93994,4
93995,7
93996,8
93997,4
93998,29
93999,8
94000,0
94001,5
94002,0
94003,34
94004,2
94005,40
94006,24
94007,27
94008,29
94009,0
94010,5
94011,0
94012,27
94013,55
94014,0
94015,8
94016,49
94017,13
94018,4
94019,2
94020,8
94021,3
94022,34
94023,19
94024,0
94025,15
94026,2
94027,27
94028,4
94029,28
94030,42
94031,28
94032,6
94033,5
94034,6
94035,1
94036,5
94037,4
94038,53
94039,47
94040,28
94041,9
94042,4
94043,7
94044,40
94045,3
94046,32
94047,22
94048,22
94049,19
94050,4
94051,32
94052,7
94053,3
94054,2
94055,4
94056,34
94057,18
94058,7
94059,40
94060,8
94061,17
94062,17
94063,24
94064,6
94065,28
94066,4
94067,7
94068,0
94069,7
94070,23
94071,2
94072,6
94073,31
94074,7
94075,55
94076,0
94077,7
94078,3
94079,24
94080,6
94081,1
94082,1
94083,22
94084,23
94085,49
94086,1
94087,4
94088,22
94089,39
94090,9
94091,21
94092,3
94093,6
94094,0
94095,6
94096,6
94097,2
94098,49
94099,6
94100,3
94101,6
94102,18
94103,5
94104,0
94105,40
94106,5
94107,49
94108,9
94109,8
94110,0
94111,0
94112,1
94113,29
94114,9
94115,2
94116,40
94117,4
94118,1
94119,2
94120,25
94121,7
94122,15
94123,37
94124,5
94125,49
94126,29
94127,12
94128,5
94129,29
94130,28
94131,1
94132,9
94133,7
94134,1
94135,6
94136,35
94137,4
94138,1
94139,7
94140,5
94141,6
94142,18
94143,55
94144,3
94145,12
94146,23
94147,40
94148,6
94149,0
94150,36
94151,47
94152,40
94153,49
94154,24
94155,33
94156,14
94157,28
94158,6
94159,49
94160,22
94161,27
94162,24
94163,0
94164,9
94165,5
94166,29
94167,12
94168,33
94169,3
94170,22
94171,7
94172,36
94173,58
94174,9
94175,40
94176,7
94177,34
94178,29
94179,5
94180,0
94181,1
94182,7
94183,2
94184,10
94185,5
94186,14
94187,3
94188,4
94189,2
94190,8
94191,6
94192,28
94193,0
94194,15
94195,30
94196,2
94197,43
94198,9
94199,4
94200,7
94201,43
94202,5
94203,0
94204,0
94205,1
94206,4
94207,36
94208,34
94209,4
94210,53
94211,29
94212,8
94213,39
94214,25
94215,3
94216,8
94217,4
94218,40
94219,58
94220,10
94221,0
94222,9
94223,24
94224,0
94225,7
94226,21
94227,55
94228,11
94229,6
94230,7
94231,25
94232,55
94233,43
94234,22
94235,6
94236,9
94237,6
94238,2
94239,22
94240,10
94241,24
94242,1
94243,8
94244,4
94245,2
94246,40
94247,29
94248,53
94249,3
94250,24
94251,22
94252,9
94253,3
94254,3
94255,3
94256,8
94257,9
94258,61
94259,30
94260,1
94261,33
94262,24
94263,60
94264,1
94265,12
94266,55
94267,24
94268,6
94269,7
94270,8
94271,1
94272,3
94273,21
94274,7
94275,6
94276,31
94277,6
94278,3
94279,2
94280,3
94281,3
94282,29
94283,7
94284,8
94285,2
94286,0
94287,5
94288,61
94289,6
94290,1
94291,61
94292,0
94293,9
94294,1
94295,39
94296,8
94297,0
94298,7
94299,22
94300,1
94301,4
94302,40
94303,5
94304,0
94305,36
94306,4
94307,53
94308,51
94309,6
94310,26
94311,9
94312,55
94313,24
94314,49
94315,9
94316,15
94317,0
94318,2
94319,5
94320,4
94321,45
94322,10
94323,8
94324,4
94325,53
94326,3
94327,22
94328,4
94329,28
94330,7
94331,2
94332,52
94333,40
94334,43
94335,0
94336,8
94337,26
94338,4
94339,9
94340,6
94341,53
94342,9
94343,6
94344,59
94345,28
94346,0
94347,1
94348,8
94349,3
94350,27
94351,7
94352,2
94353,5
94354,25
94355,9
94356,6
94357,5
94358,6
94359,7
94360,9
94361,9
94362,11
94363,0
94364,15
94365,40
94366,8
94367,59
94368,55
94369,25
94370,36
94371,15
94372,1
94373,27
94374,28
94375,22
94376,40
94377,22
94378,11
94379,6
94380,4
94381,0
94382,30
94383,7
94384,22
94385,22
94386,4
94387,1
94388,6
94389,28
94390,11
94391,9
94392,4
94393,6
94394,9
94395,43
94396,40
94397,9
94398,6
94399,1
94400,35
94401,0
94402,1
94403,15
94404,7
94405,53
94406,6
94407,34
94408,6
94409,9
94410,22
94411,0
94412,3
94413,1
94414,9
94415,5
94416,30
94417,8
94418,15
94419,1
94420,30
94421,23
94422,35
94423,22
94424,55
94425,27
94426,6
94427,3
94428,21
94429,22
94430,0
94431,23
94432,7
94433,9
94434,53
94435,0
94436,9
94437,12
94438,2
94439,5
94440,45
94441,6
94442,53
94443,5
94444,53
94445,30
94446,3
94447,40
94448,12
94449,40
94450,27
94451,43
94452,15
94453,40
94454,6
94455,3
94456,40
94457,1
94458,4
94459,53
94460,3
94461,1
94462,28
94463,2
94464,36
94465,8
94466,58
94467,1
94468,7
94469,0
94470,27
94471,0
94472,1
94473,40
94474,9
94475,9
94476,18
94477,43
94478,12
94479,5
94480,1
94481,6
94482,6
94483,21
94484,0
94485,3
94486,0
94487,53
94488,8
94489,40
94490,29
94491,32
94492,6
94493,1
94494,4
94495,7
94496,6
94497,10
94498,4
94499,15
94500,9
94501,0
94502,49
94503,12
94504,9
94505,7
94506,36
94507,5
94508,7
94509,7
94510,18
94511,25
94512,30
94513,40
94514,2
94515,8
94516,9
94517,2
94518,6
94519,12
94520,5
94521,2
94522,49
94523,7
94524,8
94525,43
94526,9
94527,8
94528,33
94529,24
94530,9
94531,5
94532,0
94533,10
94534,3
94535,53
94536,4
94537,7
94538,34
94539,55
94540,7
94541,24
94542,9
94543,9
94544,8
94545,2
94546,5
94547,22
94548,1
94549,2
94550,6
94551,4
94552,43
94553,4
94554,3
94555,39
94556,5
94557,9
94558,0
94559,40
94560,24
94561,2
94562,31
94563,45
94564,4
94565,7
94566,1
94567,4
94568,39
94569,1
94570,3
94571,5
94572,1
94573,9
94574,24
94575,12
94576,2
94577,49
94578,4
94579,1
94580,31
94581,22
94582,6
94583,6
94584,8
94585,7
94586,9
94587,0
94588,1
94589,1
94590,1
94591,1
94592,3
94593,3
94594,22
94595,4
94596,1
94597,49
94598,32
94599,0
94600,1
94601,3
94602,31
94603,8
94604,6
94605,7
94606,18
94607,1
94608,7
94609,43
94610,8
94611,4
94612,14
94613,49
94614,23
94615,30
94616,21
94617,7
94618,7
94619,43
94620,40
94621,6
94622,1
94623,6
94624,5
94625,40
94626,3
94627,2
94628,1
94629,3
94630,0
94631,9
94632,28
94633,10
94634,2
94635,0
94636,28
94637,8
94638,1
94639,1
94640,7
94641,49
94642,0
94643,7
94644,28
94645,1
94646,12
94647,24
94648,28
94649,2
94650,10
94651,40
94652,12
94653,40
94654,28
94655,1
94656,29
94657,15
94658,24
94659,4
94660,27
94661,61
94662,6
94663,2
94664,36
94665,5
94666,30
94667,10
94668,1
94669,8
94670,28
94671,26
94672,10
94673,36
94674,18
94675,12
94676,40
94677,3
94678,15
94679,7
94680,14
94681,22
94682,9
94683,43
94684,12
94685,16
94686,9
94687,14
94688,15
94689,40
94690,1
94691,12
94692,12
94693,7
94694,11
94695,6
94696,4
94697,0
94698,9
94699,7
94700,5
94701,9
94702,5
94703,2
94704,9
94705,29
94706,7
94707,25
94708,1
94709,53
94710,7
94711,7
94712,7
94713,1
94714,25
94715,28
94716,48
94717,22
94718,4
94719,16
94720,8
94721,8
94722,43
94723,2
94724,7
94725,9
94726,36
94727,2
94728,24
94729,7
94730,9
94731,2
94732,30
94733,22
94734,26
94735,27
94736,1
94737,0
94738,8
94739,8
94740,0
94741,40
94742,3
94743,24
94744,1
94745,8
94746,3
94747,4
94748,30
94749,1
94750,3
94751,24
94752,29
94753,39
94754,4
94755,6
94756,7
94757,1
94758,17
94759,2
94760,58
94761,55
94762,19
94763,8
94764,23
94765,4
94766,28
94767,4
94768,0
94769,40
94770,2
94771,24
94772,15
94773,6
94774,6
94775,3
94776,29
94777,1
94778,28
94779,55
94780,6
94781,32
94782,47
94783,18
94784,6
94785,1
94786,6
94787,9
94788,4
94789,6
94790,0
94791,3
94792,21
94793,24
94794,8
94795,4
94796,15
94797,9
94798,36
94799,28
94800,2
94801,0
94802,29
94803,59
94804,36
94805,19
94806,28
94807,9
94808,8
94809,40
94810,55
94811,9
94812,4
94813,29
94814,5
94815,28
94816,1
94817,43
94818,18
94819,40
94820,40
94821,12
94822,2
94823,9
94824,4
94825,9
94826,3
94827,1
94828,55
94829,2
94830,6
94831,34
94832,24
94833,18
94834,8
94835,8
94836,55
94837,23
94838,24
94839,1
94840,33
94841,58
94842,25
94843,17
94844,8
94845,5
94846,21
94847,29
94848,3
94849,31
94850,5
94851,29
94852,24
94853,0
94854,4
94855,2
94856,49
94857,9
94858,2
94859,3
94860,28
94861,0
94862,12
94863,8
94864,31
94865,9
94866,11
94867,34
94868,39
94869,9
94870,9
94871,7
94872,8
94873,5
94874,55
94875,8
94876,0
94877,7
94878,1
94879,9
94880,7
94881,4
94882,26
94883,4
94884,9
94885,1
94886,44
94887,32
94888,55
94889,6
94890,9
94891,6
94892,0
94893,2
94894,2
94895,27
94896,4
94897,1
94898,31
94899,52
94900,32
94901,23
94902,55
94903,7
94904,1
94905,1
94906,9
94907,20
94908,3
94909,53
94910,8
94911,4
94912,3
94913,7
94914,2
94915,5
94916,9
94917,6
94918,12
94919,4
94920,44
94921,6
94922,0
94923,5
94924,9
94925,9
94926,12
94927,53
94928,29
94929,31
94930,2
94931,8
94932,9
94933,39
94934,6
94935,43
94936,0
94937,2
94938,3
94939,6
94940,5
94941,7
94942,34
94943,55
94944,19
94945,40
94946,24
94947,4
94948,25
94949,7
94950,5
94951,9
94952,49
94953,23
94954,6
94955,40
94956,5
94957,55
94958,7
94959,8
94960,28
94961,28
94962,29
94963,43
94964,8
94965,2
94966,5
94967,3
94968,53
94969,15
94970,34
94971,0
94972,24
94973,1
94974,5
94975,0
94976,46
94977,55
94978,41
94979,25
94980,28
94981,13
94982,6
94983,37
94984,6
94985,1
94986,1
94987,6
94988,2
94989,24
94990,6
94991,32
94992,5
94993,7
94994,22
94995,21
94996,9
94997,24
94998,29
94999,0
95000,30
95001,1
95002,30
95003,28
95004,40
95005,39
95006,49
95007,7
95008,1
95009,3
95010,8
95011,25
95012,0
95013,3
95014,5
95015,1
95016,39
95017,1
95018,2
95019,36
95020,53
95021,28
95022,36
95023,15
95024,37
95025,4
95026,11
95027,0
95028,39
95029,42
95030,5
95031,9
95032,2
95033,5
95034,8
95035,30
95036,5
95037,49
95038,8
95039,43
95040,18
95041,26
95042,6
95043,4
95044,34
95045,28
95046,1
95047,49
95048,6
95049,0
95050,9
95051,6
95052,2
95053,40
95054,1
95055,47
95056,0
95057,13
95058,12
95059,9
95060,22
95061,0
95062,9
95063,49
95064,7
95065,4
95066,40
95067,1
95068,8
95069,30
95070,5
95071,28
95072,25
95073,30
95074,7
95075,7
95076,9
95077,20
95078,0
95079,6
95080,8
95081,25
95082,23
95083,5
95084,5
95085,26
95086,2
95087,0
95088,0
95089,15
95090,5
95091,0
95092,16
95093,15
95094,9
95095,6
95096,22
95097,6
95098,40
95099,53
95100,12
95101,45
95102,27
95103,29
95104,52
95105,36
95106,2
95107,17
95108,3
95109,2
95110,6
95111,0
95112,24
95113,40
95114,2
95115,1
95116,2
95117,14
95118,39
95119,8
95120,30
95121,28
95122,3
95123,40
95124,2
95125,2
95126,6
95127,40
95128,7
95129,4
95130,7
95131,23
95132,3
95133,43
95134,3
95135,7
95136,30
95137,24
95138,0
95139,15
95140,6
95141,33
95142,0
95143,23
95144,24
95145,28
95146,9
95147,25
95148,8
95149,1
95150,30
95151,59
95152,40
95153,0
95154,53
95155,28
95156,7
95157,24
95158,4
95159,4
95160,1
95161,1
95162,21
95163,40
95164,34
95165,22
95166,0
95167,43
95168,7
95169,28
95170,8
95171,7
95172,0
95173,6
95174,4
95175,29
95176,8
95177,15
95178,23
95179,5
95180,5
95181,3
95182,29
95183,34
95184,40
95185,2
95186,4
95187,9
95188,2
95189,0
95190,6
95191,9
95192,40
95193,40
95194,9
95195,0
95196,7
95197,6
95198,4
95199,40
95200,6
95201,2
95202,24
95203,49
95204,6
95205,25
95206,23
95207,12
95208,24
95209,23
95210,37
95211,23
95212,6
95213,18
95214,3
95215,6
95216,0
95217,37
95218,30
95219,26
95220,28
95221,4
95222,10
95223,3
95224,6
95225,2
95226,4
95227,7
95228,8
95229,8
95230,1
95231,59
95232,18
95233,9
95234,18
95235,7
95236,24
95237,29
95238,3
95239,9
95240,12
95241,1
95242,8
95243,1
95244,25
95245,40
95246,23
95247,19
95248,39
95249,9
95250,1
95251,2
95252,55
95253,1
95254,3
95255,18
95256,6
95257,2
95258,8
95259,30
95260,31
95261,2
95262,23
95263,43
95264,5
95265,6
95266,7
95267,9
95268,49
95269,4
95270,27
95271,3
95272,7
95273,45
95274,7
95275,14
95276,0
95277,15
95278,7
95279,11
95280,2
95281,4
95282,0
95283,31
95284,1
95285,17
95286,1
95287,39
95288,0
95289,36
95290,1
95291,9
95292,4
95293,24
95294,5
95295,2
95296,24
95297,0
95298,9
95299,3
95300,8
95301,19
95302,13
95303,3
95304,9
95305,4
95306,40
95307,22
95308,6
95309,9
95310,28
95311,12
95312,2
95313,0
95314,9
95315,7
95316,6
95317,1
95318,3
95319,1
95320,18
95321,27
95322,18
95323,5
95324,49
95325,19
95326,21
95327,5
95328,3
95329,28
95330,7
95331,3
95332,9
95333,14
95334,3
95335,2
95336,0
95337,55
95338,3
95339,30
95340,12
95341,55
95342,4
95343,4
95344,3
95345,4
95346,2
95347,2
95348,2
95349,2
95350,3
95351,7
95352,30
95353,43
95354,15
95355,53
95356,1
95357,43
95358,6
95359,55
95360,53
95361,1
95362,4
95363,14
95364,60
95365,14
95366,7
95367,43
95368,26
95369,7
95370,22
95371,4
95372,9
95373,8
95374,43
95375,15
95376,0
95377,39
95378,6
95379,6
95380,9
95381,7
95382,39
95383,6
95384,2
95385,55
95386,3
95387,6
95388,42
95389,59
95390,40
95391,5
95392,36
95393,11
95394,22
95395,2
95396,30
95397,3
95398,55
95399,2
95400,6
95401,2
95402,32
95403,8
95404,21
95405,40
95406,29
95407,22
95408,6
95409,3
95410,7
95411,15
95412,53
95413,55
95414,6
95415,1
95416,3
95417,14
95418,3
95419,7
95420,9
95421,55
95422,3
95423,40
95424,4
95425,35
95426,11
95427,3
95428,5
95429,5
95430,18
95431,55
95432,9
95433,5
95434,14
95435,30
95436,53
95437,31
95438,21
95439,49
95440,2
95441,55
95442,28
95443,1
95444,5
95445,13
95446,40
95447,9
95448,24
95449,15
95450,1
95451,40
95452,0
95453,5
95454,0
95455,5
95456,28
95457,28
95458,8
95459,5
95460,2
95461,53
95462,2
95463,55
95464,1
95465,7
95466,0
95467,0
95468,6
95469,39
95470,28
95471,60
95472,8
95473,29
95474,47
95475,4
95476,13
95477,27
95478,4
95479,7
95480,6
95481,5
95482,40
95483,2
95484,46
95485,53
95486,6
95487,31
95488,49
95489,28
95490,8
95491,12
95492,0
95493,40
95494,0
95495,23
95496,44
95497,6
95498,1
95499,23
95500,1
95501,43
95502,2
95503,35
95504,2
95505,7
95506,2
95507,28
95508,4
95509,0
95510,23
95511,4
95512,6
95513,55
95514,24
95515,3
95516,37
95517,8
95518,7
95519,0
95520,49
95521,7
95522,21
95523,4
95524,1
95525,40
95526,6
95527,8
95528,28
95529,34
95530,6
95531,4
95532,40
95533,27
95534,34
95535,8
95536,30
95537,53
95538,4
95539,22
95540,3
95541,6
95542,40
95543,5
95544,1
95545,40
95546,36
95547,7
95548,40
95549,2
95550,7
95551,0
95552,9
95553,22
95554,28
95555,40
95556,47
95557,0
95558,4
95559,6
95560,1
95561,40
95562,23
95563,24
95564,0
95565,4
95566,3
95567,7
95568,43
95569,53
95570,24
95571,1
95572,1
95573,30
95574,32
95575,2
95576,6
95577,1
95578,3
95579,28
95580,40
95581,40
95582,39
95583,5
95584,16
95585,40
95586,3
95587,16
95588,55
95589,31
95590,23
95591,5
95592,3
95593,2
95594,1
95595,55
95596,3
95597,52
95598,49
95599,49
95600,16
95601,53
95602,0
95603,30
95604,3
95605,1
95606,43
95607,28
95608,1
95609,12
95610,17
95611,49
95612,27
95613,58
95614,0
95615,25
95616,39
95617,28
95618,40
95619,1
95620,39
95621,2
95622,40
95623,9
95624,59
95625,9
95626,4
95627,11
95628,1
95629,4
95630,15
95631,7
95632,25
95633,58
95634,8
95635,7
95636,29
95637,40
95638,25
95639,12
95640,1
95641,0
95642,4
95643,37
95644,36
95645,21
95646,29
95647,5
95648,36
95649,1
95650,25
95651,7
95652,21
95653,53
95654,24
95655,24
95656,53
95657,7
95658,15
95659,6
95660,21
95661,28
95662,0
95663,3
95664,7
95665,49
95666,6
95667,8
95668,0
95669,8
95670,28
95671,8
95672,22
95673,7
95674,3
95675,30
95676,3
95677,3
95678,6
95679,2
95680,1
95681,8
95682,34
95683,40
95684,27
95685,22
95686,10
95687,3
95688,46
95689,6
95690,2
95691,8
95692,4
95693,19
95694,28
95695,23
95696,2
95697,0
95698,3
95699,8
95700,6
95701,58
95702,6
95703,53
95704,22
95705,0
95706,0
95707,52
95708,28
95709,28
95710,8
95711,4
95712,18
95713,33
95714,26
95715,8
95716,43
95717,6
95718,28
95719,28
95720,26
95721,1
95722,0
95723,34
95724,13
95725,7
95726,4
95727,15
95728,22
95729,4
95730,8
95731,55
95732,13
95733,55
95734,40
95735,1
95736,19
95737,53
95738,2
95739,26
95740,4
95741,4
95742,5
95743,55
95744,60
95745,0
95746,5
95747,49
95748,1
95749,8
95750,9
95751,53
95752,30
95753,1
95754,7
95755,37
95756,24
95757,40
95758,0
95759,25
95760,1
95761,9
95762,20
95763,6
95764,14
95765,55
95766,10
95767,7
95768,2
95769,3
95770,33
95771,13
95772,2
95773,25
95774,9
95775,1
95776,53
95777,10
95778,10
95779,4
95780,1
95781,18
95782,28
95783,8
95784,31
95785,39
95786,28
95787,18
95788,8
95789,18
95790,56
95791,0
95792,30
95793,0
95794,1
95795,1
95796,12
95797,28
95798,10
95799,2
95800,49
95801,3
95802,1
95803,3
95804,27
95805,1
95806,3
95807,18
95808,10
95809,58
95810,2
95811,9
95812,21
95813,24
95814,4
95815,19
95816,36
95817,7
95818,49
95819,0
95820,1
95821,2
95822,1
95823,7
95824,49
95825,1
95826,24
95827,15
95828,4
95829,7
95830,3
95831,3
95832,25
95833,26
95834,5
95835,4
95836,21
95837,8
95838,2
95839,8
95840,3
95841,0
95842,9
95843,60
95844,28
95845,15
95846,2
95847,14
95848,7
95849,2
95850,14
95851,23
95852,39
95853,8
95854,1
95855,8
95856,1
95857,40
95858,7
95859,0
95860,35
95861,29
95862,29
95863,7
95864,3
95865,24
95866,8
95867,0
95868,46
95869,6
95870,0
95871,9
95872,2
95873,8
95874,24
95875,22
95876,30
95877,40
95878,40
95879,18
95880,4
95881,28
95882,0
95883,28
95884,8
95885,1
95886,0
95887,7
95888,39
95889,5
95890,32
95891,1
95892,40
95893,25
95894,3
95895,15
95896,8
95897,22
95898,22
95899,9
95900,33
95901,25
95902,18
95903,39
95904,1
95905,28
95906,9
95907,3
95908,13
95909,5
95910,40
95911,5
95912,6
95913,43
95914,7
95915,9
95916,46
95917,3
95918,33
95919,12
95920,2
95921,22
95922,36
95923,4
95924,2
95925,39
95926,9
95927,29
95928,53
95929,7
95930,36
95931,24
95932,3
95933,0
95934,11
95935,28
95936,43
95937,49
95938,49
95939,7
95940,22
95941,9
95942,32
95943,8
95944,55
95945,5
95946,3
95947,4
95948,36
95949,21
95950,3
95951,3
95952,32
95953,12
95954,3
95955,26
95956,0
95957,4
95958,8
95959,7
95960,10
95961,25
95962,9
95963,40
95964,9
95965,7
95966,1
95967,1
95968,8
95969,8
95970,37
95971,57
95972,40
95973,6
95974,4
95975,49
95976,40
95977,7
95978,33
95979,8
95980,4
95981,2
95982,12
95983,39
95984,7
95985,5
95986,28
95987,5
95988,0
95989,5
95990,53
95991,28
95992,1
95993,7
95994,9
95995,55
95996,3
95997,9
95998,7
95999,61
96000,24
96001,10
96002,4
96003,8
96004,3
96005,40
96006,55
96007,3
96008,40
96009,2
96010,8
96011,8
96012,9
96013,55
96014,2
96015,9
96016,0
96017,23
96018,13
96019,8
96020,55
96021,0
96022,13
96023,5
96024,30
96025,4
96026,10
96027,6
96028,6
96029,7
96030,0
96031,5
96032,17
96033,49
96034,24
96035,9
96036,30
96037,1
96038,3
96039,55
96040,15
96041,7
96042,3
96043,0
96044,7
96045,4
96046,3
96047,21
96048,5
96049,7
96050,3
96051,30
96052,0
96053,4
96054,35
96055,7
96056,15
96057,1
96058,7
96059,46
96060,8
96061,9
96062,2
96063,29
96064,27
96065,4
96066,1
96067,40
96068,0
96069,0
96070,36
96071,25
96072,59
96073,5
96074,0
96075,53
96076,1
96077,23
96078,13
96079,7
96080,27
96081,40
96082,55
96083,2
96084,28
96085,6
96086,55
96087,3
96088,0
96089,5
96090,3
96091,24
96092,14
96093,5
96094,3
96095,0
96096,7
96097,55
96098,3
96099,6
96100,43
96101,24
96102,39
96103,2
96104,0
96105,18
96106,7
96107,30
96108,22
96109,6
96110,0
96111,49
96112,2
96113,53
96114,45
96115,29
96116,14
96117,2
96118,3
96119,4
96120,21
96121,43
96122,29
96123,27
96124,49
96125,4
96126,1
96127,8
96128,22
96129,53
96130,7
96131,53
96132,30
96133,21
96134,5
96135,30
96136,15
96137,32
96138,24
96139,5
96140,1
96141,25
96142,18
96143,12
96144,29
96145,28
96146,53
96147,3
96148,3
96149,59
96150,6
96151,0
96152,6
96153,1
96154,24
96155,37
96156,10
96157,55
96158,55
96159,7
96160,8
96161,28
96162,24
96163,6
96164,0
96165,25
96166,25
96167,5
96168,59
96169,30
96170,8
96171,15
96172,3
96173,42
96174,1
96175,2
96176,55
96177,30
96178,3
96179,0
96180,3
96181,7
96182,9
96183,8
96184,53
96185,6
96186,1
96187,1
96188,13
96189,0
96190,40
96191,0
96192,28
96193,7
96194,22
96195,7
96196,3
96197,0
96198,58
96199,55
96200,15
96201,4
96202,2
96203,1
96204,5
96205,21
96206,23
96207,0
96208,6
96209,9
96210,9
96211,11
96212,30
96213,46
96214,19
96215,40
96216,6
96217,1
96218,8
96219,30
96220,43
96221,40
96222,28
96223,5
96224,35
96225,47
96226,1
96227,1
96228,2
96229,3
96230,28
96231,1
96232,9
96233,1
96234,7
96235,9
96236,4
96237,22
96238,3
96239,31
96240,4
96241,28
96242,43
96243,14
96244,39
96245,15
96246,24
96247,6
96248,20
96249,17
96250,4
96251,22
96252,40
96253,9
96254,1
96255,6
96256,3
96257,15
96258,0
96259,1
96260,6
96261,34
96262,49
96263,40
96264,2
96265,47
96266,5
96267,4
96268,1
96269,24
96270,7
96271,39
96272,36
96273,15
96274,2
96275,4
96276,7
96277,25
96278,5
96279,37
96280,2
96281,8
96282,17
96283,28
96284,24
96285,0
96286,40
96287,8
96288,53
96289,2
96290,5
96291,19
96292,2
96293,1
96294,61
96295,0
96296,55
96297,5
96298,2
96299,3
96300,9
96301,3
96302,1
96303,1
96304,6
96305,0
96306,43
96307,8
96308,42
96309,53
96310,25
96311,0
96312,3
96313,5
96314,5
96315,43
96316,47
96317,9
96318,4
96319,3
96320,15
96321,5
96322,17
96323,30
96324,27
96325,3
96326,7
96327,8
96328,53
96329,6
96330,40
96331,3
96332,2
96333,30
96334,9
96335,56
96336,3
96337,30
96338,7
96339,2
96340,23
96341,9
96342,1
96343,9
96344,7
96345,28
96346,1
96347,21
96348,24
96349,31
96350,1
96351,25
96352,12
96353,3
96354,33
96355,34
96356,49
96357,40
96358,6
96359,55
96360,15
96361,0
96362,46
96363,5
96364,7
96365,0
96366,42
96367,1
96368,7
96369,28
96370,34
96371,25
96372,19
96373,28
96374,2
96375,39
96376,37
96377,28
96378,7
96379,31
96380,55
96381,23
96382,39
96383,4
96384,8
96385,7
96386,40
96387,25
96388,6
96389,4
96390,55
96391,40
96392,1
96393,1
96394,40
96395,49
96396,9
96397,1
96398,0
96399,28
96400,24
96401,0
96402,30
96403,6
96404,9
96405,9
96406,7
96407,37
96408,29
96409,3
96410,24
96411,18
96412,43
96413,24
96414,4
96415,40
96416,8
96417,43
96418,0
96419,7
96420,11
96421,49
96422,58
96423,6
96424,7
96425,6
96426,5
96427,55
96428,5
96429,9
96430,28
96431,28
96432,1
96433,7
96434,2
96435,39
96436,20
96437,7
96438,24
96439,0
96440,34
96441,25
96442,6
96443,13
96444,31
96445,7
96446,15
96447,52
96448,4
96449,7
96450,1
96451,28
96452,3
96453,1
96454,58
96455,2
96456,1
96457,7
96458,4
96459,24
96460,28
96461,30
96462,4
96463,4
96464,28
96465,2
96466,1
96467,13
96468,24
96469,37
96470,8
96471,55
96472,15
96473,3
96474,24
96475,55
96476,42
96477,6
96478,34
96479,30
96480,36
96481,57
96482,34
96483,6
96484,2
96485,35
96486,36
96487,2
96488,3
96489,24
96490,1
96491,6
96492,40
96493,5
96494,40
96495,40
96496,5
96497,0
96498,13
96499,1
96500,43
96501,28
96502,8
96503,7
96504,40
96505,0
96506,3
96507,2
96508,0
96509,3
96510,45
96511,3
96512,30
96513,0
96514,3
96515,53
96516,5
96517,6
96518,2
96519,18
96520,21
96521,47
96522,24
96523,0
96524,12
96525,7
96526,40
96527,24
96528,8
96529,1
96530,9
96531,6
96532,53
96533,7
96534,9
96535,4
96536,30
96537,7
96538,47
96539,3
96540,40
96541,1
96542,46
96543,36
96544,30
96545,5
96546,30
96547,55
96548,25
96549,28
96550,5
96551,21
96552,53
96553,6
96554,40
96555,16
96556,31
96557,1
96558,7
96559,22
96560,27
96561,3
96562,7
96563,5
96564,1
96565,9
96566,49
96567,7
96568,49
96569,12
96570,5
96571,9
96572,5
96573,40
96574,4
96575,49
96576,55
96577,19
96578,18
96579,6
96580,5
96581,37
96582,0
96583,3
96584,9
96585,3
96586,2
96587,13
96588,11
96589,1
96590,6
96591,2
96592,0
96593,12
96594,4
96595,55
96596,9
96597,18
96598,8
96599,5
96600,4
96601,7
96602,51
96603,14
96604,0
96605,19
96606,3
96607,4
96608,1
96609,5
96610,19
96611,39
96612,21
96613,39
96614,6
96615,26
96616,20
96617,6
96618,15
96619,19
96620,1
96621,6
96622,5
96623,7
96624,2
96625,49
96626,29
96627,53
96628,26
96629,40
96630,11
96631,55
96632,9
96633,12
96634,1
96635,5
96636,40
96637,2
96638,39
96639,10
96640,27
96641,55
96642,36
96643,1
96644,1
96645,29
96646,29
96647,24
96648,12
96649,0
96650,8
96651,36
96652,24
96653,24
96654,6
96655,15
96656,27
96657,31
96658,6
96659,25
96660,13
96661,34
96662,12
96663,3
96664,28
96665,7
96666,22
96667,2
96668,12
96669,53
96670,47
96671,4
96672,39
96673,1
96674,2
96675,30
96676,4
96677,4
96678,4
96679,14
96680,28
96681,7
96682,49
96683,0
96684,28
96685,30
96686,5
96687,3
96688,1
96689,23
96690,28
96691,55
96692,28
96693,12
96694,29
96695,6
96696,40
96697,21
96698,25
96699,49
96700,5
96701,2
96702,5
96703,9
96704,4
96705,27
96706,8
96707,7
96708,28
96709,24
96710,1
96711,53
96712,8
96713,2
96714,9
96715,7
96716,8
96717,3
96718,2
96719,21
96720,3
96721,32
96722,32
96723,7
96724,8
96725,24
96726,6
96727,29
96728,4
96729,28
96730,42
96731,3
96732,1
96733,40
96734,6
96735,8
96736,6
96737,39
96738,6
96739,3
96740,9
96741,10
96742,8
96743,24
96744,43
96745,35
96746,17
96747,7
96748,0
96749,3
96750,52
96751,43
96752,7
96753,32
96754,34
96755,3
96756,9
96757,7
96758,1
96759,40
96760,9
96761,7
96762,0
96763,7
96764,2
96765,44
96766,37
96767,8
96768,29
96769,2
96770,39
96771,28
96772,25
96773,5
96774,2
96775,28
96776,24
96777,1
96778,0
96779,6
96780,4
96781,7
96782,3
96783,2
96784,28
96785,7
96786,2
96787,4
96788,24
96789,1
96790,18
96791,43
96792,8
96793,5
96794,6
96795,0
96796,32
96797,49
96798,15
96799,18
96800,22
96801,22
96802,11
96803,30
96804,28
96805,5
96806,19
96807,2
96808,7
96809,6
96810,18
96811,5
96812,22
96813,14
96814,1
96815,7
96816,55
96817,14
96818,55
96819,6
96820,28
96821,1
96822,29
96823,4
96824,7
96825,1
96826,22
96827,18
96828,47
96829,8
96830,2
96831,49
96832,4
96833,6
96834,52
96835,61
96836,8
96837,40
96838,2
96839,8
96840,1
96841,49
96842,23
96843,4
96844,24
96845,29
96846,5
96847,2
96848,41
96849,55
96850,11
96851,59
96852,12
96853,7
96854,0
96855,3
96856,14
96857,6
96858,18
96859,18
96860,53
96861,1
96862,5
96863,24
96864,25
96865,6
96866,6
96867,7
96868,2
96869,30
96870,58
96871,30
96872,2
96873,8
96874,7
96875,28
96876,29
96877,23
96878,26
96879,5
96880,40
96881,21
96882,22
96883,6
96884,28
96885,15
96886,2
96887,5
96888,4
96889,52
96890,53
96891,40
96892,4
96893,2
96894,28
96895,1
96896,47
96897,22
96898,55
96899,4
96900,39
96901,25
96902,14
96903,35
96904,8
96905,12
96906,55
96907,3
96908,29
96909,28
96910,16
96911,9
96912,8
96913,12
96914,53
96915,13
96916,12
96917,15
96918,43
96919,7
96920,28
96921,24
96922,24
96923,8
96924,24
96925,55
96926,6
96927,18
96928,2
96929,0
96930,2
96931,7
96932,27
96933,24
96934,1
96935,9
96936,37
96937,2
96938,40
96939,5
96940,8
96941,10
96942,40
96943,0
96944,22
96945,12
96946,19
96947,13
96948,5
96949,1
96950,24
96951,22
96952,56
96953,6
96954,24
96955,37
96956,4
96957,61
96958,7
96959,4
96960,43
96961,6
96962,24
96963,47
96964,24
96965,49
96966,2
96967,6
96968,8
96969,8
96970,8
96971,55
96972,3
96973,18
96974,55
96975,5
96976,32
96977,39
96978,2
96979,7
96980,5
96981,0
96982,6
96983,9
96984,49
96985,6
96986,53
96987,3
96988,28
96989,4
96990,7
96991,1
96992,3
96993,2
96994,3
96995,7
96996,35
96997,1
96998,7
96999,1
97000,1
97001,15
97002,53
97003,8
97004,24
97005,22
97006,55
97007,7
97008,55
97009,13
97010,25
97011,53
97012,34
97013,23
97014,9
97015,6
97016,53
97017,8
97018,8
97019,7
97020,4
97021,4
97022,24
97023,10
97024,6
97025,55
97026,4
97027,40
97028,26
97029,1
97030,55
97031,8
97032,22
97033,24
97034,25
97035,2
97036,49
97037,59
97038,8
97039,2
97040,40
97041,8
97042,37
97043,6
97044,5
97045,2
97046,9
97047,11
97048,5
97049,3
97050,4
97051,29
97052,49
97053,13
97054,0
97055,9
97056,31
97057,8
97058,0
97059,18
97060,53
97061,16
97062,4
97063,1
97064,6
97065,8
97066,2
97067,22
97068,32
97069,1
97070,34
97071,6
97072,7
97073,1
97074,28
97075,55
97076,61
97077,9
97078,30
97079,7
97080,29
97081,30
97082,8
97083,40
97084,8
97085,55
97086,4
97087,27
97088,8
97089,24
97090,14
97091,43
97092,24
97093,55
97094,58
97095,29
97096,34
97097,24
97098,7
97099,2
97100,3
97101,5
97102,6
97103,32
97104,0
97105,8
97106,5
97107,3
97108,2
97109,4
97110,40
97111,9
97112,4
97113,16
97114,0
97115,7
97116,39
97117,55
97118,40
97119,9
97120,1
97121,8
97122,14
97123,40
97124,40
97125,6
97126,3
97127,4
97128,29
97129,32
97130,24
97131,22
97132,36
97133,24
97134,11
97135,18
97136,3
97137,40
97138,0
97139,0
97140,18
97141,24
97142,7
97143,10
97144,2
97145,27
97146,3
97147,21
97148,0
97149,15
97150,2
97151,8
97152,37
97153,36
97154,12
97155,1
97156,7
97157,55
97158,18
97159,39
97160,5
97161,23
97162,53
97163,0
97164,3
97165,25
97166,47
97167,6
97168,7
97169,0
97170,12
97171,23
97172,3
97173,31
97174,7
97175,47
97176,40
97177,8
97178,28
97179,24
97180,14
97181,2
97182,31
97183,8
97184,3
97185,9
97186,9
97187,17
97188,49
97189,2
97190,22
97191,32
97192,3
97193,6
97194,22
97195,19
97196,32
97197,30
97198,11
97199,9
97200,0
97201,37
97202,55
97203,1
97204,0
97205,0
97206,34
97207,4
97208,1
97209,40
97210,15
97211,22
97212,4
97213,19
97214,28
97215,40
97216,27
97217,8
97218,24
97219,16
97220,5
97221,40
97222,30
97223,29
97224,24
97225,36
97226,12
97227,40
97228,1
97229,4
97230,55
97231,29
97232,36
97233,32
97234,40
97235,6
97236,5
97237,15
97238,36
97239,3
97240,4
97241,6
97242,24
97243,2
97244,9
97245,26
97246,36
97247,5
97248,40
97249,7
97250,10
97251,6
97252,2
97253,6
97254,5
97255,8
97256,4
97257,2
97258,4
97259,6
97260,0
97261,42
97262,53
97263,28
97264,14
97265,36
97266,8
97267,0
97268,3
97269,6
97270,15
97271,55
97272,4
97273,7
97274,37
97275,0
97276,47
97277,0
97278,1
97279,9
97280,4
97281,19
97282,0
97283,9
97284,59
97285,40
97286,25
97287,4
97288,1
97289,2
97290,4
97291,5
97292,37
97293,1
97294,8
97295,24
97296,28
97297,9
97298,9
97299,36
97300,1
97301,25
97302,20
97303,56
97304,7
97305,39
97306,40
97307,31
97308,1
97309,2
97310,3
97311,22
97312,9
97313,7
97314,2
97315,18
97316,39
97317,15
97318,30
97319,2
97320,6
97321,2
97322,29
97323,1
97324,14
97325,7
97326,1
97327,10
97328,0
97329,9
97330,10
97331,4
97332,28
97333,5
97334,0
97335,53
97336,5
97337,53
97338,0
97339,55
97340,9
97341,3
97342,29
97343,28
97344,24
97345,9
97346,2
97347,0
97348,31
97349,4
97350,1
97351,40
97352,11
97353,9
97354,6
97355,21
97356,55
97357,29
97358,8
97359,43
97360,0
97361,43
97362,7
97363,31
97364,46
97365,9
97366,9
97367,53
97368,7
97369,9
97370,0
97371,0
97372,8
97373,6
97374,1
97375,49
97376,53
97377,6
97378,28
97379,8
97380,0
97381,29
97382,9
97383,1
97384,9
97385,8
97386,6
97387,9
97388,3
97389,0
97390,5
97391,9
97392,6
97393,30
97394,0
97395,37
97396,3
97397,6
97398,12
97399,30
97400,7
97401,3
97402,1
97403,45
97404,8
97405,6
97406,4
97407,0
97408,24
97409,3
97410,46
97411,49
97412,6
97413,24
97414,58
97415,4
97416,6
97417,55
97418,55
97419,28
97420,39
97421,18
97422,46
97423,10
97424,11
97425,7
97426,25
97427,14
97428,24
97429,53
97430,1
97431,34
97432,3
97433,23
97434,19
97435,29
97436,9
97437,34
97438,2
97439,6
97440,14
97441,12
97442,22
97443,34
97444,7
97445,55
97446,4
97447,31
97448,9
97449,5
97450,3
97451,59
97452,4
97453,22
97454,0
97455,36
97456,43
97457,3
97458,28
97459,0
97460,6
97461,7
97462,30
97463,1
97464,2
97465,61
97466,25
97467,40
97468,8
97469,28
97470,30
97471,6
97472,31
97473,37
97474,7
97475,11
97476,3
97477,6
97478,6
97479,12
97480,27
97481,1
97482,3
97483,3
97484,20
97485,30
97486,19
97487,8
97488,28
97489,47
97490,2
97491,6
97492,4
97493,11
97494,9
97495,24
97496,18
97497,49
97498,9
97499,0
97500,25
97501,2
97502,39
97503,32
97504,3
97505,40
97506,7
97507,53
97508,28
97509,7
97510,47
97511,16
97512,6
97513,23
97514,36
97515,53
97516,1
97517,55
97518,1
97519,28
97520,8
97521,3
97522,53
97523,7
97524,25
97525,58
97526,31
97527,2
97528,4
97529,9
97530,40
97531,16
97532,33
97533,40
97534,22
97535,8
97536,28
97537,24
97538,14
97539,32
97540,36
97541,40
97542,57
97543,0
97544,1
97545,28
97546,9
97547,5
97548,5
97549,37
97550,6
97551,34
97552,33
97553,30
97554,1
97555,2
97556,0
97557,4
97558,5
97559,34
97560,4
97561,15
97562,1
97563,5
97564,20
97565,40
97566,28
97567,6
97568,61
97569,3
97570,43
97571,5
97572,4
97573,6
97574,41
97575,31
97576,2
97577,59
97578,7
97579,55
97580,9
97581,7
97582,15
97583,40
97584,4
97585,3
97586,0
97587,55
97588,36
97589,31
97590,30
97591,3
97592,9
97593,24
97594,59
97595,3
97596,15
97597,53
97598,1
97599,0
97600,0
97601,30
97602,30
97603,29
97604,8
97605,12
97606,8
97607,6
97608,40
97609,2
97610,49
97611,37
97612,5
97613,1
97614,5
97615,34
97616,6
97617,35
97618,5
97619,53
97620,22
97621,28
97622,8
97623,8
97624,0
97625,9
97626,1
97627,3
97628,5
97629,4
97630,3
97631,8
97632,18
97633,30
97634,37
97635,25
97636,7
97637,1
97638,36
97639,0
97640,47
97641,0
97642,8
97643,53
97644,9
97645,4
97646,6
97647,0
97648,8
97649,7
97650,24
97651,4
97652,47
97653,30
97654,32
97655,2
97656,1
97657,18
97658,24
97659,12
97660,11
97661,24
97662,47
97663,55
97664,8
97665,1
97666,4
97667,3
97668,3
97669,31
97670,4
97671,4
97672,59
97673,4
97674,4
97675,3
97676,29
97677,36
97678,0
97679,9
97680,3
97681,9
97682,30
97683,47
97684,5
97685,23
97686,43
97687,1
97688,8
97689,28
97690,9
97691,40
97692,6
97693,3
97694,30
97695,2
97696,22
97697,25
97698,39
97699,31
97700,9
97701,23
97702,30
97703,1
97704,1
97705,0
97706,18
97707,1
97708,40
97709,1
97710,24
97711,1
97712,40
97713,3
97714,2
97715,5
97716,0
97717,2
97718,0
97719,9
97720,36
97721,7
97722,36
97723,6
97724,0
97725,0
97726,9
97727,5
97728,59
97729,30
97730,13
97731,43
97732,28
97733,22
97734,9
97735,28
97736,25
97737,15
97738,4
97739,0
97740,5
97741,1
97742,3
97743,36
97744,1
97745,12
97746,3
97747,9
97748,6
97749,1
97750,20
97751,0
97752,53
97753,8
97754,40
97755,28
97756,45
97757,0
97758,9
97759,12
97760,9
97761,1
97762,8
97763,1
97764,6
97765,49
97766,30
97767,1
97768,8
97769,28
97770,3
97771,7
97772,43
97773,7
97774,8
97775,30
97776,25
97777,30
97778,40
97779,1
97780,9
97781,6
97782,6
97783,2
97784,22
97785,5
97786,52
97787,11
97788,7
97789,28
97790,6
97791,49
97792,2
97793,3
97794,2
97795,29
97796,55
97797,30
97798,5
97799,2
97800,20
97801,43
97802,12
97803,25
97804,2
97805,24
97806,22
97807,23
97808,7
97809,1
97810,42
97811,14
97812,55
97813,8
97814,9
97815,28
97816,9
97817,9
97818,40
97819,6
97820,3
97821,2
97822,18
97823,19
97824,8
97825,4
97826,18
97827,6
97828,7
97829,7
97830,6
97831,0
97832,23
97833,26
97834,1
97835,0
97836,6
97837,28
97838,0
97839,8
97840,39
97841,6
97842,2
97843,1
97844,19
97845,5
97846,55
97847,43
97848,3
97849,49
97850,4
97851,8
97852,0
97853,3
97854,12
97855,22
97856,9
97857,15
97858,4
97859,16
97860,28
97861,49
97862,10
97863,22
97864,1
97865,12
97866,8
97867,40
97868,43
97869,28
97870,28
97871,16
97872,4
97873,9
97874,25
97875,8
97876,32
97877,40
97878,17
97879,4
97880,37
97881,15
97882,9
97883,30
97884,2
97885,13
97886,15
97887,27
97888,5
97889,49
97890,9
97891,39
97892,1
97893,7
97894,12
97895,30
97896,2
97897,40
97898,1
97899,4
97900,28
97901,10
97902,8
97903,24
97904,5
97905,8
97906,14
97907,32
97908,53
97909,4
97910,8
97911,11
97912,7
97913,9
97914,39
97915,0
97916,18
97917,5
97918,8
97919,10
97920,37
97921,0
97922,3
97923,23
97924,23
97925,3
97926,24
97927,2
97928,7
97929,24
97930,13
97931,1
97932,36
97933,0
97934,28
97935,28
97936,29
97937,8
97938,28
97939,19
97940,37
97941,36
97942,40
97943,9
97944,1
97945,1
97946,2
97947,3
97948,33
97949,46
97950,35
97951,31
97952,58
97953,1
97954,40
97955,1
97956,24
97957,2
97958,25
97959,40
97960,6
97961,40
97962,40
97963,11
97964,42
97965,0
97966,9
97967,6
97968,55
97969,6
97970,1
97971,5
97972,3
97973,5
97974,0
97975,47
97976,9
97977,8
97978,24
97979,5
97980,28
97981,26
97982,7
97983,5
97984,24
97985,2
97986,1
97987,6
97988,1
97989,44
97990,4
97991,9
97992,8
97993,46
97994,0
97995,40
97996,8
97997,1
97998,6
97999,2
98000,8
98001,7
98002,59
98003,1
98004,6
98005,23
98006,33
98007,46
98008,25
98009,39
98010,15
98011,21
98012,55
98013,8
98014,8
98015,9
98016,0
98017,7
98018,9
98019,39
98020,0
98021,4
98022,1
98023,0
98024,1
98025,15
98026,0
98027,12
98028,55
98029,8
98030,28
98031,1
98032,7
98033,8
98034,19
98035,7
98036,8
98037,53
98038,29
98039,22
98040,53
98041,6
98042,25
98043,3
98044,36
98045,26
98046,40
98047,2
98048,34
98049,5
98050,14
98051,39
98052,8
98053,49
98054,3
98055,8
98056,22
98057,22
98058,7
98059,24
98060,6
98061,6
98062,5
98063,6
98064,2
98065,1
98066,53
98067,53
98068,27
98069,39
98070,3
98071,30
98072,3
98073,0
98074,28
98075,6
98076,16
98077,28
98078,0
98079,39
98080,3
98081,2
98082,7
98083,1
98084,55
98085,27
98086,2
98087,1
98088,47
98089,9
98090,28
98091,35
98092,8
98093,36
98094,0
98095,9
98096,2
98097,45
98098,7
98099,47
98100,59
98101,28
98102,4
98103,5
98104,6
98105,8
98106,0
98107,3
98108,39
98109,28
98110,29
98111,4
98112,1
98113,7
98114,1
98115,24
98116,8
98117,55
98118,2
98119,9
98120,8
98121,5
98122,5
98123,39
98124,55
98125,27
98126,0
98127,6
98128,8
98129,24
98130,0
98131,53
98132,9
98133,34
98134,8
98135,4
98136,23
98137,0
98138,9
98139,9
98140,8
98141,4
98142,15
98143,31
98144,5
98145,12
98146,1
98147,4
98148,1
98149,2
98150,12
98151,7
98152,40
98153,24
98154,8
98155,61
98156,28
98157,53
98158,3
98159,28
98160,7
98161,43
98162,4
98163,16
98164,28
98165,2
98166,1
98167,30
98168,5
98169,0
98170,22
98171,24
98172,7
98173,3
98174,7
98175,32
98176,12
98177,6
98178,1
98179,2
98180,0
98181,0
98182,1
98183,0
98184,0
98185,22
98186,55
98187,28
98188,6
98189,6
98190,9
98191,55
98192,30
98193,28
98194,30
98195,41
98196,5
98197,8
98198,5
98199,15
98200,30
98201,3
98202,4
98203,29
98204,53
98205,3
98206,32
98207,28
98208,40
98209,9
98210,6
98211,3
98212,24
98213,1
98214,12
98215,7
98216,1
98217,18
98218,3
98219,22
98220,9
98221,9
98222,8
98223,36
98224,2
98225,15
98226,15
98227,22
98228,6
98229,2
98230,4
98231,28
98232,2
98233,34
98234,1
98235,40
98236,6
98237,58
98238,8
98239,31
98240,1
98241,25
98242,17
98243,7
98244,21
98245,55
98246,33
98247,40
98248,5
98249,1
98250,29
98251,1
98252,5
98253,9
98254,35
98255,10
98256,1
98257,0
98258,4
98259,9
98260,24
98261,55
98262,29
98263,40
98264,1
98265,6
98266,1
98267,40
98268,4
98269,24
98270,24
98271,28
98272,8
98273,5
98274,5
98275,12
98276,3
98277,5
98278,46
98279,30
98280,3
98281,6
98282,1
98283,40
98284,53
98285,30
98286,7
98287,27
98288,10
98289,8
98290,12
98291,9
98292,43
98293,0
98294,18
98295,9
98296,18
98297,9
98298,8
98299,1
98300,0
98301,9
98302,24
98303,5
98304,30
98305,28
98306,1
98307,9
98308,26
98309,5
98310,52
98311,7
98312,31
98313,20
98314,8
98315,53
98316,11
98317,49
98318,55
98319,8
98320,5
98321,40
98322,6
98323,2
98324,29
98325,49
98326,7
98327,28
98328,0
98329,1
98330,0
98331,24
98332,9
98333,7
98334,8
98335,4
98336,11
98337,24
98338,14
98339,15
98340,7
98341,10
98342,36
98343,7
98344,3
98345,55
98346,49
98347,53
98348,4
98349,28
98350,12
98351,31
98352,2
98353,2
98354,4
98355,55
98356,8
98357,1
98358,28
98359,17
98360,4
98361,9
98362,7
98363,9
98364,1
98365,49
98366,12
98367,55
98368,30
98369,1
98370,1
98371,14
98372,31
98373,36
98374,0
98375,36
98376,18
98377,3
98378,3
98379,15
98380,8
98381,40
98382,4
98383,0
98384,10
98385,9
98386,28
98387,36
98388,8
98389,6
98390,5
98391,9
98392,5
98393,1
98394,7
98395,10
98396,7
98397,22
98398,3
98399,1
98400,2
98401,37
98402,39
98403,0
98404,59
98405,2
98406,0
98407,8
98408,28
98409,3
98410,30
98411,4
98412,55
98413,9
98414,36
98415,21
98416,42
98417,6
98418,28
98419,6
98420,8
98421,17
98422,1
98423,29
98424,8
98425,1
98426,49
98427,28
98428,49
98429,36
98430,9
98431,53
98432,4
98433,4
98434,11
98435,15
98436,55
98437,36
98438,43
98439,43
98440,40
98441,3
98442,25
98443,4
98444,40
98445,29
98446,6
98447,29
98448,40
98449,47
98450,0
98451,2
98452,6
98453,16
98454,23
98455,9
98456,7
98457,8
98458,30
98459,40
98460,40
98461,47
98462,53
98463,55
98464,22
98465,2
98466,23
98467,25
98468,3
98469,12
98470,2
98471,34
98472,3
98473,43
98474,49
98475,25
98476,0
98477,7
98478,0
98479,22
98480,24
98481,6
98482,49
98483,9
98484,36
98485,10
98486,34
98487,6
98488,7
98489,2
98490,0
98491,2
98492,1
98493,28
98494,22
98495,2
98496,9
98497,55
98498,8
98499,15
98500,23
98501,29
98502,59
98503,24
98504,5
98505,5
98506,8
98507,23
98508,32
98509,0
98510,12
98511,35
98512,18
98513,3
98514,30
98515,49
98516,8
98517,9
98518,24
98519,19
98520,2
98521,3
98522,3
98523,5
98524,36
98525,0
98526,7
98527,2
98528,24
98529,30
98530,40
98531,5
98532,24
98533,18
98534,9
98535,2
98536,36
98537,13
98538,7
98539,49
98540,53
98541,1
98542,5
98543,6
98544,40
98545,21
98546,19
98547,18
98548,0
98549,5
98550,7
98551,40
98552,30
98553,36
98554,7
98555,4
98556,40
98557,1
98558,24
98559,53
98560,1
98561,1
98562,3
98563,39
98564,3
98565,36
98566,21
98567,2
98568,2
98569,52
98570,0
98571,4
98572,23
98573,9
98574,1
98575,9
98576,23
98577,28
98578,0
98579,9
98580,4
98581,22
98582,43
98583,6
98584,23
98585,5
98586,0
98587,40
98588,6
98589,36
98590,27
98591,2
98592,11
98593,0
98594,3
98595,0
98596,18
98597,49
98598,4
98599,24
98600,2
98601,5
98602,33
98603,5
98604,9
98605,4
98606,0
98607,5
98608,59
98609,7
98610,15
98611,12
98612,8
98613,30
98614,30
98615,40
98616,2
98617,3
98618,6
98619,8
98620,7
98621,59
98622,8
98623,6
98624,17
98625,6
98626,29
98627,0
98628,0
98629,1
98630,40
98631,1
98632,11
98633,0
98634,6
98635,8
98636,6
98637,55
98638,28
98639,16
98640,8
98641,1
98642,24
98643,7
98644,5
98645,2
98646,18
98647,40
98648,7
98649,4
98650,53
98651,12
98652,23
98653,7
98654,36
98655,7
98656,0
98657,12
98658,35
98659,28
98660,1
98661,1
98662,36
98663,14
98664,49
98665,36
98666,7
98667,30
98668,28
98669,3
98670,3
98671,0
98672,28
98673,0
98674,35
98675,6
98676,40
98677,1
98678,37
98679,5
98680,12
98681,4
98682,8
98683,4
98684,0
98685,5
98686,22
98687,1
98688,24
98689,30
98690,40
98691,42
98692,22
98693,25
98694,55
98695,11
98696,28
98697,25
98698,30
98699,9
98700,53
98701,4
98702,6
98703,1
98704,1
98705,37
98706,8
98707,5
98708,7
98709,2
98710,8
98711,5
98712,3
98713,3
98714,12
98715,2
98716,25
98717,28
98718,35
98719,3
98720,22
98721,1
98722,7
98723,27
98724,9
98725,10
98726,8
98727,24
98728,31
98729,0
98730,9
98731,8
98732,12
98733,60
98734,35
98735,1
98736,1
98737,28
98738,25
98739,30
98740,8
98741,55
98742,28
98743,9
98744,25
98745,5
98746,53
98747,59
98748,10
98749,30
98750,22
98751,30
98752,14
98753,53
98754,3
98755,24
98756,53
98757,2
98758,4
98759,28
98760,33
98761,55
98762,5
98763,2
98764,5
98765,8
98766,25
98767,0
98768,14
98769,8
98770,1
98771,0
98772,2
98773,28
98774,4
98775,0
98776,7
98777,2
98778,28
98779,1
98780,9
98781,12
98782,2
98783,5
98784,40
98785,4
98786,53
98787,24
98788,5
98789,2
98790,24
98791,21
98792,2
98793,40
98794,12
98795,1
98796,39
98797,2
98798,8
98799,9
98800,2
98801,5
98802,9
98803,58
98804,0
98805,23
98806,36
98807,28
98808,7
98809,12
98810,30
98811,7
98812,18
98813,55
98814,7
98815,46
98816,4
98817,7
98818,55
98819,7
98820,5
98821,49
98822,22
98823,0
98824,2
98825,24
98826,12
98827,8
98828,0
98829,7
98830,9
98831,9
98832,8
98833,53
98834,18
98835,30
98836,13
98837,1
98838,30
98839,0
98840,4
98841,16
98842,8
98843,4
98844,53
98845,12
98846,2
98847,9
98848,0
98849,22
98850,1
98851,4
98852,24
98853,0
98854,6
98855,21
98856,6
98857,25
98858,2
98859,3
98860,0
98861,40
98862,7
98863,53
98864,24
98865,1
98866,30
98867,2
98868,8
98869,0
98870,23
98871,18
98872,1
98873,5
98874,24
98875,39
98876,3
98877,9
98878,24
98879,59
98880,9
98881,16
98882,24
98883,9
98884,26
98885,0
98886,0
98887,7
98888,13
98889,30
98890,13
98891,6
98892,36
98893,14
98894,8
98895,5
98896,43
98897,7
98898,7
98899,1
98900,1
98901,24
98902,40
98903,13
98904,2
98905,2
98906,46
98907,6
98908,7
98909,1
98910,40
98911,53
98912,1
98913,25
98914,34
98915,0
98916,6
98917,1
98918,9
98919,23
98920,8
98921,24
98922,59
98923,0
98924,55
98925,4
98926,3
98927,32
98928,34
98929,55
98930,6
98931,52
98932,3
98933,0
98934,43
98935,34
98936,0
98937,5
98938,53
98939,14
98940,23
98941,4
98942,55
98943,3
98944,9
98945,1
98946,2
98947,30
98948,22
98949,22
98950,26
98951,4
98952,1
98953,10
98954,0
98955,3
98956,8
98957,12
98958,46
98959,9
98960,24
98961,5
98962,23
98963,3
98964,8
98965,9
98966,34
98967,23
98968,18
98969,61
98970,0
98971,4
98972,2
98973,4
98974,2
98975,23
98976,1
98977,55
98978,1
98979,31
98980,22
98981,43
98982,0
98983,4
98984,2
98985,14
98986,39
98987,53
98988,8
98989,9
98990,40
98991,7
98992,3
98993,2
98994,1
98995,22
98996,3
98997,20
98998,25
98999,4
99000,53
99001,53
99002,53
99003,2
99004,53
99005,32
99006,27
99007,9
99008,7
99009,22
99010,55
99011,0
99012,1
99013,3
99014,40
99015,55
99016,1
99017,40
99018,7
99019,55
99020,7
99021,9
99022,3
99023,0
99024,1
99025,15
99026,5
99027,2
99028,2
99029,8
99030,21
99031,4
99032,1
99033,48
99034,35
99035,6
99036,23
99037,8
99038,2
99039,7
99040,0
99041,3
99042,19
99043,5
99044,14
99045,3
99046,4
99047,43
99048,36
99049,2
99050,23
99051,6
99052,1
99053,0
99054,28
99055,40
99056,7
99057,26
99058,1
99059,12
99060,24
99061,7
99062,3
99063,9
99064,5
99065,0
99066,8
99067,12
99068,1
99069,29
99070,9
99071,9
99072,9
99073,1
99074,14
99075,43
99076,7
99077,55
99078,49
99079,0
99080,1
99081,5
99082,28
99083,24
99084,9
99085,22
99086,0
99087,4
99088,4
99089,10
99090,9
99091,7
99092,16
99093,25
99094,61
99095,4
99096,15
99097,9
99098,0
99099,4
99100,25
99101,2
99102,53
99103,36
99104,40
99105,1
99106,2
99107,4
99108,58
99109,58
99110,40
99111,3
99112,47
99113,31
99114,40
99115,46
99116,0
99117,44
99118,7
99119,9
99120,40
99121,7
99122,26
99123,47
99124,28
99125,29
99126,51
99127,36
99128,19
99129,1
99130,28
99131,8
99132,7
99133,9
99134,6
99135,1
99136,15
99137,8
99138,0
99139,1
99140,2
99141,13
99142,10
99143,24
99144,6
99145,24
99146,40
99147,6
99148,46
99149,1
99150,1
99151,9
99152,0
99153,30
99154,0
99155,0
99156,37
99157,27
99158,12
99159,22
99160,49
99161,2
99162,4
99163,39
99164,52
99165,29
99166,34
99167,9
99168,6
99169,8
99170,18
99171,1
99172,9
99173,28
99174,37
99175,24
99176,1
99177,55
99178,6
99179,40
99180,4
99181,40
99182,7
99183,5
99184,55
99185,1
99186,4
99187,13
99188,4
99189,17
99190,1
99191,2
99192,39
99193,3
99194,25
99195,15
99196,3
99197,37
99198,0
99199,7
99200,6
99201,4
99202,39
99203,55
99204,0
99205,26
99206,9
99207,35
99208,1
99209,1
99210,55
99211,18
99212,52
99213,4
99214,24
99215,7
99216,36
99217,7
99218,30
99219,43
99220,31
99221,5
99222,13
99223,28
99224,0
99225,6
99226,1
99227,6
99228,12
99229,6
99230,26
99231,6
99232,9
99233,0
99234,9
99235,8
99236,6
99237,4
99238,4
99239,47
99240,28
99241,3
99242,1
99243,37
99244,1
99245,13
99246,12
99247,3
99248,23
99249,3
99250,25
99251,43
99252,0
99253,9
99254,2
99255,1
99256,7
99257,40
99258,8
99259,6
99260,13
99261,19
99262,2
99263,40
99264,37
99265,39
99266,2
99267,23
99268,22
99269,4
99270,1
99271,61
99272,28
99273,47
99274,29
99275,2
99276,9
99277,24
99278,40
99279,0
99280,53
99281,0
99282,1
99283,6
99284,40
99285,23
99286,30
99287,2
99288,5
99289,1
99290,27
99291,2
99292,0
99293,5
99294,18
99295,12
99296,10
99297,2
99298,1
99299,1
99300,2
99301,25
99302,30
99303,1
99304,29
99305,3
99306,4
99307,4
99308,7
99309,4
99310,22
99311,44
99312,28
99313,28
99314,5
99315,49
99316,32
99317,15
99318,39
99319,6
99320,8
99321,39
99322,9
99323,15
99324,9
99325,2
99326,2
99327,32
99328,3
99329,1
99330,8
99331,1
99332,5
99333,55
99334,7
99335,25
99336,0
99337,1
99338,27
99339,19
99340,20
99341,30
99342,8
99343,8
99344,40
99345,12
99346,0
99347,40
99348,9
99349,40
99350,2
99351,3
99352,8
99353,53
99354,40
99355,4
99356,2
99357,2
99358,1
99359,6
99360,49
99361,2
99362,1
99363,28
99364,4
99365,43
99366,2
99367,9
99368,0
99369,40
99370,6
99371,7
99372,39
99373,0
99374,7
99375,25
99376,5
99377,7
99378,23
99379,55
99380,30
99381,3
99382,9
99383,42
99384,40
99385,6
99386,12
99387,7
99388,18
99389,1
99390,0
99391,5
99392,15
99393,9
99394,36
99395,49
99396,7
99397,2
99398,9
99399,49
99400,15
99401,55
99402,7
99403,47
99404,6
99405,0
99406,46
99407,18
99408,2
99409,27
99410,3
99411,39
99412,1
99413,3
99414,2
99415,3
99416,6
99417,39
99418,3
99419,29
99420,31
99421,5
99422,7
99423,29
99424,22
99425,30
99426,3
99427,5
99428,6
99429,5
99430,20
99431,55
99432,28
99433,7
99434,60
99435,0
99436,3
99437,1
99438,44
99439,1
99440,7
99441,8
99442,1
99443,0
99444,53
99445,15
99446,9
99447,0
99448,1
99449,10
99450,9
99451,7
99452,1
99453,9
99454,2
99455,3
99456,6
99457,23
99458,53
99459,7
99460,1
99461,9
99462,40
99463,3
99464,9
99465,9
99466,2
99467,9
99468,9
99469,5
99470,0
99471,7
99472,34
99473,4
99474,6
99475,39
99476,7
99477,24
99478,17
99479,37
99480,15
99481,1
99482,10
99483,19
99484,3
99485,3
99486,7
99487,22
99488,8
99489,6
99490,28
99491,53
99492,28
99493,1
99494,28
99495,60
99496,4
99497,1
99498,40
99499,0
99500,0
99501,4
99502,40
99503,7
99504,12
99505,5
99506,15
99507,43
99508,3
99509,3
99510,5
99511,5
99512,3
99513,0
99514,7
99515,1
99516,40
99517,9
99518,5
99519,1
99520,3
99521,24
99522,24
99523,3
99524,15
99525,27
99526,3
99527,25
99528,24
99529,52
99530,28
99531,5
99532,36
99533,2
99534,25
99535,25
99536,55
99537,0
99538,34
99539,9
99540,34
99541,12
99542,37
99543,4
99544,8
99545,0
99546,5
99547,25
99548,3
99549,12
99550,0
99551,6
99552,40
99553,3
99554,30
99555,2
99556,14
99557,1
99558,2
99559,7
99560,28
99561,6
99562,3
99563,9
99564,58
99565,2
99566,55
99567,32
99568,3
99569,5
99570,1
99571,1
99572,40
99573,42
99574,49
99575,7
99576,30
99577,0
99578,15
99579,3
99580,53
99581,3
99582,36
99583,55
99584,30
99585,55
99586,21
99587,10
99588,36
99589,6
99590,7
99591,5
99592,7
99593,2
99594,8
99595,55
99596,0
99597,5
99598,4
99599,0
99600,8
99601,8
99602,8
99603,8
99604,53
99605,9
99606,2
99607,1
99608,55
99609,0
99610,12
99611,1
99612,4
99613,30
99614,9
99615,6
99616,9
99617,1
99618,7
99619,1
99620,4
99621,10
99622,4
99623,0
99624,1
99625,5
99626,3
99627,43
99628,40
99629,9
99630,28
99631,29
99632,0
99633,2
99634,1
99635,32
99636,6
99637,8
99638,9
99639,3
99640,22
99641,10
99642,6
99643,1
99644,4
99645,55
99646,9
99647,8
99648,14
99649,30
99650,4
99651,40
99652,8
99653,4
99654,43
99655,4
99656,2
99657,0
99658,30
99659,5
99660,59
99661,55
99662,21
99663,7
99664,9
99665,8
99666,8
99667,9
99668,3
99669,0
99670,0
99671,4
99672,39
99673,55
99674,9
99675,31
99676,24
99677,28
99678,9
99679,55
99680,30
99681,28
99682,6
99683,12
99684,27
99685,28
99686,32
99687,28
99688,4
99689,22
99690,53
99691,43
99692,2
99693,29
99694,28
99695,9
99696,23
99697,10
99698,0
99699,45
99700,7
99701,24
99702,30
99703,10
99704,18
99705,2
99706,8
99707,61
99708,3
99709,7
99710,2
99711,7
99712,5
99713,5
99714,1
99715,0
99716,44
99717,31
99718,3
99719,5
99720,30
99721,9
99722,42
99723,24
99724,9
99725,49
99726,0
99727,3
99728,2
99729,34
99730,9
99731,8
99732,0
99733,5
99734,1
99735,7
99736,9
99737,55
99738,49
99739,43
99740,40
99741,1
99742,24
99743,6
99744,15
99745,46
99746,35
99747,8
99748,31
99749,43
99750,31
99751,53
99752,14
99753,22
99754,7
99755,55
99756,28
99757,19
99758,3
99759,4
99760,4
99761,22
99762,39
99763,1
99764,4
99765,55
99766,53
99767,45
99768,36
99769,30
99770,0
99771,2
99772,0
99773,7
99774,31
99775,0
99776,1
99777,8
99778,0
99779,2
99780,30
99781,20
99782,25
99783,3
99784,29
99785,8
99786,9
99787,5
99788,7
99789,3
99790,30
99791,40
99792,10
99793,0
99794,11
99795,9
99796,25
99797,0
99798,7
99799,0
99800,25
99801,4
99802,39
99803,2
99804,2
99805,24
99806,40
99807,18
99808,1
99809,15
99810,1
99811,37
99812,3
99813,7
99814,7
99815,7
99816,2
99817,15
99818,3
99819,46
99820,1
99821,5
99822,16
99823,12
99824,3
99825,2
99826,23
99827,6
99828,5
99829,53
99830,1
99831,3
99832,1
99833,8
99834,5
99835,40
99836,49
99837,7
99838,11
99839,6
99840,1
99841,30
99842,9
99843,9
99844,12
99845,10
99846,28
99847,1
99848,4
99849,2
99850,0
99851,6
99852,7
99853,28
99854,1
99855,60
99856,11
99857,9
99858,25
99859,5
99860,0
99861,9
99862,15
99863,2
99864,1
99865,7
99866,49
99867,28
99868,7
99869,1
99870,24
99871,0
99872,5
99873,22
99874,18
99875,3
99876,25
99877,1
99878,1
99879,7
99880,8
99881,12
99882,4
99883,32
99884,1
99885,2
99886,29
99887,5
99888,0
99889,46
99890,6
99891,46
99892,17
99893,15
99894,39
99895,11
99896,7
99897,5
99898,10
99899,49
99900,4
99901,15
99902,5
99903,6
99904,0
99905,6
99906,34
99907,1
99908,1
99909,49
99910,2
99911,6
99912,9
99913,2
99914,22
99915,0
99916,9
99917,40
99918,0
99919,6
99920,9
99921,9
99922,6
99923,30
99924,4
99925,14
99926,23
99927,9
99928,8
99929,4
99930,1
99931,1
99932,4
99933,2
99934,9
99935,8
99936,7
99937,22
99938,53
99939,9
99940,55
99941,18
99942,11
99943,10
99944,43
99945,5
99946,5
99947,36
99948,0
99949,0
99950,22
99951,18
99952,9
99953,7
99954,9
99955,29
99956,30
99957,24
99958,61
99959,30
99960,31
99961,2
99962,3
99963,9
99964,49
99965,9
99966,9
99967,1
99968,0
99969,1
99970,7
99971,15
99972,1
99973,21
99974,4
99975,7
99976,29
99977,4
99978,4
99979,7
99980,1
99981,55
99982,47
99983,2
99984,53
99985,3
99986,21
99987,7
99988,24
99989,6
99990,9
99991,8
99992,30
99993,9
99994,9
99995,28
99996,1
99997,30
99998,23
99999,7
100000,8
100001,8
100002,40
100003,43
100004,36
100005,40
100006,49
100007,3
100008,0
100009,55
100010,4
100011,5
100012,2
100013,1
100014,0
100015,9
100016,30
100017,53
100018,55
100019,3
100020,43
100021,24
100022,40
100023,5
100024,4
100025,8
100026,9
100027,18
100028,7
100029,0
100030,4
100031,0
100032,55
100033,28
100034,2
100035,34
100036,0
100037,1
100038,9
100039,25
100040,33
100041,47
100042,3
100043,3
100044,28
100045,7
100046,43
100047,1
100048,6
100049,14
100050,13
100051,28
100052,49
100053,36
100054,12
100055,1
100056,6
100057,3
100058,8
100059,1
100060,39
100061,6
100062,5
100063,6
100064,2
100065,0
100066,8
100067,43
100068,4
100069,6
100070,10
100071,22
100072,22
100073,0
100074,10
100075,4
100076,7
100077,28
100078,0
100079,15
100080,1
100081,4
100082,1
100083,42
100084,28
100085,30
100086,18
100087,5
100088,28
100089,28
100090,55
100091,34
100092,3
100093,3
100094,43
100095,25
100096,52
100097,25
100098,15
100099,9
100100,5
100101,40
100102,9
100103,5
100104,1
100105,4
100106,0
100107,2
100108,19
100109,0
100110,55
100111,25
100112,49
100113,12
100114,0
100115,2
100116,37
100117,20
100118,2
100119,2
100120,6
100121,21
100122,11
100123,22
100124,14
100125,34
100126,5
100127,1
100128,7
100129,10
100130,18
100131,8
100132,23
100133,40
100134,1
100135,1
100136,4
100137,6
100138,3
100139,7
100140,28
100141,5
100142,7
100143,3
100144,2
100145,21
100146,32
100147,6
100148,12
100149,9
100150,6
100151,34
100152,1
100153,3
100154,6
100155,1
100156,15
100157,24
100158,28
100159,9
100160,5
100161,61
100162,22
100163,6
100164,7
100165,57
100166,29
100167,53
100168,7
100169,32
100170,29
100171,0
100172,1
100173,39
100174,13
100175,4
100176,40
100177,30
100178,2
100179,9
100180,17
100181,22
100182,22
100183,9
100184,26
100185,7
100186,53
100187,1
100188,34
100189,40
100190,19
100191,28
100192,25
100193,49
100194,17
100195,9
100196,6
100197,16
100198,9
100199,1
100200,20
100201,24
100202,8
100203,36
100204,10
100205,27
100206,46
100207,25
100208,0
100209,29
100210,40
100211,26
100212,36
100213,13
100214,28
100215,18
100216,7
100217,40
100218,40
100219,42
100220,7
100221,5
100222,40
100223,53
100224,2
100225,21
100226,8
100227,1
100228,4
100229,11
100230,3
100231,3
100232,20
100233,3
100234,0
100235,53
100236,28
100237,39
100238,10
100239,7
100240,32
100241,7
100242,7
100243,58
100244,3
100245,6
100246,1
100247,16
100248,7
100249,2
100250,3
100251,17
100252,5
100253,58
100254,5
100255,5
100256,33
100257,53
100258,13
100259,0
100260,39
100261,4
100262,55
100263,30
100264,40
100265,0
100266,8
100267,0
100268,9
100269,2
100270,6
100271,7
100272,2
100273,2
100274,1
100275,9
100276,23
100277,2
100278,9
100279,5
100280,24
100281,3
100282,8
100283,24
100284,4
100285,10
100286,24
100287,0
100288,9
100289,1
100290,0
100291,61
100292,22
100293,1
100294,1
100295,2
100296,22
100297,9
100298,3
100299,2
100300,9
100301,24
100302,3
100303,1
100304,7
100305,1
100306,0
100307,3
100308,3
100309,40
100310,0
100311,28
100312,0
100313,5
100314,25
100315,8
100316,2
100317,22
100318,32
100319,3
100320,9
100321,9
100322,9
100323,5
100324,40
100325,7
100326,55
100327,53
100328,15
100329,1
100330,39
100331,5
100332,32
100333,47
100334,47
100335,40
100336,7
100337,5
100338,24
100339,4
100340,33
100341,7
100342,55
100343,0
100344,24
100345,59
100346,5
100347,5
100348,2
100349,55
100350,59
100351,28
100352,6
100353,5
100354,2
100355,34
100356,35
100357,57
100358,2
100359,15
100360,4
100361,5
100362,19
100363,5
100364,1
100365,7
100366,0
100367,4
100368,53
100369,7
100370,21
100371,39
100372,6
100373,24
100374,24
100375,28
100376,4
100377,24
100378,17
100379,8
100380,10
100381,5
100382,1
100383,28
100384,4
100385,59
100386,10
100387,1
100388,55
100389,7
100390,3
100391,34
100392,1
100393,27
100394,55
100395,9
100396,27
100397,7
100398,43
100399,40
100400,57
100401,31
100402,3
100403,1
100404,9
100405,37
100406,29
100407,32
100408,1
100409,9
100410,24
100411,7
100412,28
100413,13
100414,0
100415,10
100416,3
100417,26
100418,6
100419,18
100420,8
100421,39
100422,19
100423,36
100424,24
100425,34
100426,1
100427,4
100428,55
100429,17
100430,40
100431,36
100432,47
100433,0
100434,25
100435,33
100436,3
100437,40
100438,7
100439,5
100440,4
100441,5
100442,30
100443,32
100444,12
100445,47
100446,1
100447,39
100448,7
100449,1
100450,42
100451,7
100452,30
100453,2
100454,22
100455,40
100456,2
100457,36
100458,8
100459,29
100460,9
100461,7
100462,40
100463,14
100464,8
100465,1
100466,6
100467,4
100468,24
100469,7
100470,23
100471,29
100472,53
100473,20
100474,1
100475,8
100476,49
100477,44
100478,30
100479,4
100480,3
100481,53
100482,49
100483,22
100484,1
100485,3
100486,12
100487,53
100488,36
100489,23
100490,43
100491,8
100492,38
100493,24
100494,8
100495,9
100496,23
100497,49
100498,9
100499,5
100500,3
100501,22
100502,4
100503,11
100504,16
100505,30
100506,43
100507,1
100508,24
100509,23
100510,0
100511,22
100512,1
100513,29
100514,4
100515,3
100516,53
100517,1
100518,5
100519,40
100520,6
100521,0
100522,33
100523,5
100524,4
100525,2
100526,8
100527,7
100528,9
100529,28
100530,0
100531,2
100532,6
100533,8
100534,9
100535,30
100536,55
100537,8
100538,9
100539,2
100540,6
100541,49
100542,28
100543,8
100544,15
100545,8
100546,9
100547,9
100548,3
100549,6
100550,55
100551,3
100552,6
100553,5
100554,10
100555,22
100556,7
100557,0
100558,1
100559,39
100560,9
100561,15
100562,1
100563,7
100564,15
100565,25
100566,1
100567,7
100568,22
100569,40
100570,30
100571,39
100572,9
100573,7
100574,30
100575,4
100576,1
100577,2
100578,9
100579,14
100580,24
100581,5
100582,14
100583,7
100584,33
100585,7
100586,47
100587,6
100588,39
100589,21
100590,60
100591,8
100592,40
100593,0
100594,58
100595,0
100596,39
100597,6
100598,1
100599,19
100600,5
100601,28
100602,5
100603,18
100604,8
100605,6
100606,6
100607,29
100608,0
100609,0
100610,55
100611,20
100612,11
100613,40
100614,25
100615,25
100616,23
100617,55
100618,9
100619,21
100620,61
100621,8
100622,61
100623,28
100624,9
100625,24
100626,7
100627,1
100628,3
100629,15
100630,40
100631,24
100632,20
100633,3
100634,7
100635,59
100636,40
100637,0
100638,7
100639,24
100640,26
100641,28
100642,8
100643,28
100644,5
100645,59
100646,0
100647,40
100648,7
100649,6
100650,25
100651,53
100652,43
100653,53
100654,2
100655,9
100656,40
100657,28
100658,5
100659,55
100660,34
100661,30
100662,39
100663,25
100664,18
100665,1
100666,2
100667,25
100668,58
100669,4
100670,2
100671,6
100672,53
100673,22
100674,6
100675,4
100676,40
100677,28
100678,23
100679,6
100680,24
100681,0
100682,40
100683,14
100684,24
100685,38
100686,8
100687,0
100688,14
100689,30
100690,31
100691,3
100692,2
100693,36
100694,6
100695,8
100696,3
100697,4
100698,0
100699,6
100700,55
100701,24
100702,24
100703,4
100704,7
100705,5
100706,28
100707,53
100708,28
100709,2
100710,29
100711,2
100712,9
100713,53
100714,2
100715,12
100716,8
100717,3
100718,8
100719,15
100720,0
100721,8
100722,55
100723,6
100724,8
100725,0
100726,9
100727,2
100728,9
100729,3
100730,22
100731,2
100732,32
100733,12
100734,40
100735,58
100736,3
100737,7
100738,18
100739,9
100740,9
100741,28
100742,28
100743,3
100744,12
100745,30
100746,49
100747,40
100748,21
100749,1
100750,4
100751,34
100752,22
100753,1
100754,55
100755,8
100756,5
100757,5
100758,0
100759,24
100760,12
100761,5
100762,53
100763,6
100764,2
100765,9
100766,25
100767,1
100768,7
100769,30
100770,49
100771,55
100772,39
100773,2
100774,24
100775,2
100776,6
100777,36
100778,28
100779,30
100780,2
100781,11
100782,40
100783,39
100784,8
100785,5
100786,1
100787,6
100788,32
100789,8
100790,7
100791,0
100792,46
100793,6
100794,30
100795,4
100796,40
100797,30
100798,11
100799,53
100800,12
100801,22
100802,40
100803,38
100804,1
100805,59
100806,2
100807,28
100808,8
100809,6
100810,6
100811,2
100812,9
100813,18
100814,3
100815,0
100816,2
100817,5
100818,7
100819,49
100820,49
100821,1
100822,22
100823,24
100824,11
100825,4
100826,18
100827,18
100828,40
100829,30
100830,47
100831,10
100832,5
100833,7
100834,2
100835,5
100836,1
100837,31
100838,3
100839,19
100840,30
100841,31
100842,6
100843,6
100844,7
100845,4
100846,49
100847,55
100848,29
100849,5
100850,37
100851,8
100852,55
100853,9
100854,9
100855,24
100856,0
100857,0
100858,3
100859,15
100860,42
100861,7
100862,6
100863,9
100864,1
100865,3
100866,0
100867,1
100868,12
100869,1
100870,22
100871,2
100872,9
100873,40
100874,35
100875,3
100876,0
100877,33
100878,28
100879,44
100880,55
100881,5
100882,1
100883,40
100884,31
100885,4
100886,24
100887,8
100888,10
100889,8
100890,36
100891,3
100892,9
100893,0
100894,28
100895,5
100896,0
100897,1
100898,29
100899,40
100900,19
100901,29
100902,6
100903,2
100904,1
100905,1
100906,9
100907,37
100908,1
100909,6
100910,2
100911,2
100912,5
100913,5
100914,7
100915,1
100916,12
100917,1
100918,1
100919,2
100920,53
100921,55
100922,11
100923,1
100924,1
100925,7
100926,24
100927,8
100928,18
100929,2
100930,53
100931,1
100932,34
100933,47
100934,8
100935,24
100936,14
100937,13
100938,40
100939,4
100940,8
100941,2
100942,12
100943,2
100944,25
100945,25
100946,30
100947,0
100948,55
100949,7
100950,22
100951,7
100952,37
100953,7
100954,29
100955,13
100956,8
100957,34
100958,26
100959,0
100960,1
100961,9
100962,14
100963,53
100964,18
100965,5
100966,2
100967,32
100968,7
100969,11
100970,40
100971,8
100972,8
100973,39
100974,28
100975,3
100976,1
100977,58
100978,31
100979,7
100980,5
100981,24
100982,4
100983,5
100984,1
100985,43
100986,7
100987,2
100988,10
100989,0
100990,19
100991,5
100992,56
100993,11
100994,1
100995,55
100996,6
100997,8
100998,6
100999,2
101000,30
101001,0
101002,0
101003,8
101004,18
101005,0
101006,6
101007,23
101008,30
101009,8
101010,24
101011,9
101012,59
101013,6
101014,9
101015,18
101016,3
101017,9
101018,49
101019,6
101020,12
101021,59
101022,40
101023,29
101024,12
101025,23
101026,6
101027,3
101028,7
101029,34
101030,12
101031,1
101032,21
101033,1
101034,36
101035,30
101036,9
101037,8
101038,40
101039,7
101040,4
101041,30
101042,53
101043,8
101044,33
101045,24
101046,32
101047,10
101048,11
101049,18
101050,1
101051,24
101052,3
101053,16
101054,3
101055,18
101056,1
101057,46
101058,36
101059,1
101060,23
101061,1
101062,8
101063,3
101064,3
101065,3
101066,28
101067,7
101068,12
101069,1
101070,5
101071,9
101072,9
101073,36
101074,46
101075,4
101076,47
101077,31
101078,30
101079,36
101080,6
101081,47
101082,49
101083,28
101084,6
101085,29
101086,49
101087,24
101088,24
101089,14
101090,0
101091,15
101092,1
101093,0
101094,0
101095,55
101096,14
101097,1
101098,25
101099,28
101100,33
101101,59
101102,25
101103,2
101104,6
101105,28
101106,21
101107,7
101108,2
101109,1
101110,39
101111,25
101112,1
101113,0
101114,6
101115,5
101116,1
101117,8
101118,5
101119,18
101120,1
101121,37
101122,49
101123,7
101124,31
101125,6
101126,35
101127,18
101128,22
101129,7
101130,25
101131,59
101132,4
101133,21
101134,23
101135,53
101136,40
101137,9
101138,28
101139,24
101140,0
101141,6
101142,3
101143,6
101144,40
101145,9
101146,3
101147,9
101148,6
101149,2
101150,2
101151,0
101152,6
101153,0
101154,32
101155,0
101156,36
101157,4
101158,3
101159,1
101160,1
101161,3
101162,3
101163,26
101164,0
101165,36
101166,5
101167,22
101168,8
101169,35
101170,28
101171,28
101172,24
101173,0
101174,28
101175,8
101176,23
101177,4
101178,1
101179,1
101180,25
101181,7
101182,49
101183,4
101184,29
101185,40
101186,45
101187,7
101188,5
101189,2
101190,7
101191,2
101192,2
101193,4
101194,33
101195,10
101196,1
101197,23
101198,28
101199,36
101200,19
101201,35
101202,1
101203,53
101204,5
101205,8
101206,6
101207,1
101208,3
101209,2
101210,2
101211,40
101212,4
101213,8
101214,27
101215,49
101216,0
101217,24
101218,8
101219,53
101220,16
101221,40
101222,28
101223,2
101224,27
101225,5
101226,6
101227,2
101228,30
101229,5
101230,28
101231,23
101232,0
101233,2
101234,6
101235,2
101236,53
101237,4
101238,2
101239,1
101240,15
101241,3
101242,49
101243,36
101244,24
101245,12
101246,3
101247,12
101248,2
101249,2
101250,17
101251,22
101252,10
101253,40
101254,49
101255,6
101256,8
101257,2
101258,2
101259,37
101260,60
101261,28
101262,24
101263,43
101264,0
101265,55
101266,49
101267,6
101268,6
101269,43
101270,8
101271,9
101272,24
101273,39
101274,4
101275,43
101276,36
101277,2
101278,12
101279,29
101280,7
101281,8
101282,53
101283,5
101284,0
101285,3
101286,3
101287,53
101288,31
101289,29
101290,15
101291,7
101292,0
101293,33
101294,28
101295,8
101296,55
101297,6
101298,7
101299,0
101300,2
101301,11
101302,24
101303,49
101304,15
101305,6
101306,2
101307,47
101308,1
101309,36
101310,49
101311,49
101312,7
101313,5
101314,28
101315,2
101316,40
101317,53
101318,49
101319,40
101320,12
101321,1
101322,55
101323,25
101324,6
101325,36
101326,5
101327,12
101328,3
101329,58
101330,26
101331,1
101332,52
101333,3
101334,28
101335,0
101336,3
101337,59
101338,13
101339,0
101340,6
101341,29
101342,23
101343,55
101344,4
101345,58
101346,24
101347,7
101348,4
101349,55
101350,34
101351,0
101352,29
101353,7
101354,37
101355,3
101356,55
101357,12
101358,11
101359,0
101360,58
101361,24
101362,53
101363,24
101364,24
101365,3
101366,53
101367,9
101368,2
101369,3
101370,36
101371,5
101372,9
101373,2
101374,0
101375,1
101376,22
101377,15
101378,24
101379,10
101380,2
101381,1
101382,24
101383,28
101384,10
101385,8
101386,15
101387,2
101388,9
101389,14
101390,1
101391,55
101392,0
101393,40
101394,12
101395,59
101396,3
101397,1
101398,25
101399,7
101400,12
101401,39
101402,43
101403,22
101404,3
101405,8
101406,3
101407,6
101408,40
101409,1
101410,5
101411,22
101412,9
101413,23
101414,5
101415,0
101416,4
101417,53
101418,9
101419,40
101420,14
101421,4
101422,8
101423,4
101424,8
101425,47
101426,9
101427,1
101428,18
101429,60
101430,0
101431,9
101432,43
101433,37
101434,21
101435,40
101436,3
101437,8
101438,22
101439,12
101440,2
101441,2
101442,27
101443,24
101444,39
101445,1
101446,1
101447,0
101448,14
101449,0
101450,0
101451,28
101452,13
101453,28
101454,9
101455,28
101456,24
101457,4
101458,3
101459,4
101460,5
101461,53
101462,5
101463,28
101464,40
101465,0
101466,0
101467,0
101468,0
101469,31
101470,8
101471,7
101472,9
101473,23
101474,43
101475,9
101476,27
101477,2
101478,5
101479,1
101480,2
101481,30
101482,39
101483,15
101484,30
101485,39
101486,3
101487,31
101488,5
101489,6
101490,7
101491,0
101492,7
101493,1
101494,3
101495,25
101496,1
101497,3
101498,12
101499,24
101500,52
101501,31
101502,61
101503,24
101504,40
101505,8
101506,6
101507,0
101508,5
101509,11
101510,11
101511,0
101512,53
101513,6
101514,12
101515,55
101516,28
101517,1
101518,1
101519,8
101520,5
101521,16
101522,3
101523,39
101524,30
101525,32
101526,2
101527,5
101528,31
101529,31
101530,9
101531,2
101532,7
101533,49
101534,9
101535,23
101536,4
101537,40
101538,27
101539,19
101540,6
101541,3
101542,20
101543,53
101544,1
101545,23
101546,4
101547,8
101548,21
101549,27
101550,1
101551,19
101552,0
101553,49
101554,3
101555,36
101556,22
101557,22
101558,4
101559,5
101560,2
101561,9
101562,37
101563,24
101564,2
101565,0
101566,7
101567,1
101568,24
101569,18
101570,18
101571,6
101572,40
101573,55
101574,9
101575,4
101576,0
101577,12
101578,0
101579,8
101580,2
101581,12
101582,6
101583,7
101584,29
101585,22
101586,49
101587,8
101588,30
101589,4
101590,26
101591,0
101592,19
101593,9
101594,36
101595,1
101596,7
101597,47
101598,24
101599,37
101600,7
101601,24
101602,40
101603,6
101604,1
101605,31
101606,21
101607,58
101608,22
101609,6
101610,6
101611,15
101612,3
101613,28
101614,9
101615,30
101616,55
101617,23
101618,40
101619,40
101620,9
101621,27
101622,1
101623,55
101624,8
101625,31
101626,8
101627,28
101628,22
101629,14
101630,29
101631,4
101632,2
101633,28
101634,31
101635,7
101636,7
101637,2
101638,2
101639,47
101640,22
101641,21
101642,24
101643,9
101644,7
101645,24
101646,43
101647,22
101648,23
101649,24
101650,23
101651,7
101652,8
101653,18
101654,1
101655,3
101656,2
101657,9
101658,3
101659,3
101660,3
101661,9
101662,1
101663,19
101664,24
101665,7
101666,6
101667,21
101668,36
101669,2
101670,0
101671,40
101672,1
101673,5
101674,6
101675,24
101676,5
101677,23
101678,29
101679,6
101680,14
101681,22
101682,36
101683,1
101684,49
101685,2
101686,18
101687,3
101688,27
101689,49
101690,55
101691,36
101692,8
101693,4
101694,16
101695,31
101696,15
101697,32
101698,40
101699,25
101700,2
101701,28
101702,18
101703,14
101704,2
101705,40
101706,2
101707,9
101708,2
101709,0
101710,43
101711,49
101712,31
101713,4
101714,36
101715,32
101716,9
101717,40
101718,9
101719,4
101720,28
101721,5
101722,39
101723,6
101724,61
101725,4
101726,6
101727,39
101728,0
101729,23
101730,0
101731,49
101732,8
101733,6
101734,34
101735,28
101736,53
101737,22
101738,55
101739,2
101740,0
101741,55
101742,6
101743,28
101744,0
101745,40
101746,5
101747,40
101748,29
101749,47
101750,18
101751,8
101752,28
101753,53
101754,6
101755,8
101756,5
101757,30
101758,58
101759,43
101760,9
101761,40
101762,58
101763,24
101764,28
101765,3
101766,6
101767,3
101768,6
101769,30
101770,28
101771,36
101772,5
101773,24
101774,6
101775,7
101776,7
101777,7
101778,8
101779,8
101780,4
101781,9
101782,7
101783,32
101784,0
101785,2
101786,6
101787,47
101788,6
101789,4
101790,46
101791,55
101792,0
101793,8
101794,40
101795,46
101796,2
101797,0
101798,8
101799,10
101800,1
101801,27
101802,32
101803,0
101804,40
101805,12
101806,8
101807,34
101808,59
101809,6
101810,18
101811,49
101812,15
101813,25
101814,3
101815,28
101816,9
101817,13
101818,7
101819,29
101820,7
101821,13
101822,23
101823,3
101824,7
101825,4
101826,11
101827,1
101828,28
101829,43
101830,7
101831,4
101832,9
101833,22
101834,5
101835,3
101836,6
101837,28
101838,9
101839,40
101840,8
101841,11
101842,9
101843,40
101844,2
101845,28
101846,55
101847,7
101848,30
101849,6
101850,7
101851,22
101852,28
101853,59
101854,6
101855,7
101856,0
101857,8
101858,16
101859,31
101860,2
101861,4
101862,6
101863,2
101864,1
101865,4
101866,7
101867,11
101868,29
101869,37
101870,24
101871,9
101872,37
101873,30
101874,53
101875,1
101876,8
101877,1
101878,5
101879,23
101880,3
101881,31
101882,28
101883,53
101884,2
101885,39
101886,4
101887,9
101888,0
101889,43
101890,1
101891,2
101892,29
101893,3
101894,27
101895,30
101896,24
101897,8
101898,6
101899,36
101900,36
101901,4
101902,61
101903,39
101904,28
101905,40
101906,53
101907,8
101908,7
101909,36
101910,7
101911,12
101912,3
101913,7
101914,15
101915,31
101916,39
101917,15
101918,7
101919,2
101920,3
101921,15
101922,0
101923,40
101924,0
101925,58
101926,3
101927,27
101928,0
101929,12
101930,49
101931,0
101932,15
101933,34
101934,4
101935,2
101936,12
101937,2
101938,1
101939,9
101940,42
101941,34
101942,36
101943,36
101944,29
101945,2
101946,2
101947,34
101948,14
101949,1
101950,3
101951,14
101952,15
101953,37
101954,1
101955,9
101956,37
101957,55
101958,29
101959,13
101960,30
101961,10
101962,22
101963,34
101964,8
101965,2
101966,9
101967,12
101968,34
101969,22
101970,12
101971,7
101972,8
101973,7
101974,40
101975,4
101976,28
101977,2
101978,30
101979,52
101980,34
101981,21
101982,6
101983,25
101984,5
101985,39
101986,4
101987,28
101988,49
101989,24
101990,8
101991,28
101992,43
101993,6
101994,28
101995,30
101996,2
101997,43
101998,0
101999,8
102000,3
102001,1
102002,4
102003,9
102004,3
102005,5
102006,2
102007,25
102008,0
102009,7
102010,5
102011,2
102012,0
102013,7
102014,1
102015,1
102016,4
102017,3
102018,8
102019,2
102020,8
102021,22
102022,7
102023,34
102024,8
102025,10
102026,36
102027,0
102028,1
102029,2
102030,36
102031,9
102032,31
102033,0
102034,2
102035,20
102036,9
102037,30
102038,6
102039,9
102040,10
102041,55
102042,24
102043,9
102044,8
102045,24
102046,1
102047,7
102048,0
102049,34
102050,3
102051,1
102052,27
102053,12
102054,12
102055,0
102056,29
102057,2
102058,55
102059,6
102060,15
102061,8
102062,7
102063,2
102064,6
102065,9
102066,28
102067,59
102068,23
102069,2
102070,24
102071,49
102072,10
102073,8
102074,22
102075,25
102076,4
102077,0
102078,8
102079,8
102080,30
102081,7
102082,30
102083,5
102084,9
102085,9
102086,53
102087,5
102088,1
102089,22
102090,24
102091,15
102092,9
102093,31
102094,0
102095,4
102096,15
102097,1
102098,30
102099,0
102100,0
102101,5
102102,42
102103,1
102104,18
102105,2
102106,2
102107,24
102108,4
102109,2
102110,31
102111,40
102112,25
102113,29
102114,15
102115,31
102116,2
102117,4
102118,29
102119,12
102120,37
102121,31
102122,8
102123,9
102124,22
102125,28
102126,40
102127,30
102128,2
102129,30
102130,6
102131,12
102132,49
102133,5
102134,29
102135,36
102136,1
102137,22
102138,4
102139,7
102140,2
102141,4
102142,4
102143,9
102144,12
102145,5
102146,27
102147,34
102148,7
102149,55
102150,9
102151,14
102152,28
102153,36
102154,23
102155,1
102156,23
102157,0
102158,2
102159,6
102160,3
102161,24
102162,7
102163,24
102164,2
102165,12
102166,30
102167,40
102168,40
102169,11
102170,3
102171,43
102172,2
102173,28
102174,3
102175,2
102176,14
102177,49
102178,40
102179,12
102180,0
102181,12
102182,6
102183,49
102184,6
102185,3
102186,9
102187,15
102188,7
102189,49
102190,24
102191,0
102192,8
102193,37
102194,6
102195,23
102196,7
102197,13
102198,40
102199,5
102200,0
102201,28
102202,25
102203,7
102204,1
102205,6
102206,2
102207,1
102208,6
102209,9
102210,24
102211,1
102212,25
102213,7
102214,39
102215,3
102216,1
102217,7
102218,31
102219,3
102220,55
102221,5
102222,23
102223,2
102224,2
102225,7
102226,24
102227,2
102228,18
102229,37
102230,31
102231,29
102232,27
102233,55
102234,24
102235,6
102236,3
102237,13
102238,23
102239,30
102240,43
102241,2
102242,9
102243,23
102244,8
102245,40
102246,5
102247,8
102248,26
102249,7
102250,40
102251,0
102252,2
102253,31
102254,4
102255,24
102256,5
102257,1
102258,12
102259,18
102260,1
102261,6
102262,8
102263,36
102264,1
102265,3
102266,53
102267,7
102268,24
102269,21
102270,3
102271,53
102272,1
102273,40
102274,3
102275,34
102276,8
102277,5
102278,39
102279,24
102280,7
102281,22
102282,28
102283,40
102284,24
102285,31
102286,40
102287,4
102288,2
102289,23
102290,1
102291,3
102292,0
102293,28
102294,7
102295,22
102296,7
102297,12
102298,7
102299,35
102300,4
102301,4
102302,53
102303,24
102304,8
102305,28
102306,40
102307,4
102308,0
102309,23
102310,31
102311,36
102312,8
102313,30
102314,14
102315,33
102316,30
102317,6
102318,18
102319,12
102320,16
102321,1
102322,4
102323,19
102324,23
102325,0
102326,40
102327,20
102328,5
102329,22
102330,55
102331,1
102332,26
102333,53
102334,24
102335,29
102336,32
102337,27
102338,39
102339,9
102340,22
102341,1
102342,16
102343,49
102344,55
102345,7
102346,6
102347,30
102348,55
102349,9
102350,5
102351,14
102352,0
102353,1
102354,40
102355,20
102356,0
102357,30
102358,2
102359,6
102360,3
102361,31
102362,25
102363,6
102364,2
102365,24
102366,30
102367,55
102368,29
102369,4
102370,53
102371,4
102372,58
102373,6
102374,55
102375,36
102376,30
102377,0
102378,42
102379,7
102380,3
102381,25
102382,5
102383,53
102384,39
102385,31
102386,2
102387,0
102388,44
102389,0
102390,1
102391,6
102392,9
102393,36
102394,31
102395,1
102396,21
102397,2
102398,43
102399,19
102400,21
102401,1
102402,3
102403,32
102404,8
102405,24
102406,8
102407,0
102408,0
102409,13
102410,0
102411,15
102412,20
102413,40
102414,29
102415,29
102416,6
102417,6
102418,7
102419,1
102420,8
102421,9
102422,28
102423,7
102424,7
102425,13
102426,55
102427,39
102428,4
102429,4
102430,7
102431,1
102432,34
102433,3
102434,11
102435,59
102436,25
102437,12
102438,0
102439,10
102440,2
102441,9
102442,0
102443,37
102444,0
102445,28
102446,8
102447,9
102448,4
102449,7
102450,8
102451,7
102452,34
102453,36
102454,0
102455,9
102456,0
102457,3
102458,36
102459,29
102460,1
102461,8
102462,9
102463,1
102464,3
102465,7
102466,2
102467,9
102468,4
102469,0
102470,28
102471,1
102472,2
102473,15
102474,59
102475,43
102476,24
102477,9
102478,5
102479,16
102480,24
102481,8
102482,9
102483,5
102484,6
102485,53
102486,31
102487,40
102488,3
102489,6
102490,28
102491,36
102492,40
102493,2
102494,4
102495,11
102496,1
102497,0
102498,43
102499,25
102500,1
102501,0
102502,18
102503,1
102504,55
102505,0
102506,6
102507,35
102508,4
102509,7
102510,9
102511,2
102512,49
102513,30
102514,1
102515,30
102516,35
102517,7
102518,53
102519,28
102520,0
102521,6
102522,5
102523,39
102524,59
102525,27
102526,4
102527,46
102528,28
102529,58
102530,53
102531,15
102532,7
102533,1
102534,4
102535,55
102536,4
102537,55
102538,8
102539,20
102540,9
102541,1
102542,8
102543,8
102544,9
102545,15
102546,1
102547,5
102548,40
102549,6
102550,6
102551,1
102552,1
102553,6
102554,9
102555,9
102556,1
102557,6
102558,2
102559,12
102560,8
102561,8
102562,5
102563,5
102564,14
102565,17
102566,9
102567,6
102568,43
102569,24
102570,40
102571,24
102572,20
102573,5
102574,47
102575,35
102576,1
102577,43
102578,14
102579,45
102580,0
102581,22
102582,55
102583,3
102584,1
102585,12
102586,25
102587,6
102588,28
102589,33
102590,1
102591,2
102592,2
102593,28
102594,2
102595,8
102596,23
102597,36
102598,0
102599,39
102600,28
102601,22
102602,33
102603,40
102604,1
102605,40
102606,40
102607,58
102608,0
102609,1
102610,14
102611,34
102612,8
102613,44
102614,3
102615,24
102616,24
102617,4
102618,31
102619,3
102620,24
102621,0
102622,27
102623,7
102624,1
102625,11
102626,49
102627,8
102628,61
102629,5
102630,28
102631,32
102632,22
102633,2
102634,9
102635,37
102636,29
102637,47
102638,2
102639,28
102640,40
102641,9
102642,3
102643,5
102644,55
102645,0
102646,0
102647,7
102648,25
102649,7
102650,24
102651,21
102652,53
102653,0
102654,1
102655,15
102656,12
102657,19
102658,34
102659,9
102660,49
102661,28
102662,7
102663,6
102664,45
102665,2
102666,23
102667,8
102668,0
102669,24
102670,6
102671,43
102672,8
102673,29
102674,23
102675,1
102676,30
102677,6
102678,1
102679,2
102680,39
102681,32
102682,60
102683,0
102684,2
102685,23
102686,2
102687,28
102688,32
102689,29
102690,9
102691,22
102692,8
102693,23
102694,3
102695,27
102696,49
102697,6
102698,4
102699,24
102700,9
102701,0
102702,2
102703,9
102704,16
102705,8
102706,55
102707,24
102708,6
102709,2
102710,40
102711,6
102712,8
102713,28
102714,18
102715,2
102716,49
102717,31
102718,27
102719,9
102720,5
102721,30
102722,15
102723,36
102724,24
102725,28
102726,22
102727,53
102728,40
102729,34
102730,12
102731,4
102732,31
102733,6
102734,59
102735,30
102736,15
102737,15
102738,6
102739,5
102740,28
102741,4
102742,9
102743,28
102744,0
102745,1
102746,1
102747,5
102748,7
102749,32
102750,9
102751,40
102752,17
102753,22
102754,3
102755,12
102756,2
102757,1
102758,23
102759,4
102760,15
102761,5
102762,7
102763,12
102764,40
102765,8
102766,9
102767,4
102768,7
102769,6
102770,19
102771,22
102772,1
102773,4
102774,6
102775,27
102776,4
102777,2
102778,24
102779,1
102780,6
102781,12
102782,0
102783,0
102784,37
102785,55
102786,1
102787,3
102788,34
102789,3
102790,8
102791,11
102792,2
102793,3
102794,3
102795,34
102796,5
102797,1
102798,5
102799,8
102800,6
102801,22
102802,4
102803,29
102804,1
102805,2
102806,21
102807,43
102808,28
102809,4
102810,11
102811,8
102812,28
102813,5
102814,6
102815,8
102816,29
102817,57
102818,30
102819,46
102820,49
102821,29
102822,7
102823,47
102824,7
102825,59
102826,3
102827,8
102828,1
102829,22
102830,17
102831,5
102832,5
102833,39
102834,0
102835,9
102836,55
102837,1
102838,19
102839,27
102840,1
102841,28
102842,53
102843,21
102844,0
102845,1
102846,27
102847,5
102848,6
102849,1
102850,29
102851,43
102852,2
102853,20
102854,10
102855,4
102856,16
102857,7
102858,3
102859,24
102860,5
102861,21
102862,1
102863,28
102864,3
102865,12
102866,4
102867,6
102868,3
102869,24
102870,1
102871,28
102872,5
102873,8
102874,15
102875,28
102876,55
102877,6
102878,9
102879,40
102880,1
102881,24
102882,8
102883,36
102884,7
102885,3
102886,5
102887,28
102888,19
102889,28
102890,1
102891,53
102892,8
102893,55
102894,28
102895,6
102896,1
102897,18
102898,24
102899,9
102900,55
102901,1
102902,8
102903,55
102904,12
102905,7
102906,59
102907,24
102908,34
102909,37
102910,6
102911,3
102912,0
102913,3
102914,2
102915,2
102916,6
102917,1
102918,15
102919,40
102920,24
102921,1
102922,1
102923,40
102924,40
102925,4
102926,0
102927,47
102928,2
102929,5
102930,12
102931,2
102932,4
102933,2
102934,4
102935,12
102936,2
102937,18
102938,0
102939,14
102940,9
102941,2
102942,7
102943,15
102944,9
102945,16
102946,55
102947,7
102948,28
102949,12
102950,0
102951,36
102952,8
102953,7
102954,2
102955,6
102956,27
102957,8
102958,3
102959,18
102960,37
102961,19
102962,8
102963,7
102964,6
102965,1
102966,2
102967,7
102968,8
102969,9
102970,8
102971,4
102972,1
102973,28
102974,4
102975,9
102976,21
102977,40
102978,1
102979,7
102980,40
102981,40
102982,9
102983,15
102984,3
102985,4
102986,23
102987,14
102988,5
102989,7
102990,4
102991,22
102992,24
102993,40
102994,25
102995,7
102996,12
102997,8
102998,7
102999,12
103000,42
103001,55
103002,1
103003,5
103004,3
103005,0
103006,53
103007,53
103008,3
103009,0
103010,53
103011,39
103012,7
103013,60
103014,3
103015,3
103016,1
103017,2
103018,40
103019,7
103020,6
103021,10
103022,6
103023,24
103024,9
103025,7
103026,0
103027,31
103028,10
103029,32
103030,3
103031,1
103032,4
103033,7
103034,0
103035,7
103036,5
103037,16
103038,49
103039,2
103040,1
103041,1
103042,8
103043,15
103044,10
103045,55
103046,40
103047,6
103048,29
103049,3
103050,13
103051,1
103052,4
103053,6
103054,2
103055,5
103056,8
103057,42
103058,18
103059,8
103060,7
103061,4
103062,21
103063,3
103064,2
103065,60
103066,9
103067,24
103068,1
103069,0
103070,29
103071,28
103072,39
103073,9
103074,7
103075,2
103076,40
103077,5
103078,7
103079,23
103080,1
103081,30
103082,16
103083,40
103084,17
103085,12
103086,12
103087,24
103088,39
103089,28
103090,1
103091,40
103092,53
103093,55
103094,8
103095,55
103096,1
103097,8
103098,49
103099,1
103100,1
103101,9
103102,40
103103,5
103104,6
103105,5
103106,15
103107,49
103108,5
103109,31
103110,8
103111,6
103112,2
103113,24
103114,5
103115,23
103116,33
103117,4
103118,28
103119,0
103120,39
103121,22
103122,19
103123,5
103124,49
103125,9
103126,28
103127,36
103128,13
103129,1
103130,21
103131,9
103132,4
103133,4
103134,13
103135,53
103136,11
103137,12
103138,6
103139,8
103140,15
103141,0
103142,24
103143,47
103144,28
103145,7
103146,2
103147,7
103148,6
103149,56
103150,1
103151,0
103152,6
103153,30
103154,6
103155,4
103156,8
103157,11
103158,37
103159,34
103160,53
103161,1
103162,3
103163,33
103164,30
103165,0
103166,0
103167,1
103168,1
103169,39
103170,5
103171,1
103172,25
103173,39
103174,49
103175,34
103176,28
103177,31
103178,49
103179,2
103180,19
103181,15
103182,27
103183,40
103184,5
103185,13
103186,28
103187,3
103188,40
103189,1
103190,27
103191,53
103192,3
103193,8
103194,24
103195,0
103196,7
103197,15
103198,30
103199,8
103200,12
103201,28
103202,32
103203,1
103204,55
103205,0
103206,8
103207,3
103208,1
103209,7
103210,5
103211,43
103212,34
103213,40
103214,34
103215,3
103216,29
103217,6
103218,4
103219,4
103220,49
103221,8
103222,40
103223,2
103224,3
103225,8
103226,24
103227,12
103228,1
103229,55
103230,23
103231,12
103232,22
103233,24
103234,40
103235,1
103236,24
103237,15
103238,7
103239,0
103240,0
103241,30
103242,9
103243,23
103244,9
103245,24
103246,7
103247,8
103248,14
103249,1
103250,3
103251,0
103252,3
103253,24
103254,5
103255,35
103256,0
103257,8
103258,12
103259,2
103260,6
103261,4
103262,9
103263,40
103264,12
103265,27
103266,6
103267,7
103268,2
103269,4
103270,4
103271,4
103272,7
103273,12
103274,0
103275,24
103276,0
103277,7
103278,9
103279,15
103280,7
103281,9
103282,19
103283,6
103284,6
103285,43
103286,29
103287,3
103288,2
103289,15
103290,5
103291,0
103292,6
103293,28
103294,6
103295,8
103296,40
103297,1
103298,28
103299,31
103300,23
103301,2
103302,24
103303,26
103304,0
103305,31
103306,8
103307,53
103308,2
103309,8
103310,14
103311,4
103312,0
103313,23
103314,28
103315,40
103316,1
103317,53
103318,55
103319,40
103320,6
103321,39
103322,32
103323,3
103324,3
103325,55
103326,8
103327,24
103328,3
103329,53
103330,7
103331,32
103332,37
103333,43
103334,3
103335,1
103336,1
103337,5
103338,16
103339,5
103340,1
103341,10
103342,9
103343,16
103344,0
103345,43
103346,7
103347,3
103348,47
103349,1
103350,36
103351,1
103352,36
103353,1
103354,10
103355,39
103356,28
103357,39
103358,44
103359,5
103360,28
103361,53
103362,49
103363,0
103364,17
103365,44
103366,29
103367,9
103368,12
103369,9
103370,29
103371,24
103372,0
103373,31
103374,7
103375,7
103376,53
103377,1
103378,4
103379,43
103380,6
103381,40
103382,7
103383,7
103384,33
103385,4
103386,9
103387,9
103388,18
103389,46
103390,12
103391,9
103392,28
103393,7
103394,22
103395,61
103396,8
103397,1
103398,7
103399,2
103400,13
103401,36
103402,24
103403,28
103404,14
103405,29
103406,2
103407,3
103408,61
103409,24
103410,12
103411,6
103412,29
103413,22
103414,13
103415,24
103416,10
103417,55
103418,28
103419,9
103420,25
103421,30
103422,4
103423,24
103424,0
103425,8
103426,30
103427,23
103428,9
103429,8
103430,7
103431,24
103432,29
103433,55
103434,18
103435,31
103436,43
103437,6
103438,29
103439,36
103440,5
103441,49
103442,8
103443,6
103444,4
103445,27
103446,29
103447,53
103448,11
103449,0
103450,0
103451,37
103452,40
103453,19
103454,5
103455,0
103456,21
103457,40
103458,16
103459,3
103460,27
103461,53
103462,4
103463,4
103464,6
103465,7
103466,33
103467,8
103468,20
103469,0
103470,44
103471,0
103472,1
103473,9
103474,24
103475,16
103476,6
103477,4
103478,40
103479,43
103480,23
103481,3
103482,39
103483,6
103484,9
103485,49
103486,30
103487,9
103488,5
103489,18
103490,9
103491,7
103492,13
103493,40
103494,30
103495,18
103496,30
103497,28
103498,7
103499,29
103500,49
103501,4
103502,3
103503,1
103504,18
103505,31
103506,5
103507,28
103508,8
103509,1
103510,5
103511,9
103512,49
103513,40
103514,40
103515,2
103516,15
103517,8
103518,40
103519,36
103520,32
103521,18
103522,0
103523,29
103524,49
103525,9
103526,18
103527,6
103528,3
103529,8
103530,28
103531,21
103532,8
103533,3
103534,2
103535,0
103536,0
103537,0
103538,4
103539,14
103540,2
103541,9
103542,1
103543,8
103544,45
103545,0
103546,1
103547,8
103548,12
103549,42
103550,3
103551,30
103552,9
103553,6
103554,3
103555,3
103556,6
103557,49
103558,8
103559,29
103560,55
103561,6
103562,0
103563,8
103564,1
103565,28
103566,39
103567,5
103568,5
103569,9
103570,21
103571,5
103572,39
103573,30
103574,8
103575,1
103576,6
103577,24
103578,36
103579,12
103580,6
103581,22
103582,9
103583,49
103584,3
103585,28
103586,31
103587,55
103588,12
103589,43
103590,53
103591,31
103592,13
103593,1
103594,5
103595,9
103596,6
103597,9
103598,8
103599,5
103600,7
103601,8
103602,28
103603,2
103604,6
103605,36
103606,3
103607,3
103608,9
103609,28
103610,30
103611,9
103612,2
103613,6
103614,43
103615,27
103616,8
103617,49
103618,3
103619,5
103620,30
103621,5
103622,10
103623,40
103624,1
103625,3
103626,24
103627,25
103628,2
103629,33
103630,12
103631,27
103632,6
103633,30
103634,40
103635,12
103636,2
103637,21
103638,39
103639,25
103640,2
103641,1
103642,8
103643,9
103644,28
103645,5
103646,0
103647,3
103648,11
103649,2
103650,13
103651,2
103652,3
103653,43
103654,3
103655,14
103656,52
103657,24
103658,6
103659,5
103660,3
103661,17
103662,4
103663,47
103664,53
103665,4
103666,43
103667,0
103668,0
103669,7
103670,28
103671,15
103672,7
103673,19
103674,55
103675,7
103676,4
103677,4
103678,3
103679,0
103680,36
103681,14
103682,36
103683,0
103684,7
103685,30
103686,5
103687,0
103688,1
103689,32
103690,6
103691,1
103692,55
103693,49
103694,8
103695,2
103696,39
103697,14
103698,4
103699,0
103700,7
103701,19
103702,2
103703,55
103704,7
103705,4
103706,28
103707,2
103708,40
103709,7
103710,12
103711,25
103712,4
103713,1
103714,47
103715,7
103716,25
103717,19
103718,8
103719,8
103720,22
103721,40
103722,2
103723,9
103724,0
103725,30
103726,1
103727,12
103728,28
103729,1
103730,6
103731,6
103732,29
103733,3
103734,61
103735,43
103736,6
103737,3
103738,6
103739,6
103740,1
103741,0
103742,9
103743,40
103744,8
103745,1
103746,39
103747,5
103748,8
103749,5
103750,17
103751,12
103752,12
103753,2
103754,0
103755,9
103756,37
103757,39
103758,24
103759,3
103760,2
103761,14
103762,29
103763,14
103764,8
103765,0
103766,1
103767,29
103768,43
103769,4
103770,18
103771,29
103772,28
103773,1
103774,52
103775,15
103776,1
103777,3
103778,10
103779,9
103780,6
103781,29
103782,28
103783,5
103784,1
103785,9
103786,3
103787,0
103788,39
103789,1
103790,3
103791,7
103792,6
103793,17
103794,53
103795,29
103796,10
103797,5
103798,53
103799,40
103800,4
103801,3
103802,1
103803,55
103804,6
103805,6
103806,7
103807,1
103808,9
103809,2
103810,8
103811,4
103812,47
103813,22
103814,12
103815,0
103816,8
103817,32
103818,28
103819,3
103820,7
103821,1
103822,31
103823,6
103824,35
103825,24
103826,40
103827,18
103828,49
103829,9
103830,18
103831,53
103832,2
103833,53
103834,6
103835,15
103836,22
103837,23
103838,7
103839,4
103840,4
103841,1
103842,22
103843,3
103844,4
103845,4
103846,5
103847,7
103848,2
103849,1
103850,7
103851,9
103852,12
103853,40
103854,24
103855,28
103856,12
103857,12
103858,12
103859,4
103860,13
103861,29
103862,3
103863,43
103864,18
103865,7
103866,24
103867,28
103868,6
103869,6
103870,1
103871,0
103872,1
103873,1
103874,39
103875,13
103876,43
103877,9
103878,59
103879,55
103880,49
103881,9
103882,25
103883,9
103884,39
103885,8
103886,8
103887,28
103888,49
103889,60
103890,1
103891,55
103892,3
103893,22
103894,2
103895,14
103896,9
103897,40
103898,3
103899,6
103900,1
103901,1
103902,2
103903,0
103904,0
103905,7
103906,7
103907,30
103908,8
103909,12
103910,4
103911,40
103912,5
103913,15
103914,1
103915,28
103916,28
103917,1
103918,23
103919,28
103920,0
103921,49
103922,1
103923,4
103924,31
103925,0
103926,2
103927,8
103928,36
103929,29
103930,12
103931,24
103932,1
103933,0
103934,6
103935,25
103936,0
103937,12
103938,1
103939,28
103940,7
103941,1
103942,28
103943,9
103944,2
103945,40
103946,30
103947,1
103948,8
103949,13
103950,20
103951,7
103952,24
103953,2
103954,21
103955,53
103956,28
103957,23
103958,43
103959,55
103960,5
103961,3
103962,33
103963,9
103964,58
103965,32
103966,44
103967,40
103968,12
103969,18
103970,7
103971,9
103972,5
103973,1
103974,6
103975,30
103976,30
103977,2
103978,2
103979,3
103980,8
103981,10
103982,0
103983,23
103984,1
103985,20
103986,28
103987,49
103988,9
103989,0
103990,24
103991,31
103992,4
103993,2
103994,39
103995,51
103996,7
103997,0
103998,18
103999,8
104000,40
104001,12
104002,9
104003,6
104004,24
104005,42
104006,0
104007,37
104008,1
104009,22
104010,28
104011,2
104012,53
104013,9
104014,55
104015,22
104016,1
104017,37
104018,24
104019,2
104020,1
104021,4
104022,15
104023,0
104024,24
104025,5
104026,31
104027,36
104028,3
104029,40
104030,58
104031,42
104032,58
104033,3
104034,4
104035,3
104036,9
104037,6
104038,9
104039,48
104040,55
104041,40
104042,24
104043,49
104044,9
104045,7
104046,12
104047,6
104048,18
104049,13
104050,39
104051,8
104052,55
104053,1
104054,46
104055,24
104056,1
104057,1
104058,1
104059,1
104060,5
104061,3
104062,4
104063,39
104064,24
104065,15
104066,8
104067,8
104068,49
104069,24
104070,1
104071,1
104072,6
104073,24
104074,10
104075,1
104076,40
104077,4
104078,43
104079,0
104080,9
104081,2
104082,61
104083,12
104084,1
104085,55
104086,15
104087,29
104088,22
104089,6
104090,21
104091,1
104092,0
104093,3
104094,7
104095,13
104096,36
104097,0
104098,40
104099,30
104100,31
104101,9
104102,22
104103,10
104104,0
104105,6
104106,0
104107,0
104108,40
104109,5
104110,30
104111,40
104112,31
104113,24
104114,9
104115,4
104116,3
104117,2
104118,22
104119,0
104120,4
104121,40
104122,7
104123,28
104124,5
104125,0
104126,0
104127,2
104128,10
104129,24
104130,3
104131,17
104132,2
104133,1
104134,2
104135,32
104136,47
104137,7
104138,31
104139,29
104140,6
104141,5
104142,0
104143,55
104144,39
104145,12
104146,1
104147,8
104148,24
104149,0
104150,28
104151,3
104152,53
104153,24
104154,6
104155,5
104156,29
104157,5
104158,19
104159,0
104160,4
104161,9
104162,18
104163,39
104164,25
104165,4
104166,5
104167,18
104168,24
104169,28
104170,29
104171,28
104172,35
104173,55
104174,4
104175,36
104176,43
104177,12
104178,9
104179,55
104180,3
104181,3
104182,1
104183,24
104184,39
104185,10
104186,7
104187,1
104188,55
104189,3
104190,40
104191,53
104192,5
104193,3
104194,25
104195,5
104196,7
104197,37
104198,30
104199,24
104200,4
104201,1
104202,4
104203,1
104204,0
104205,32
104206,24
104207,42
104208,9
104209,13
104210,5
104211,9
104212,13
104213,1
104214,59
104215,30
104216,47
104217,49
104218,39
104219,23
104220,4
104221,0
104222,15
104223,23
104224,30
104225,14
104226,24
104227,0
104228,8
104229,6
104230,5
104231,40
104232,43
104233,13
104234,40
104235,2
104236,23
104237,25
104238,5
104239,28
104240,15
104241,9
104242,5
104243,49
104244,0
104245,1
104246,39
104247,25
104248,29
104249,43
104250,40
104251,28
104252,8
104253,55
104254,43
104255,25
104256,49
104257,1
104258,1
104259,55
104260,55
104261,15
104262,34
104263,28
104264,53
104265,2
104266,1
104267,40
104268,3
104269,24
104270,3
104271,20
104272,1
104273,34
104274,3
104275,40
104276,27
104277,10
104278,0
104279,0
104280,9
104281,40
104282,26
104283,8
104284,24
104285,9
104286,2
104287,9
104288,0
104289,37
104290,4
104291,1
104292,53
104293,3
104294,23
104295,55
104296,8
104297,3
104298,5
104299,19
104300,6
104301,1
104302,6
104303,28
104304,4
104305,53
104306,5
104307,25
104308,21
104309,47
104310,1
104311,25
104312,55
104313,1
104314,29
104315,3
104316,7
104317,18
104318,7
104319,9
104320,3
104321,28
104322,22
104323,36
104324,1
104325,2
104326,55
104327,23
104328,6
104329,0
104330,53
104331,43
104332,4
104333,25
104334,30
104335,6
104336,1
104337,7
104338,23
104339,1
104340,15
104341,13
104342,2
104343,40
104344,5
104345,58
104346,3
104347,47
104348,7
104349,4
104350,24
104351,4
104352,8
104353,1
104354,8
104355,2
104356,2
104357,7
104358,4
104359,55
104360,1
104361,1
104362,7
104363,34
104364,6
104365,14
104366,1
104367,6
104368,9
104369,9
104370,10
104371,8
104372,9
104373,0
104374,5
104375,3
104376,23
104377,7
104378,7
104379,1
104380,3
104381,4
104382,2
104383,24
104384,8
104385,8
104386,37
104387,1
104388,1
104389,6
104390,7
104391,2
104392,6
104393,4
104394,21
104395,12
104396,22
104397,7
104398,0
104399,5
104400,24
104401,2
104402,33
104403,36
104404,0
104405,6
104406,55
104407,5
104408,1
104409,11
104410,25
104411,53
104412,9
104413,8
104414,5
104415,37
104416,8
104417,6
104418,3
104419,7
104420,2
104421,18
104422,27
104423,1
104424,8
104425,14
104426,4
104427,36
104428,24
104429,34
104430,29
104431,28
104432,3
104433,8
104434,21
104435,8
104436,40
104437,6
104438,6
104439,2
104440,13
104441,25
104442,29
104443,30
104444,4
104445,2
104446,34
104447,4
104448,1
104449,9
104450,9
104451,23
104452,36
104453,53
104454,1
104455,59
104456,6
104457,4
104458,40
104459,14
104460,24
104461,6
104462,29
104463,3
104464,12
104465,40
104466,40
104467,11
104468,0
104469,55
104470,40
104471,31
104472,22
104473,42
104474,1
104475,0
104476,49
104477,0
104478,4
104479,7
104480,15
104481,6
104482,5
104483,30
104484,25
104485,1
104486,26
104487,53
104488,30
104489,24
104490,28
104491,9
104492,24
104493,24
104494,6
104495,39
104496,36
104497,24
104498,1
104499,8
104500,22
104501,6
104502,1
104503,36
104504,59
104505,1
104506,58
104507,3
104508,4
104509,29
104510,6
104511,53
104512,10
104513,6
104514,0
104515,24
104516,53
104517,7
104518,5
104519,9
104520,2
104521,28
104522,43
104523,6
104524,0
104525,24
104526,1
104527,53
104528,11
104529,23
104530,3
104531,2
104532,2
104533,1
104534,28
104535,49
104536,4
104537,3
104538,12
104539,19
104540,9
104541,6
104542,1
104543,30
104544,9
104545,1
104546,46
104547,9
104548,0
104549,6
104550,15
104551,1
104552,28
104553,0
104554,6
104555,53
104556,8
104557,25
104558,29
104559,29
104560,37
104561,27
104562,3
104563,9
104564,43
104565,7
104566,7
104567,22
104568,9
104569,28
104570,8
104571,18
104572,36
104573,24
104574,44
104575,3
104576,23
104577,8
104578,8
104579,0
104580,53
104581,1
104582,30
104583,7
104584,30
104585,1
104586,1
104587,55
104588,2
104589,2
104590,29
104591,1
104592,40
104593,22
104594,6
104595,5
104596,7
104597,8
104598,30
104599,1
104600,40
104601,8
104602,2
104603,40
104604,3
104605,7
104606,0
104607,1
104608,3
104609,23
104610,5
104611,3
104612,17
104613,30
104614,5
104615,9
104616,28
104617,4
104618,49
104619,13
104620,49
104621,2
104622,8
104623,8
104624,3
104625,29
104626,10
104627,1
104628,40
104629,0
104630,1
104631,3
104632,0
104633,24
104634,5
104635,7
104636,5
104637,24
104638,21
104639,43
104640,8
104641,6
104642,49
104643,8
104644,7
104645,8
104646,1
104647,1
104648,2
104649,4
104650,1
104651,25
104652,24
104653,43
104654,22
104655,5
104656,7
104657,9
104658,32
104659,0
104660,8
104661,5
104662,9
104663,5
104664,5
104665,9
104666,28
104667,12
104668,8
104669,3
104670,1
104671,4
104672,3
104673,9
104674,6
104675,2
104676,1
104677,7
104678,7
104679,30
104680,3
104681,3
104682,43
104683,6
104684,55
104685,3
104686,0
104687,55
104688,5
104689,0
104690,24
104691,36
104692,32
104693,12
104694,11
104695,37
104696,29
104697,15
104698,7
104699,24
104700,53
104701,1
104702,7
104703,16
104704,1
104705,7
104706,55
104707,1
104708,6
104709,49
104710,0
104711,40
104712,59
104713,3
104714,40
104715,0
104716,40
104717,18
104718,7
104719,0
104720,35
104721,7
104722,43
104723,24
104724,5
104725,28
104726,2
104727,3
104728,55
104729,53
104730,5
104731,8
104732,30
104733,6
104734,24
104735,40
104736,5
104737,2
104738,6
104739,4
104740,7
104741,40
104742,59
104743,15
104744,8
104745,7
104746,3
104747,8
104748,3
104749,19
104750,6
104751,8
104752,6
104753,36
104754,25
104755,11
104756,0
104757,3
104758,5
104759,19
104760,30
104761,28
104762,3
104763,4
104764,28
104765,55
104766,12
104767,1
104768,21
104769,5
104770,0
104771,5
104772,25
104773,9
104774,27
104775,30
104776,6
104777,24
104778,2
104779,27
104780,5
104781,32
104782,5
104783,22
104784,8
104785,7
104786,9
104787,18
104788,6
104789,27
104790,7
104791,5
104792,0
104793,8
104794,0
104795,36
104796,36
104797,28
104798,4
104799,49
104800,2
104801,8
104802,5
104803,0
104804,18
104805,30
104806,1
104807,4
104808,24
104809,6
104810,55
104811,6
104812,36
104813,58
104814,2
104815,40
104816,29
104817,9
104818,0
104819,8
104820,28
104821,5
104822,7
104823,27
104824,4
104825,40
104826,2
104827,12
104828,8
104829,21
104830,0
104831,25
104832,24
104833,28
104834,12
104835,1
104836,14
104837,7
104838,7
104839,25
104840,4
104841,49
104842,25
104843,37
104844,22
104845,8
104846,53
104847,8
104848,8
104849,6
104850,2
104851,25
104852,53
104853,5
104854,31
104855,5
104856,22
104857,9
104858,4
104859,28
104860,0
104861,7
104862,7
104863,25
104864,4
104865,3
104866,36
104867,5
104868,39
104869,23
104870,9
104871,55
104872,36
104873,4
104874,8
104875,7
104876,2
104877,9
104878,6
104879,8
104880,1
104881,5
104882,30
104883,14
104884,9
104885,15
104886,30
104887,32
104888,1
104889,29
104890,32
104891,3
104892,2
104893,9
104894,1
104895,0
104896,5
104897,6
104898,4
104899,2
104900,2
104901,3
104902,2
104903,53
104904,43
104905,49
104906,40
104907,2
104908,1
104909,8
104910,34
104911,2
104912,22
104913,4
104914,36
104915,22
104916,28
104917,9
104918,0
104919,2
104920,9
104921,24
104922,16
104923,8
104924,53
104925,6
104926,25
104927,40
104928,55
104929,1
104930,39
104931,2
104932,9
104933,16
104934,8
104935,8
104936,6
104937,40
104938,24
104939,13
104940,43
104941,9
104942,0
104943,5
104944,36
104945,5
104946,9
104947,5
104948,31
104949,9
104950,9
104951,9
104952,5
104953,1
104954,1
104955,9
104956,2
104957,31
104958,7
104959,28
104960,6
104961,12
104962,23
104963,6
104964,4
104965,2
104966,22
104967,4
104968,7
104969,5
104970,4
104971,53
104972,7
104973,2
104974,31
104975,39
104976,13
104977,1
104978,58
104979,35
104980,28
104981,9
104982,46
104983,45
104984,0
104985,7
104986,49
104987,6
104988,28
104989,5
104990,12
104991,0
104992,5
104993,24
104994,8
104995,32
104996,6
104997,28
104998,3
104999,8
105000,25
105001,5
105002,40
105003,0
105004,7
105005,9
105006,1
105007,7
105008,8
105009,0
105010,1
105011,9
105012,0
105013,0
105014,55
105015,55
105016,8
105017,49
105018,13
105019,6
105020,39
105021,17
105022,1
105023,5
105024,1
105025,1
105026,8
105027,6
105028,8
105029,40
105030,6
105031,25
105032,1
105033,6
105034,5
105035,59
105036,0
105037,28
105038,0
105039,1
105040,5
105041,4
105042,40
105043,7
105044,28
105045,18
105046,9
105047,8
105048,8
105049,5
105050,3
105051,5
105052,1
105053,5
105054,3
105055,29
105056,8
105057,0
105058,7
105059,36
105060,23
105061,31
105062,10
105063,32
105064,2
105065,0
105066,40
105067,7
105068,3
105069,7
105070,39
105071,5
105072,40
105073,6
105074,3
105075,3
105076,0
105077,36
105078,0
105079,8
105080,60
105081,27
105082,5
105083,56
105084,49
105085,31
105086,20
105087,37
105088,46
105089,4
105090,9
105091,28
105092,18
105093,29
105094,53
105095,10
105096,2
105097,9
105098,12
105099,4
105100,7
105101,30
105102,0
105103,14
105104,8
105105,37
105106,5
105107,40
105108,5
105109,0
105110,46
105111,7
105112,9
105113,36
105114,11
105115,4
105116,21
105117,2
105118,5
105119,5
105120,9
105121,24
105122,34
105123,0
105124,40
105125,1
105126,40
105127,0
105128,15
105129,29
105130,42
105131,1
105132,12
105133,40
105134,3
105135,3
105136,0
105137,24
105138,4
105139,2
105140,0
105141,8
105142,28
105143,2
105144,7
105145,58
105146,36
105147,24
105148,1
105149,0
105150,2
105151,1
105152,1
105153,3
105154,6
105155,40
105156,2
105157,7
105158,6
105159,7
105160,40
105161,6
105162,30
105163,2
105164,53
105165,5
105166,8
105167,6
105168,2
105169,1
105170,15
105171,2
105172,1
105173,10
105174,18
105175,39
105176,2
105177,5
105178,8
105179,23
105180,9
105181,1
105182,40
105183,4
105184,40
105185,14
105186,5
105187,12
105188,6
105189,15
105190,40
105191,5
105192,9
105193,1
105194,30
105195,7
105196,32
105197,6
105198,14
105199,55
105200,52
105201,40
105202,24
105203,5
105204,12
105205,9
105206,14
105207,6
105208,8
105209,6
105210,28
105211,14
105212,10
105213,36
105214,10
105215,9
105216,0
105217,1
105218,8
105219,40
105220,5
105221,55
105222,8
105223,7
105224,10
105225,0
105226,34
105227,0
105228,0
105229,28
105230,30
105231,6
105232,0
105233,0
105234,2
105235,6
105236,9
105237,1
105238,7
105239,8
105240,30
105241,12
105242,7
105243,13
105244,13
105245,22
105246,1
105247,43
105248,24
105249,24
105250,43
105251,5
105252,40
105253,31
105254,37
105255,15
105256,24
105257,35
105258,3
105259,5
105260,39
105261,6
105262,53
105263,6
105264,2
105265,18
105266,19
105267,0
105268,4
105269,4
105270,9
105271,28
105272,3
105273,8
105274,39
105275,55
105276,7
105277,8
105278,24
105279,17
105280,36
105281,1
105282,40
105283,19
105284,29
105285,3
105286,55
105287,40
105288,7
105289,0
105290,1
105291,5
105292,43
105293,0
105294,40
105295,49
105296,36
105297,2
105298,5
105299,1
105300,8
105301,9
105302,4
105303,8
105304,30
105305,36
105306,24
105307,17
105308,1
105309,5
105310,5
105311,9
105312,7
105313,55
105314,3
105315,18
105316,40
105317,9
105318,34
105319,4
105320,28
105321,49
105322,47
105323,0
105324,34
105325,9
105326,4
105327,5
105328,37
105329,12
105330,39
105331,55
105332,8
105333,5
105334,3
105335,61
105336,7
105337,1
105338,0
105339,25
105340,49
105341,36
105342,7
105343,25
105344,9
105345,2
105346,40
105347,25
105348,6
105349,2
105350,1
105351,37
105352,23
105353,4
105354,43
105355,28
105356,22
105357,40
105358,6
105359,18
105360,28
105361,10
105362,53
105363,28
105364,30
105365,3
105366,3
105367,28
105368,53
105369,0
105370,47
105371,7
105372,6
105373,6
105374,5
105375,1
105376,53
105377,24
105378,7
105379,28
105380,40
105381,5
105382,1
105383,21
105384,55
105385,0
105386,40
105387,53
105388,40
105389,53
105390,4
105391,12
105392,24
105393,3
105394,59
105395,12
105396,26
105397,0
105398,7
105399,37
105400,6
105401,21
105402,5
105403,1
105404,1
105405,31
105406,3
105407,9
105408,3
105409,29
105410,49
105411,30
105412,20
105413,2
105414,8
105415,9
105416,53
105417,7
105418,24
105419,9
105420,8
105421,1
105422,2
105423,7
105424,6
105425,37
105426,53
105427,25
105428,7
105429,39
105430,2
105431,7
105432,43
105433,5
105434,43
105435,6
105436,17
105437,0
105438,6
105439,1
105440,28
105441,1
105442,55
105443,3
105444,6
105445,6
105446,28
105447,23
105448,24
105449,1
105450,5
105451,0
105452,14
105453,22
105454,53
105455,13
105456,39
105457,1
105458,10
105459,5
105460,22
105461,29
105462,2
105463,40
105464,39
105465,5
105466,9
105467,23
105468,2
105469,0
105470,49
105471,1
105472,0
105473,9
105474,28
105475,40
105476,53
105477,9
105478,24
105479,3
105480,7
105481,7
105482,36
105483,3
105484,3
105485,3
105486,53
105487,0
105488,6
105489,8
105490,7
105491,31
105492,6
105493,24
105494,39
105495,8
105496,0
105497,0
105498,4
105499,9
105500,6
105501,39
105502,28
105503,9
105504,22
105505,6
105506,1
105507,7
105508,28
105509,6
105510,2
105511,2
105512,9
105513,8
105514,49
105515,55
105516,22
105517,6
105518,25
105519,55
105520,59
105521,40
105522,49
105523,39
105524,55
105525,46
105526,2
105527,39
105528,6
105529,12
105530,1
105531,55
105532,28
105533,40
105534,2
105535,23
105536,28
105537,1
105538,49
105539,15
105540,18
105541,6
105542,3
105543,3
105544,5
105545,1
105546,5
105547,0
105548,29
105549,46
105550,0
105551,15
105552,18
105553,12
105554,4
105555,43
105556,27
105557,34
105558,34
105559,40
105560,3
105561,25
105562,19
105563,14
105564,6
105565,6
105566,53
105567,23
105568,40
105569,29
105570,14
105571,0
105572,19
105573,6
105574,39
105575,1
105576,7
105577,7
105578,9
105579,3
105580,24
105581,2
105582,4
105583,2
105584,6
105585,24
105586,7
105587,12
105588,4
105589,49
105590,25
105591,0
105592,4
105593,55
105594,49
105595,40
105596,55
105597,3
105598,6
105599,1
105600,53
105601,31
105602,12
105603,5
105604,6
105605,40
105606,8
105607,22
105608,3
105609,29
105610,34
105611,28
105612,28
105613,9
105614,0
105615,5
105616,6
105617,8
105618,40
105619,9
105620,4
105621,9
105622,0
105623,28
105624,24
105625,4
105626,15
105627,28
105628,4
105629,3
105630,55
105631,49
105632,8
105633,2
105634,2
105635,5
105636,4
105637,37
105638,12
105639,8
105640,49
105641,8
105642,13
105643,8
105644,49
105645,1
105646,6
105647,5
105648,28
105649,49
105650,3
105651,40
105652,36
105653,7
105654,0
105655,5
105656,22
105657,10
105658,10
105659,40
105660,2
105661,25
105662,8
105663,9
105664,12
105665,29
105666,7
105667,6
105668,9
105669,1
105670,9
105671,59
105672,9
105673,7
105674,0
105675,28
105676,24
105677,23
105678,3
105679,1
105680,0
105681,0
105682,8
105683,0
105684,49
105685,9
105686,8
105687,2
105688,30
105689,55
105690,0
105691,3
105692,9
105693,1
105694,11
105695,55
105696,53
105697,5
105698,2
105699,25
105700,30
105701,39
105702,15
105703,24
105704,0
105705,0
105706,2
105707,1
105708,40
105709,3
105710,23
105711,7
105712,28
105713,12
105714,53
105715,0
105716,49
105717,53
105718,1
105719,6
105720,22
105721,39
105722,7
105723,58
105724,1
105725,6
105726,40
105727,5
105728,3
105729,17
105730,28
105731,9
105732,15
105733,3
105734,2
105735,40
105736,4
105737,25
105738,10
105739,7
105740,6
105741,8
105742,59
105743,53
105744,8
105745,15
105746,30
105747,9
105748,4
105749,49
105750,55
105751,3
105752,40
105753,9
105754,24
105755,6
105756,42
105757,27
105758,9
105759,8
105760,3
105761,23
105762,9
105763,17
105764,4
105765,28
105766,27
105767,28
105768,23
105769,28
105770,25
105771,30
105772,24
105773,42
105774,55
105775,0
105776,21
105777,7
105778,0
105779,1
105780,2
105781,34
105782,55
105783,5
105784,32
105785,4
105786,1
105787,4
105788,1
105789,34
105790,8
105791,14
105792,24
105793,26
105794,1
105795,10
105796,29
105797,53
105798,6
105799,4
105800,6
105801,7
105802,28
105803,53
105804,34
105805,32
105806,28
105807,53
105808,29
105809,10
105810,31
105811,27
105812,24
105813,24
105814,4
105815,3
105816,9
105817,5
105818,40
105819,4
105820,5
105821,0
105822,39
105823,43
105824,53
105825,33
105826,47
105827,0
105828,18
105829,43
105830,58
105831,30
105832,55
105833,8
105834,1
105835,0
105836,7
105837,9
105838,53
105839,40
105840,6
105841,24
105842,43
105843,34
105844,5
105845,40
105846,17
105847,21
105848,3
105849,15
105850,1
105851,5
105852,19
105853,24
105854,0
105855,8
105856,11
105857,25
105858,13
105859,6
105860,5
105861,9
105862,4
105863,2
105864,36
105865,35
105866,2
105867,22
105868,1
105869,37
105870,1
105871,24
105872,1
105873,26
105874,13
105875,12
105876,17
105877,2
105878,34
105879,30
105880,35
105881,2
105882,2
105883,5
105884,1
105885,53
105886,5
105887,2
105888,29
105889,5
105890,43
105891,2
105892,40
105893,37
105894,3
105895,3
105896,24
105897,9
105898,1
105899,5
105900,36
105901,53
105902,1
105903,15
105904,24
105905,4
105906,10
105907,9
105908,15
105909,6
105910,8
105911,35
105912,9
105913,24
105914,35
105915,15
105916,1
105917,9
105918,22
105919,3
105920,27
105921,8
105922,1
105923,58
105924,3
105925,27
105926,3
105927,29
105928,40
105929,3
105930,49
105931,8
105932,31
105933,4
105934,6
105935,24
105936,1
105937,1
105938,39
105939,23
105940,8
105941,47
105942,22
105943,8
105944,61
105945,6
105946,1
105947,7
105948,6
105949,55
105950,25
105951,22
105952,7
105953,24
105954,5
105955,9
105956,23
105957,55
105958,28
105959,31
105960,28
105961,5
105962,7
105963,2
105964,7
105965,5
105966,0
105967,3
105968,43
105969,1
105970,15
105971,3
105972,19
105973,40
105974,4
105975,27
105976,3
105977,6
105978,0
105979,39
105980,0
105981,1
105982,40
105983,9
105984,2
105985,3
105986,8
105987,6
105988,6
105989,6
105990,9
105991,23
105992,40
105993,5
105994,7
105995,25
105996,0
105997,3
105998,0
105999,2
106000,1
106001,18
106002,8
106003,2
106004,7
106005,6
106006,18
106007,29
106008,9
106009,25
106010,5
106011,1
106012,5
106013,19
106014,21
106015,8
106016,3
106017,9
106018,24
106019,7
106020,24
106021,28
106022,5
106023,39
106024,1
106025,7
106026,30
106027,6
106028,1
106029,29
106030,12
106031,22
106032,1
106033,55
106034,0
106035,9
106036,28
106037,24
106038,6
106039,7
106040,5
106041,3
106042,39
106043,39
106044,1
106045,43
106046,2
106047,6
106048,28
106049,22
106050,12
106051,55
106052,40
106053,43
106054,5
106055,5
106056,40
106057,1
106058,31
106059,1
106060,40
106061,5
106062,29
106063,15
106064,1
106065,40
106066,23
106067,3
106068,3
106069,32
106070,1
106071,22
106072,6
106073,0
106074,61
106075,3
106076,2
106077,5
106078,14
106079,1
106080,1
106081,39
106082,40
106083,6
106084,3
106085,3
106086,9
106087,28
106088,9
106089,24
106090,1
106091,13
106092,43
106093,9
106094,1
106095,39
106096,28
106097,6
106098,1
106099,25
106100,3
106101,22
106102,1
106103,2
106104,49
106105,9
106106,2
106107,36
106108,24
106109,7
106110,1
106111,36
106112,31
106113,9
106114,6
106115,2
106116,1
106117,32
106118,4
106119,7
106120,3
106121,8
106122,61
106123,30
106124,29
106125,4
106126,19
106127,39
106128,15
106129,7
106130,19
106131,22
106132,55
106133,21
106134,5
106135,6
106136,35
106137,30
106138,13
106139,37
106140,7
106141,18
106142,2
106143,6
106144,22
106145,2
106146,24
106147,53
106148,40
106149,5
106150,2
106151,21
106152,21
106153,26
106154,6
106155,3
106156,5
106157,6
106158,10
106159,0
106160,2
106161,3
106162,37
106163,30
106164,42
106165,36
106166,17
106167,23
106168,1
106169,3
106170,1
106171,3
106172,3
106173,4
106174,5
106175,7
106176,3
106177,0
106178,8
106179,6
106180,28
106181,23
106182,53
106183,9
106184,6
106185,6
106186,0
106187,7
106188,34
106189,0
106190,8
106191,24
106192,53
106193,3
106194,3
106195,7
106196,40
106197,18
106198,2
106199,34
106200,1
106201,55
106202,43
106203,32
106204,18
106205,1
106206,7
106207,6
106208,28
106209,55
106210,51
106211,36
106212,53
106213,7
106214,18
106215,3
106216,33
106217,1
106218,9
106219,4
106220,4
106221,15
106222,25
106223,39
106224,32
106225,55
106226,3
106227,24
106228,3
106229,6
106230,5
106231,2
106232,9
106233,40
106234,59
106235,2
106236,27
106237,9
106238,30
106239,30
106240,39
106241,10
106242,9
106243,44
106244,6
106245,9
106246,30
106247,4
106248,9
106249,28
106250,28
106251,28
106252,46
106253,2
106254,30
106255,1
106256,1
106257,18
106258,8
106259,3
106260,33
106261,16
106262,1
106263,44
106264,6
106265,8
106266,28
106267,9
106268,53
106269,11
106270,55
106271,6
106272,58
106273,46
106274,0
106275,9
106276,53
106277,12
106278,1
106279,9
106280,20
106281,1
106282,55
106283,4
106284,28
106285,24
106286,28
106287,0
106288,28
106289,32
106290,30
106291,12
106292,6
106293,5
106294,7
106295,8
106296,24
106297,9
106298,8
106299,7
106300,1
106301,5
106302,18
106303,40
106304,1
106305,24
106306,25
106307,5
106308,7
106309,34
106310,7
106311,18
106312,6
106313,13
106314,47
106315,15
106316,9
106317,7
106318,5
106319,29
106320,6
106321,17
106322,4
106323,9
106324,10
106325,7
106326,22
106327,3
106328,0
106329,0
106330,37
106331,8
106332,3
106333,9
106334,13
106335,3
106336,8
106337,2
106338,28
106339,34
106340,34
106341,24
106342,2
106343,22
106344,15
106345,12
106346,0
106347,47
106348,40
106349,8
106350,9
106351,4
106352,21
106353,40
106354,1
106355,4
106356,17
106357,4
106358,53
106359,49
106360,28
106361,30
106362,9
106363,1
106364,24
106365,31
106366,8
106367,3
106368,40
106369,11
106370,8
106371,53
106372,9
106373,40
106374,0
106375,36
106376,52
106377,8
106378,28
106379,8
106380,6
106381,0
106382,2
106383,40
106384,9
106385,1
106386,24
106387,43
106388,2
106389,8
106390,4
106391,24
106392,58
106393,5
106394,53
106395,49
106396,2
106397,2
106398,28
106399,10
106400,7
106401,6
106402,8
106403,49
106404,3
106405,6
106406,24
106407,24
106408,36
106409,8
106410,2
106411,18
106412,1
106413,3
106414,34
106415,1
106416,43
106417,5
106418,29
106419,40
106420,8
106421,9
106422,7
106423,35
106424,8
106425,20
106426,2
106427,55
106428,8
106429,22
106430,46
106431,6
106432,43
106433,40
106434,28
106435,56
106436,3
106437,7
106438,53
106439,39
106440,40
106441,5
106442,28
106443,31
106444,16
106445,7
106446,1
106447,18
106448,30
106449,5
106450,24
106451,1
106452,6
106453,6
106454,55
106455,4
106456,5
106457,3
106458,2
106459,5
106460,6
106461,28
106462,53
106463,2
106464,10
106465,0
106466,24
106467,18
106468,30
106469,12
106470,5
106471,20
106472,19
106473,15
106474,2
106475,35
106476,29
106477,25
106478,4
106479,12
106480,9
106481,7
106482,4
106483,15
106484,5
106485,43
106486,55
106487,3
106488,5
106489,6
106490,39
106491,4
106492,55
106493,40
106494,4
106495,30
106496,31
106497,13
106498,7
106499,20
106500,28
106501,55
106502,37
106503,55
106504,4
106505,53
106506,6
106507,6
106508,7
106509,6
106510,4
106511,1
106512,25
106513,8
106514,22
106515,33
106516,15
106517,12
106518,43
106519,9
106520,30
106521,3
106522,40
106523,1
106524,10
106525,8
106526,1
106527,3
106528,3
106529,30
106530,1
106531,4
106532,0
106533,9
106534,6
106535,21
106536,3
106537,55
106538,3
106539,30
106540,32
106541,1
106542,28
106543,28
106544,2
106545,5
106546,3
106547,39
106548,5
106549,8
106550,47
106551,60
106552,28
106553,43
106554,3
106555,2
106556,22
106557,8
106558,55
106559,22
106560,53
106561,24
106562,24
106563,6
106564,44
106565,4
106566,4
106567,53
106568,5
106569,31
106570,8
106571,5
106572,24
106573,30
106574,9
106575,7
106576,39
106577,16
106578,4
106579,18
106580,55
106581,5
106582,18
106583,1
106584,32
106585,49
106586,1
106587,2
106588,14
106589,0
106590,2
106591,30
106592,59
106593,28
106594,4
106595,6
106596,36
106597,8
106598,7
106599,29
106600,4
106601,35
106602,4
106603,7
106604,12
106605,30
106606,9
106607,2
106608,0
106609,42
106610,4
106611,49
106612,5
106613,0
106614,53
106615,10
106616,6
106617,1
106618,9
106619,36
106620,7
106621,12
106622,24
106623,28
106624,39
106625,28
106626,28
106627,1
106628,3
106629,2
106630,55
106631,3
106632,0
106633,5
106634,2
106635,47
106636,46
106637,28
106638,28
106639,0
106640,6
106641,0
106642,0
106643,53
106644,2
106645,8
106646,37
106647,1
106648,15
106649,1
106650,9
106651,49
106652,36
106653,1
106654,4
106655,0
106656,2
106657,1
106658,7
106659,52
106660,9
106661,6
106662,40
106663,24
106664,7
106665,20
106666,34
106667,18
106668,0
106669,1
106670,5
106671,12
106672,5
106673,9
106674,20
106675,8
106676,32
106677,8
106678,0
106679,6
106680,1
106681,2
106682,4
106683,1
106684,55
106685,0
106686,11
106687,1
106688,29
106689,24
106690,0
106691,5
106692,9
106693,4
106694,34
106695,12
106696,27
106697,6
106698,0
106699,9
106700,25
106701,1
106702,58
106703,40
106704,4
106705,1
106706,58
106707,0
106708,30
106709,8
106710,29
106711,1
106712,16
106713,32
106714,55
106715,19
106716,5
106717,0
106718,43
106719,9
106720,24
106721,8
106722,49
106723,15
106724,3
106725,29
106726,7
106727,4
106728,2
106729,15
106730,28
106731,16
106732,6
106733,9
106734,8
106735,22
106736,4
106737,0
106738,3
106739,35
106740,43
106741,20
106742,18
106743,8
106744,8
106745,49
106746,28
106747,17
106748,18
106749,0
106750,2
106751,8
106752,14
106753,8
106754,40
106755,7
106756,36
106757,4
106758,47
106759,3
106760,6
106761,4
106762,2
106763,17
106764,7
106765,6
106766,9
106767,3
106768,21
106769,5
106770,1
106771,5
106772,15
106773,7
106774,3
106775,4
106776,36
106777,0
106778,29
106779,23
106780,18
106781,1
106782,0
106783,23
106784,8
106785,4
106786,1
106787,5
106788,29
106789,23
106790,12
106791,6
106792,12
106793,2
106794,1
106795,0
106796,40
106797,25
106798,32
106799,55
106800,43
106801,53
106802,10
106803,12
106804,1
106805,5
106806,40
106807,6
106808,28
106809,8
106810,6
106811,3
106812,1
106813,9
106814,15
106815,49
106816,2
106817,3
106818,3
106819,12
106820,0
106821,3
106822,43
106823,7
106824,1
106825,1
106826,24
106827,2
106828,25
106829,53
106830,8
106831,55
106832,24
106833,3
106834,0
106835,1
106836,12
106837,2
106838,7
106839,30
106840,0
106841,4
106842,20
106843,53
106844,3
106845,1
106846,0
106847,1
106848,2
106849,3
106850,28
106851,37
106852,36
106853,37
106854,6
106855,24
106856,23
106857,2
106858,13
106859,2
106860,4
106861,46
106862,49
106863,7
106864,9
106865,9
106866,5
106867,7
106868,22
106869,40
106870,15
106871,43
106872,7
106873,27
106874,29
106875,24
106876,43
106877,40
106878,8
106879,40
106880,53
106881,55
106882,3
106883,6
106884,31
106885,3
106886,9
106887,31
106888,24
106889,4
106890,3
106891,2
106892,7
106893,2
106894,22
106895,1
106896,5
106897,14
106898,4
106899,32
106900,30
106901,0
106902,40
106903,24
106904,53
106905,23
106906,34
106907,8
106908,42
106909,4
106910,37
106911,53
106912,61
106913,25
106914,0
106915,18
106916,9
106917,7
106918,15
106919,3
106920,4
106921,30
106922,28
106923,2
106924,8
106925,0
106926,6
106927,31
106928,28
106929,25
106930,36
106931,15
106932,28
106933,36
106934,40
106935,1
106936,2
106937,3
106938,15
106939,7
106940,12
106941,28
106942,43
106943,8
106944,9
106945,5
106946,40
106947,0
106948,7
106949,6
106950,8
106951,7
106952,25
106953,28
106954,40
106955,9
106956,0
106957,13
106958,8
106959,21
106960,1
106961,9
106962,4
106963,24
106964,28
106965,29
106966,53
106967,28
106968,29
106969,1
106970,60
106971,1
106972,24
106973,28
106974,30
106975,4
106976,55
106977,36
106978,24
106979,8
106980,1
106981,6
106982,5
106983,30
106984,40
106985,8
106986,29
106987,4
106988,4
106989,3
106990,2
106991,5
106992,1
106993,7
106994,12
106995,3
106996,32
106997,49
106998,52
106999,9
107000,18
107001,37
107002,3
107003,9
107004,37
107005,58
107006,5
107007,3
107008,0
107009,4
107010,0
107011,8
107012,22
107013,5
107014,18
107015,12
107016,8
107017,3
107018,18
107019,30
107020,8
107021,49
107022,39
107023,55
107024,24
107025,5
107026,55
107027,40
107028,0
107029,6
107030,16
107031,2
107032,7
107033,34
107034,49
107035,40
107036,2
107037,10
107038,0
107039,1
107040,49
107041,8
107042,8
107043,1
107044,9
107045,14
107046,7
107047,39
107048,14
107049,2
107050,5
107051,0
107052,46
107053,39
107054,5
107055,2
107056,43
107057,7
107058,56
107059,2
107060,5
107061,6
107062,28
107063,31
107064,28
107065,28
107066,39
107067,36
107068,8
107069,24
107070,29
107071,3
107072,39
107073,5
107074,5
107075,7
107076,9
107077,6
107078,3
107079,9
107080,9
107081,9
107082,40
107083,39
107084,0
107085,22
107086,1
107087,53
107088,0
107089,53
107090,25
107091,58
107092,9
107093,39
107094,8
107095,36
107096,55
107097,28
107098,3
107099,17
107100,6
107101,22
107102,32
107103,39
107104,22
107105,7
107106,30
107107,34
107108,23
107109,28
107110,2
107111,2
107112,0
107113,2
107114,0
107115,6
107116,5
107117,3
107118,0
107119,49
107120,23
107121,47
107122,3
107123,1
107124,8
107125,21
107126,15
107127,6
107128,31
107129,43
107130,9
107131,0
107132,0
107133,1
107134,28
107135,6
107136,39
107137,0
107138,2
107139,0
107140,0
107141,43
107142,55
107143,3
107144,40
107145,13
107146,55
107147,29
107148,45
107149,24
107150,40
107151,1
107152,19
107153,31
107154,0
107155,5
107156,6
107157,8
107158,40
107159,8
107160,46
107161,43
107162,1
107163,5
107164,1
107165,40
107166,4
107167,43
107168,18
107169,0
107170,1
107171,43
107172,0
107173,7
107174,47
107175,30
107176,1
107177,3
107178,7
107179,36
107180,4
107181,39
107182,10
107183,7
107184,53
107185,8
107186,10
107187,30
107188,36
107189,58
107190,3
107191,1
107192,28
107193,2
107194,3
107195,6
107196,28
107197,6
107198,0
107199,1
107200,18
107201,6
107202,24
107203,40
107204,34
107205,30
107206,55
107207,3
107208,12
107209,6
107210,6
107211,3
107212,28
107213,9
107214,58
107215,7
107216,23
107217,40
107218,40
107219,15
107220,49
107221,2
107222,8
107223,1
107224,7
107225,5
107226,1
107227,49
107228,3
107229,8
107230,3
107231,7
107232,9
107233,49
107234,1
107235,18
107236,5
107237,2
107238,1
107239,12
107240,47
107241,24
107242,14
107243,9
107244,6
107245,9
107246,6
107247,30
107248,0
107249,28
107250,12
107251,2
107252,25
107253,27
107254,55
107255,1
107256,40
107257,29
107258,46
107259,8
107260,9
107261,31
107262,16
107263,49
107264,10
107265,31
107266,5
107267,22
107268,3
107269,3
107270,39
107271,2
107272,29
107273,39
107274,24
107275,0
107276,45
107277,5
107278,21
107279,0
107280,3
107281,4
107282,47
107283,55
107284,9
107285,5
107286,61
107287,8
107288,4
107289,3
107290,12
107291,5
107292,8
107293,34
107294,9
107295,25
107296,47
107297,1
107298,2
107299,36
107300,23
107301,23
107302,2
107303,31
107304,12
107305,0
107306,0
107307,55
107308,2
107309,37
107310,2
107311,55
107312,1
107313,9
107314,2
107315,16
107316,30
107317,8
107318,24
107319,0
107320,2
107321,0
107322,17
107323,25
107324,4
107325,7
107326,6
107327,2
107328,61
107329,29
107330,2
107331,1
107332,9
107333,5
107334,49
107335,6
107336,2
107337,12
107338,55
107339,3
107340,7
107341,9
107342,10
107343,32
107344,12
107345,24
107346,5
107347,34
107348,22
107349,1
107350,24
107351,10
107352,4
107353,30
107354,22
107355,7
107356,5
107357,40
107358,14
107359,28
107360,3
107361,24
107362,55
107363,7
107364,9
107365,27
107366,39
107367,31
107368,7
107369,55
107370,2
107371,3
107372,28
107373,9
107374,56
107375,1
107376,4
107377,8
107378,15
107379,58
107380,7
107381,5
107382,1
107383,9
107384,2
107385,6
107386,3
107387,5
107388,30
107389,3
107390,7
107391,7
107392,4
107393,36
107394,15
107395,6
107396,0
107397,55
107398,1
107399,26
107400,33
107401,6
107402,53
107403,7
107404,1
107405,39
107406,3
107407,19
107408,40
107409,2
107410,4
107411,29
107412,24
107413,9
107414,51
107415,2
107416,27
107417,40
107418,23
107419,39
107420,12
107421,7
107422,53
107423,5
107424,3
107425,6
107426,0
107427,8
107428,24
107429,7
107430,58
107431,49
107432,34
107433,5
107434,5
107435,8
107436,40
107437,3
107438,6
107439,24
107440,55
107441,55
107442,3
107443,2
107444,4
107445,59
107446,3
107447,9
107448,0
107449,1
107450,4
107451,2
107452,24
107453,0
107454,1
107455,46
107456,1
107457,2
107458,4
107459,40
107460,28
107461,6
107462,0
107463,15
107464,11
107465,7
107466,40
107467,9
107468,5
107469,6
107470,0
107471,30
107472,7
107473,24
107474,6
107475,55
107476,5
107477,24
107478,3
107479,5
107480,1
107481,9
107482,9
107483,30
107484,2
107485,2
107486,21
107487,37
107488,5
107489,28
107490,55
107491,55
107492,3
107493,24
107494,0
107495,36
107496,35
107497,53
107498,49
107499,61
107500,43
107501,1
107502,9
107503,28
107504,0
107505,15
107506,9
107507,49
107508,12
107509,8
107510,5
107511,12
107512,23
107513,3
107514,6
107515,58
107516,9
107517,0
107518,3
107519,9
107520,10
107521,0
107522,0
107523,6
107524,12
107525,0
107526,5
107527,5
107528,4
107529,14
107530,39
107531,28
107532,20
107533,55
107534,9
107535,1
107536,24
107537,1
107538,11
107539,3
107540,1
107541,30
107542,30
107543,40
107544,2
107545,19
107546,8
107547,28
107548,3
107549,1
107550,7
107551,39
107552,24
107553,1
107554,6
107555,27
107556,30
107557,4
107558,5
107559,2
107560,7
107561,18
107562,15
107563,0
107564,9
107565,40
107566,11
107567,0
107568,53
107569,30
107570,5
107571,4
107572,4
107573,8
107574,1
107575,9
107576,49
107577,6
107578,4
107579,5
107580,9
107581,23
107582,8
107583,9
107584,2
107585,6
107586,40
107587,14
107588,28
107589,9
107590,12
107591,33
107592,4
107593,2
107594,29
107595,30
107596,0
107597,3
107598,1
107599,22
107600,43
107601,12
107602,6
107603,7
107604,23
107605,0
107606,24
107607,9
107608,7
107609,9
107610,24
107611,3
107612,6
107613,6
107614,1
107615,8
107616,59
107617,30
107618,3
107619,5
107620,8
107621,59
107622,1
107623,22
107624,5
107625,28
107626,6
107627,15
107628,52
107629,0
107630,1
107631,6
107632,2
107633,4
107634,1
107635,18
107636,6
107637,32
107638,7
107639,8
107640,4
107641,0
107642,29
107643,28
107644,14
107645,61
107646,6
107647,7
107648,17
107649,8
107650,7
107651,35
107652,0
107653,24
107654,53
107655,43
107656,6
107657,2
107658,40
107659,9
107660,40
107661,47
107662,7
107663,7
107664,22
107665,2
107666,25
107667,55
107668,3
107669,6
107670,4
107671,3
107672,28
107673,5
107674,59
107675,49
107676,22
107677,3
107678,49
107679,28
107680,2
107681,7
107682,15
107683,8
107684,37
107685,4
107686,46
107687,58
107688,11
107689,13
107690,15
107691,6
107692,40
107693,4
107694,7
107695,39
107696,30
107697,4
107698,28
107699,4
107700,3
107701,17
107702,43
107703,22
107704,5
107705,15
107706,26
107707,55
107708,37
107709,5
107710,5
107711,14
107712,49
107713,24
107714,20
107715,9
107716,1
107717,6
107718,5
107719,2
107720,8
107721,60
107722,12
107723,28
107724,6
107725,8
107726,7
107727,1
107728,9
107729,0
107730,6
107731,0
107732,1
107733,9
107734,24
107735,23
107736,25
107737,28
107738,0
107739,8
107740,5
107741,2
107742,24
107743,2
107744,36
107745,28
107746,1
107747,28
107748,24
107749,0
107750,29
107751,53
107752,55
107753,28
107754,4
107755,5
107756,8
107757,36
107758,2
107759,1
107760,43
107761,29
107762,6
107763,18
107764,30
107765,2
107766,18
107767,43
107768,1
107769,7
107770,2
107771,49
107772,9
107773,40
107774,21
107775,1
107776,7
107777,40
107778,30
107779,19
107780,49
107781,22
107782,19
107783,1
107784,30
107785,2
107786,8
107787,1
107788,55
107789,15
107790,26
107791,32
107792,6
107793,36
107794,0
107795,4
107796,22
107797,6
107798,7
107799,39
107800,9
107801,4
107802,1
107803,9
107804,24
107805,1
107806,24
107807,4
107808,7
107809,15
107810,0
107811,55
107812,0
107813,9
107814,6
107815,9
107816,43
107817,40
107818,24
107819,15
107820,1
107821,28
107822,6
107823,53
107824,24
107825,55
107826,43
107827,7
107828,10
107829,2
107830,18
107831,1
107832,0
107833,30
107834,55
107835,10
107836,49
107837,4
107838,2
107839,8
107840,24
107841,21
107842,8
107843,9
107844,0
107845,9
107846,40
107847,3
107848,49
107849,22
107850,1
107851,25
107852,5
107853,1
107854,4
107855,40
107856,25
107857,39
107858,53
107859,29
107860,24
107861,31
107862,7
107863,7
107864,2
107865,5
107866,28
107867,1
107868,24
107869,2
107870,10
107871,40
107872,55
107873,5
107874,7
107875,40
107876,6
107877,8
107878,1
107879,23
107880,22
107881,35
107882,1
107883,1
107884,6
107885,2
107886,16
107887,0
107888,24
107889,0
107890,18
107891,4
107892,43
107893,49
107894,6
107895,60
107896,39
107897,0
107898,6
107899,40
107900,37
107901,3
107902,25
107903,28
107904,27
107905,40
107906,8
107907,42
107908,9
107909,22
107910,20
107911,9
107912,3
107913,4
107914,55
107915,0
107916,15
107917,53
107918,22
107919,23
107920,8
107921,4
107922,43
107923,3
107924,7
107925,5
107926,10
107927,19
107928,40
107929,40
107930,23
107931,6
107932,3
107933,5
107934,8
107935,7
107936,36
107937,7
107938,45
107939,4
107940,0
107941,16
107942,24
107943,43
107944,49
107945,49
107946,40
107947,25
107948,7
107949,11
107950,0
107951,9
107952,40
107953,55
107954,4
107955,40
107956,23
107957,0
107958,6
107959,28
107960,15
107961,3
107962,2
107963,1
107964,22
107965,12
107966,55
107967,0
107968,1
107969,40
107970,3
107971,7
107972,37
107973,28
107974,59
107975,55
107976,40
107977,41
107978,61
107979,40
107980,36
107981,55
107982,4
107983,12
107984,5
107985,25
107986,58
107987,4
107988,9
107989,7
107990,9
107991,10
107992,0
107993,8
107994,6
107995,15
107996,17
107997,8
107998,53
107999,2
108000,32
108001,9
108002,5
108003,53
108004,27
108005,12
108006,43
108007,28
108008,6
108009,3
108010,0
108011,4
108012,0
108013,18
108014,4
108015,8
108016,24
108017,18
108018,0
108019,28
108020,27
108021,21
108022,28
108023,0
108024,9
108025,53
108026,8
108027,23
108028,3
108029,2
108030,1
108031,27
108032,48
108033,1
108034,7
108035,40
108036,2
108037,5
108038,8
108039,4
108040,49
108041,7
108042,40
108043,25
108044,0
108045,24
108046,27
108047,19
108048,29
108049,2
108050,32
108051,28
108052,40
108053,0
108054,9
108055,1
108056,29
108057,7
108058,7
108059,25
108060,9
108061,6
108062,7
108063,35
108064,15
108065,0
108066,8
108067,49
108068,34
108069,28
108070,2
108071,7
108072,1
108073,0
108074,1
108075,7
108076,3
108077,3
108078,20
108079,25
108080,53
108081,1
108082,22
108083,40
108084,1
108085,1
108086,36
108087,55
108088,8
108089,15
108090,40
108091,9
108092,3
108093,17
108094,40
108095,25
108096,24
108097,25
108098,53
108099,55
108100,40
108101,39
108102,52
108103,10
108104,1
108105,30
108106,24
108107,8
108108,9
108109,15
108110,53
108111,9
108112,5
108113,15
108114,3
108115,15
108116,9
108117,0
108118,4
108119,20
108120,0
108121,59
108122,1
108123,10
108124,55
108125,16
108126,0
108127,6
108128,24
108129,12
108130,6
108131,29
108132,4
108133,4
108134,9
108135,44
108136,30
108137,2
108138,19
108139,0
108140,3
108141,4
108142,0
108143,15
108144,40
108145,8
108146,4
108147,30
108148,0
108149,6
108150,3
108151,6
108152,2
108153,9
108154,24
108155,2
108156,9
108157,55
108158,40
108159,6
108160,32
108161,8
108162,55
108163,1
108164,24
108165,17
108166,8
108167,40
108168,24
108169,23
108170,2
108171,36
108172,55
108173,18
108174,28
108175,12
108176,28
108177,55
108178,24
108179,9
108180,55
108181,37
108182,8
108183,2
108184,2
108185,3
108186,5
108187,1
108188,4
108189,28
108190,7
108191,24
108192,6
108193,49
108194,7
108195,1
108196,7
108197,20
108198,9
108199,0
108200,3
108201,24
108202,22
108203,28
108204,30
108205,2
108206,25
108207,2
108208,53
108209,14
108210,1
108211,55
108212,1
108213,28
108214,6
108215,23
108216,28
108217,1
108218,6
108219,12
108220,21
108221,0
108222,29
108223,40
108224,1
108225,3
108226,28
108227,34
108228,1
108229,55
108230,40
108231,7
108232,2
108233,16
108234,8
108235,7
108236,22
108237,23
108238,8
108239,34
108240,56
108241,8
108242,4
108243,1
108244,2
108245,40
108246,6
108247,53
108248,9
108249,7
108250,33
108251,23
108252,17
108253,2
108254,43
108255,6
108256,3
108257,40
108258,18
108259,39
108260,7
108261,53
108262,3
108263,1
108264,43
108265,4
108266,6
108267,0
108268,5
108269,24
108270,12
108271,2
108272,35
108273,5
108274,7
108275,9
108276,3
108277,18
108278,6
108279,1
108280,9
108281,36
108282,40
108283,0
108284,30
108285,2
108286,53
108287,0
108288,40
108289,3
108290,0
108291,3
108292,28
108293,40
108294,5
108295,12
108296,9
108297,3
108298,55
108299,17
108300,53
108301,5
108302,34
108303,35
108304,7
108305,28
108306,3
108307,30
108308,9
108309,52
108310,28
108311,2
108312,2
108313,28
108314,1
108315,9
108316,0
108317,21
108318,1
108319,1
108320,8
108321,46
108322,1
108323,6
108324,5
108325,29
108326,1
108327,3
108328,51
108329,1
108330,25
108331,40
108332,32
108333,1
108334,28
108335,0
108336,2
108337,53
108338,8
108339,5
108340,37
108341,28
108342,1
108343,24
108344,33
108345,53
108346,1
108347,5
108348,31
108349,30
108350,5
108351,2
108352,7
108353,9
108354,9
108355,30
108356,55
108357,10
108358,1
108359,23
108360,7
108361,3
108362,6
108363,55
108364,12
108365,55
108366,19
108367,53
108368,14
108369,18
108370,24
108371,12
108372,30
108373,2
108374,24
108375,2
108376,10
108377,3
108378,2
108379,5
108380,1
108381,2
108382,47
108383,12
108384,2
108385,7
108386,60
108387,30
108388,5
108389,2
108390,4
108391,2
108392,16
108393,49
108394,6
108395,7
108396,9
108397,18
108398,12
108399,9
108400,4
108401,55
108402,1
108403,1
108404,10
108405,6
108406,3
108407,22
108408,8
108409,5
108410,5
108411,9
108412,2
108413,40
108414,8
108415,37
108416,25
108417,13
108418,40
108419,28
108420,28
108421,55
108422,3
108423,12
108424,7
108425,10
108426,28
108427,6
108428,53
108429,1
108430,55
108431,12
108432,7
108433,7
108434,5
108435,2
108436,22
108437,12
108438,17
108439,0
108440,8
108441,24
108442,24
108443,1
108444,55
108445,13
108446,5
108447,8
108448,42
108449,5
108450,28
108451,36
108452,2
108453,4
108454,9
108455,25
108456,1
108457,25
108458,1
108459,28
108460,29
108461,4
108462,6
108463,36
108464,6
108465,2
108466,7
108467,7
108468,8
108469,30
108470,9
108471,18
108472,7
108473,28
108474,1
108475,25
108476,53
108477,58
108478,28
108479,2
108480,1
108481,6
108482,22
108483,24
108484,5
108485,34
108486,2
108487,1
108488,15
108489,29
108490,6
108491,28
108492,55
108493,28
108494,28
108495,55
108496,4
108497,12
108498,7
108499,9
108500,3
108501,4
108502,53
108503,0
108504,28
108505,21
108506,7
108507,7
108508,53
108509,12
108510,40
108511,9
108512,12
108513,10
108514,5
108515,0
108516,1
108517,25
108518,6
108519,30
108520,25
108521,1
108522,3
108523,7
108524,2
108525,6
108526,0
108527,2
108528,55
108529,14
108530,3
108531,7
108532,2
108533,1
108534,9
108535,3
108536,24
108537,7
108538,18
108539,0
108540,1
108541,10
108542,0
108543,26
108544,28
108545,0
108546,6
108547,6
108548,2
108549,0
108550,1
108551,40
108552,33
108553,1
108554,2
108555,9
108556,12
108557,15
108558,2
108559,13
108560,2
108561,4
108562,1
108563,11
108564,30
108565,29
108566,8
108567,5
108568,0
108569,1
108570,8
108571,3
108572,0
108573,12
108574,15
108575,3
108576,28
108577,15
108578,16
108579,30
108580,4
108581,5
108582,8
108583,47
108584,30
108585,49
108586,22
108587,3
108588,15
108589,24
108590,24
108591,5
108592,8
108593,0
108594,1
108595,8
108596,23
108597,4
108598,22
108599,14
108600,46
108601,28
108602,8
108603,13
108604,8
108605,12
108606,40
108607,1
108608,1
108609,1
108610,2
108611,7
108612,25
108613,12
108614,2
108615,25
108616,25
108617,0
108618,42
108619,3
108620,2
108621,7
108622,30
108623,0
108624,28
108625,3
108626,7
108627,53
108628,14
108629,16
108630,27
108631,28
108632,5
108633,4
108634,59
108635,23
108636,8
108637,18
108638,8
108639,2
108640,5
108641,24
108642,49
108643,22
108644,36
108645,1
108646,39
108647,1
108648,32
108649,25
108650,18
108651,31
108652,53
108653,28
108654,55
108655,40
108656,9
108657,19
108658,6
108659,34
108660,52
108661,9
108662,40
108663,30
108664,42
108665,4
108666,31
108667,12
108668,5
108669,55
108670,3
108671,27
108672,5
108673,0
108674,7
108675,1
108676,53
108677,24
108678,2
108679,1
108680,7
108681,9
108682,28
108683,3
108684,5
108685,9
108686,3
108687,6
108688,9
108689,10
108690,4
108691,28
108692,3
108693,59
108694,6
108695,0
108696,1
108697,1
108698,0
108699,0
108700,48
108701,6
108702,8
108703,40
108704,2
108705,1
108706,36
108707,53
108708,6
108709,0
108710,2
108711,55
108712,27
108713,18
108714,24
108715,18
108716,5
108717,13
108718,53
108719,7
108720,49
108721,34
108722,30
108723,44
108724,8
108725,55
108726,1
108727,1
108728,9
108729,0
108730,18
108731,25
108732,24
108733,4
108734,2
108735,9
108736,25
108737,7
108738,5
108739,6
108740,1
108741,36
108742,8
108743,24
108744,13
108745,13
108746,7
108747,8
108748,36
108749,8
108750,6
108751,8
108752,49
108753,30
108754,15
108755,59
108756,6
108757,17
108758,18
108759,6
108760,25
108761,7
108762,1
108763,46
108764,27
108765,12
108766,22
108767,12
108768,55
108769,33
108770,9
108771,5
108772,30
108773,8
108774,22
108775,60
108776,0
108777,0
108778,2
108779,61
108780,12
108781,27
108782,36
108783,30
108784,14
108785,9
108786,6
108787,28
108788,3
108789,14
108790,9
108791,22
108792,24
108793,0
108794,19
108795,2
108796,6
108797,40
108798,3
108799,5
108800,1
108801,6
108802,47
108803,0
108804,1
108805,24
108806,28
108807,15
108808,45
108809,43
108810,5
108811,10
108812,23
108813,9
108814,12
108815,4
108816,3
108817,28
108818,46
108819,30
108820,25
108821,7
108822,28
108823,1
108824,1
108825,8
108826,6
108827,3
108828,4
108829,33
108830,20
108831,55
108832,8
108833,7
108834,1
108835,1
108836,9
108837,4
108838,4
108839,11
108840,0
108841,9
108842,5
108843,3
108844,3
108845,9
108846,16
108847,0
108848,24
108849,9
108850,4
108851,0
108852,40
108853,40
108854,34
108855,7
108856,2
108857,3
108858,1
108859,3
108860,20
108861,28
108862,1
108863,3
108864,6
108865,15
108866,7
108867,7
108868,7
108869,36
108870,16
108871,36
108872,0
108873,0
108874,22
108875,6
108876,40
108877,8
108878,12
108879,53
108880,7
108881,15
108882,43
108883,0
108884,4
108885,29
108886,22
108887,15
108888,36
108889,7
108890,7
108891,2
108892,55
108893,7
108894,12
108895,1
108896,5
108897,55
108898,4
108899,28
108900,18
108901,24
108902,40
108903,0
108904,30
108905,8
108906,30
108907,53
108908,0
108909,55
108910,4
108911,24
108912,40
108913,6
108914,2
108915,0
108916,3
108917,18
108918,35
108919,2
108920,1
108921,29
108922,32
108923,4
108924,24
108925,2
108926,18
108927,10
108928,27
108929,17
108930,0
108931,10
108932,55
108933,9
108934,17
108935,8
108936,2
108937,7
108938,4
108939,40
108940,40
108941,25
108942,30
108943,15
108944,22
108945,4
108946,2
108947,24
108948,11
108949,4
108950,18
108951,2
108952,28
108953,40
108954,14
108955,49
108956,12
108957,24
108958,29
108959,4
108960,1
108961,34
108962,8
108963,40
108964,12
108965,6
108966,53
108967,5
108968,43
108969,7
108970,0
108971,4
108972,3
108973,9
108974,28
108975,56
108976,27
108977,6
108978,55
108979,28
108980,18
108981,4
108982,25
108983,7
108984,9
108985,1
108986,10
108987,24
108988,24
108989,18
108990,8
108991,49
108992,29
108993,9
108994,31
108995,0
108996,8
108997,5
108998,28
108999,24
109000,55
109001,9
109002,28
109003,40
109004,29
109005,4
109006,17
109007,7
109008,18
109009,2
109010,25
109011,28
109012,23
109013,0
109014,11
109015,7
109016,33
109017,47
109018,52
109019,18
109020,0
109021,20
109022,55
109023,40
109024,53
109025,15
109026,40
109027,7
109028,21
109029,40
109030,53
109031,24
109032,7
109033,36
109034,1
109035,49
109036,27
109037,7
109038,22
109039,18
109040,4
109041,4
109042,1
109043,7
109044,9
109045,2
109046,4
109047,55
109048,39
109049,25
109050,49
109051,28
109052,1
109053,7
109054,1
109055,3
109056,7
109057,32
109058,12
109059,1
109060,0
109061,36
109062,47
109063,7
109064,7
109065,40
109066,1
109067,1
109068,7
109069,6
109070,57
109071,9
109072,3
109073,39
109074,5
109075,5
109076,31
109077,4
109078,61
109079,2
109080,30
109081,24
109082,49
109083,28
109084,6
109085,4
109086,6
109087,5
109088,12
109089,53
109090,6
109091,27
109092,1
109093,8
109094,1
109095,8
109096,0
109097,3
109098,5
109099,24
109100,16
109101,9
109102,18
109103,7
109104,0
109105,3
109106,15
109107,40
109108,55
109109,7
109110,60
109111,53
109112,28
109113,22
109114,3
109115,24
109116,0
109117,7
109118,7
109119,53
109120,2
109121,7
109122,40
109123,4
109124,8
109125,1
109126,30
109127,11
109128,3
109129,49
109130,24
109131,3
109132,21
109133,10
109134,8
109135,28
109136,40
109137,47
109138,4
109139,3
109140,15
109141,40
109142,8
109143,8
109144,24
109145,47
109146,0
109147,27
109148,7
109149,16
109150,18
109151,29
109152,11
109153,34
109154,3
109155,8
109156,1
109157,0
109158,28
109159,28
109160,1
109161,4
109162,19
109163,15
109164,21
109165,2
109166,24
109167,36
109168,40
109169,9
109170,55
109171,40
109172,0
109173,55
109174,7
109175,3
109176,0
109177,8
109178,8
109179,7
109180,29
109181,28
109182,8
109183,4
109184,1
109185,53
109186,9
109187,3
109188,4
109189,21
109190,1
109191,23
109192,22
109193,53
109194,49
109195,0
109196,7
109197,9
109198,1
109199,31
109200,55
109201,36
109202,30
109203,39
109204,7
109205,3
109206,0
109207,15
109208,51
109209,7
109210,40
109211,18
109212,5
109213,9
109214,46
109215,3
109216,15
109217,30
109218,4
109219,7
109220,26
109221,7
109222,15
109223,2
109224,28
109225,40
109226,0
109227,4
109228,6
109229,2
109230,9
109231,5
109232,55
109233,5
109234,55
109235,31
109236,7
109237,2
109238,1
109239,22
109240,10
109241,5
109242,3
109243,40
109244,2
109245,0
109246,2
109247,53
109248,24
109249,12
109250,9
109251,5
109252,40
109253,9
109254,0
109255,35
109256,9
109257,2
109258,8
109259,1
109260,2
109261,47
109262,53
109263,18
109264,8
109265,24
109266,7
109267,5
109268,4
109269,19
109270,0
109271,24
109272,28
109273,36
109274,1
109275,28
109276,28
109277,1
109278,12
109279,34
109280,2
109281,5
109282,3
109283,2
109284,8
109285,1
109286,24
109287,8
109288,7
109289,9
109290,3
109291,24
109292,1
109293,9
109294,32
109295,25
109296,31
109297,1
109298,30
109299,9
109300,3
109301,6
109302,0
109303,17
109304,4
109305,49
109306,3
109307,47
109308,4
109309,9
109310,9
109311,5
109312,24
109313,53
109314,0
109315,1
109316,7
109317,8
109318,6
109319,3
109320,40
109321,2
109322,28
109323,6
109324,9
109325,22
109326,2
109327,30
109328,0
109329,29
109330,44
109331,49
109332,4
109333,1
109334,7
109335,2
109336,7
109337,51
109338,0
109339,9
109340,14
109341,24
109342,31
109343,24
109344,61
109345,29
109346,49
109347,0
109348,0
109349,4
109350,0
109351,11
109352,30
109353,22
109354,28
109355,59
109356,1
109357,24
109358,23
109359,40
109360,0
109361,7
109362,5
109363,15
109364,0
109365,22
109366,29
109367,4
109368,30
109369,6
109370,8
109371,44
109372,53
109373,15
109374,29
109375,1
109376,0
109377,6
109378,3
109379,2
109380,29
109381,1
109382,2
109383,28
109384,1
109385,0
109386,40
109387,55
109388,0
109389,1
109390,5
109391,1
109392,6
109393,4
109394,31
109395,12
109396,36
109397,15
109398,27
109399,28
109400,1
109401,8
109402,4
109403,5
109404,19
109405,30
109406,9
109407,6
109408,14
109409,53
109410,0
109411,9
109412,4
109413,3
109414,1
109415,3
109416,1
109417,7
109418,18
109419,18
109420,1
109421,1
109422,4
109423,1
109424,40
109425,7
109426,1
109427,1
109428,7
109429,40
109430,53
109431,37
109432,30
109433,30
109434,9
109435,6
109436,3
109437,1
109438,2
109439,9
109440,36
109441,2
109442,1
109443,22
109444,0
109445,29
109446,10
109447,8
109448,10
109449,19
109450,18
109451,33
109452,28
109453,1
109454,49
109455,49
109456,38
109457,53
109458,30
109459,3
109460,24
109461,9
109462,7
109463,0
109464,11
109465,7
109466,1
109467,9
109468,8
109469,4
109470,55
109471,34
109472,43
109473,28
109474,20
109475,7
109476,15
109477,53
109478,17
109479,30
109480,34
109481,2
109482,5
109483,0
109484,12
109485,5
109486,3
109487,6
109488,24
109489,4
109490,32
109491,28
109492,0
109493,8
109494,36
109495,8
109496,8
109497,5
109498,9
109499,7
109500,28
109501,15
109502,40
109503,4
109504,9
109505,0
109506,6
109507,24
109508,12
109509,9
109510,4
109511,7
109512,2
109513,28
109514,55
109515,24
109516,25
109517,3
109518,3
109519,55
109520,6
109521,6
109522,28
109523,49
109524,1
109525,24
109526,0
109527,4
109528,4
109529,43
109530,2
109531,8
109532,24
109533,40
109534,2
109535,53
109536,9
109537,13
109538,40
109539,7
109540,6
109541,0
109542,0
109543,7
109544,9
109545,23
109546,15
109547,61
109548,39
109549,28
109550,49
109551,24
109552,0
109553,8
109554,9
109555,0
109556,36
109557,36
109558,32
109559,1
109560,32
109561,55
109562,53
109563,8
109564,28
109565,30
109566,27
109567,9
109568,23
109569,25
109570,11
109571,1
109572,7
109573,1
109574,5
109575,6
109576,59
109577,7
109578,36
109579,4
109580,0
109581,1
109582,2
109583,9
109584,21
109585,3
109586,28
109587,55
109588,6
109589,18
109590,13
109591,4
109592,1
109593,43
109594,9
109595,3
109596,39
109597,1
109598,3
109599,27
109600,53
109601,7
109602,1
109603,2
109604,23
109605,2
109606,34
109607,9
109608,24
109609,58
109610,24
109611,4
109612,10
109613,8
109614,24
109615,24
109616,6
109617,10
109618,28
109619,2
109620,39
109621,59
109622,49
109623,14
109624,4
109625,0
109626,13
109627,2
109628,7
109629,1
109630,8
109631,2
109632,40
109633,18
109634,5
109635,6
109636,4
109637,6
109638,1
109639,25
109640,8
109641,28
109642,15
109643,30
109644,7
109645,55
109646,9
109647,9
109648,28
109649,2
109650,39
109651,1
109652,4
109653,1
109654,40
109655,35
109656,33
109657,28
109658,18
109659,28
109660,0
109661,12
109662,31
109663,9
109664,0
109665,3
109666,12
109667,4
109668,6
109669,0
109670,21
109671,4
109672,2
109673,43
109674,2
109675,46
109676,8
109677,1
109678,40
109679,15
109680,8
109681,42
109682,7
109683,9
109684,1
109685,4
109686,1
109687,4
109688,2
109689,5
109690,9
109691,22
109692,0
109693,0
109694,5
109695,53
109696,22
109697,4
109698,3
109699,6
109700,7
109701,24
109702,24
109703,39
109704,1
109705,49
109706,7
109707,24
109708,6
109709,9
109710,12
109711,7
109712,4
109713,30
109714,29
109715,15
109716,40
109717,61
109718,2
109719,17
109720,3
109721,1
109722,14
109723,8
109724,29
109725,8
109726,49
109727,0
109728,7
109729,0
109730,4
109731,14
109732,47
109733,24
109734,1
109735,14
109736,24
109737,49
109738,6
109739,39
109740,28
109741,3
109742,5
109743,3
109744,1
109745,5
109746,19
109747,6
109748,7
109749,45
109750,6
109751,53
109752,30
109753,4
109754,0
109755,9
109756,55
109757,39
109758,15
109759,29
109760,16
109761,22
109762,3
109763,30
109764,28
109765,5
109766,4
109767,2
109768,4
109769,1
109770,1
109771,6
109772,23
109773,4
109774,6
109775,30
109776,4
109777,9
109778,2
109779,24
109780,30
109781,5
109782,7
109783,8
109784,2
109785,53
109786,3
109787,40
109788,9
109789,35
109790,24
109791,0
109792,1
109793,6
109794,7
109795,2
109796,39
109797,9
109798,0
109799,6
109800,7
109801,4
109802,2
109803,3
109804,53
109805,6
109806,9
109807,9
109808,28
109809,5
109810,1
109811,53
109812,40
109813,7
109814,14
109815,7
109816,19
109817,8
109818,1
109819,4
109820,7
109821,15
109822,2
109823,6
109824,6
109825,3
109826,55
109827,40
109828,53
109829,0
109830,24
109831,9
109832,5
109833,7
109834,55
109835,3
109836,30
109837,3
109838,4
109839,2
109840,3
109841,0
109842,5
109843,3
109844,27
109845,43
109846,1
109847,5
109848,21
109849,17
109850,5
109851,15
109852,22
109853,23
109854,1
109855,25
109856,15
109857,5
109858,1
109859,0
109860,49
109861,2
109862,1
109863,1
109864,7
109865,24
109866,12
109867,0
109868,10
109869,9
109870,9
109871,39
109872,3
109873,28
109874,0
109875,8
109876,28
109877,4
109878,55
109879,28
109880,15
109881,30
109882,36
109883,5
109884,3
109885,4
109886,40
109887,7
109888,9
109889,32
109890,6
109891,25
109892,8
109893,14
109894,24
109895,36
109896,0
109897,37
109898,59
109899,18
109900,7
109901,0
109902,29
109903,4
109904,2
109905,15
109906,7
109907,10
109908,22
109909,25
109910,5
109911,5
109912,2
109913,1
109914,7
109915,9
109916,8
109917,3
109918,4
109919,8
109920,29
109921,52
109922,4
109923,0
109924,0
109925,8
109926,9
109927,53
109928,1
109929,9
109930,5
109931,40
109932,4
109933,4
109934,16
109935,29
109936,28
109937,42
109938,25
109939,49
109940,55
109941,47
109942,24
109943,20
109944,25
109945,9
109946,36
109947,39
109948,49
109949,6
109950,53
109951,3
109952,12
109953,14
109954,6
109955,53
109956,12
109957,29
109958,4
109959,43
109960,7
109961,55
109962,8
109963,55
109964,0
109965,9
109966,53
109967,40
109968,36
109969,55
109970,9
109971,2
109972,1
109973,7
109974,37
109975,53
109976,36
109977,29
109978,2
109979,24
109980,6
109981,3
109982,30
109983,0
109984,4
109985,2
109986,9
109987,2
109988,30
109989,3
109990,5
109991,4
109992,12
109993,39
109994,1
109995,1
109996,3
109997,21
109998,15
109999,1
110000,7
110001,29
110002,5
110003,26
110004,53
110005,9
110006,11
110007,6
110008,6
110009,8
110010,46
110011,1
110012,1
110013,49
110014,6
110015,6
110016,23
110017,7
110018,3
110019,7
110020,0
110021,8
110022,28
110023,19
110024,25
110025,30
110026,30
110027,18
110028,4
110029,9
110030,0
110031,36
110032,6
110033,2
110034,34
110035,28
110036,18
110037,7
110038,13
110039,3
110040,5
110041,21
110042,36
110043,7
110044,5
110045,3
110046,4
110047,39
110048,8
110049,43
110050,28
110051,2
110052,5
110053,29
110054,6
110055,55
110056,0
110057,2
110058,1
110059,1
110060,0
110061,0
110062,16
110063,30
110064,1
110065,15
110066,43
110067,52
110068,5
110069,4
110070,39
110071,6
110072,40
110073,22
110074,55
110075,39
110076,49
110077,9
110078,6
110079,26
110080,15
110081,23
110082,17
110083,8
110084,12
110085,4
110086,22
110087,31
110088,3
110089,24
110090,13
110091,36
110092,28
110093,12
110094,28
110095,15
110096,28
110097,0
110098,1
110099,37
110100,0
110101,0
110102,6
110103,5
110104,24
110105,53
110106,8
110107,9
110108,1
110109,12
110110,8
110111,30
110112,30
110113,15
110114,0
110115,8
110116,55
110117,29
110118,24
110119,1
110120,15
110121,40
110122,52
110123,4
110124,6
110125,2
110126,2
110127,10
110128,28
110129,18
110130,21
110131,55
110132,1
110133,3
110134,18
110135,1
110136,43
110137,5
110138,4
110139,1
110140,8
110141,8
110142,4
110143,16
110144,7
110145,55
110146,53
110147,55
110148,53
110149,1
110150,6
110151,6
110152,11
110153,14
110154,3
110155,8
110156,12
110157,9
110158,8
110159,8
110160,40
110161,3
110162,6
110163,8
110164,2
110165,8
110166,3
110167,22
110168,25
110169,40
110170,4
110171,55
110172,3
110173,29
110174,1
110175,61
110176,53
110177,55
110178,35
110179,3
110180,25
110181,0
110182,17
110183,0
110184,7
110185,3
110186,4
110187,28
110188,2
110189,5
110190,21
110191,39
110192,43
110193,3
110194,2
110195,3
110196,53
110197,22
110198,1
110199,35
110200,14
110201,6
110202,6
110203,6
110204,30
110205,3
110206,40
110207,30
110208,40
110209,15
110210,40
110211,1
110212,7
110213,23
110214,53
110215,0
110216,53
110217,15
110218,8
110219,34
110220,35
110221,49
110222,55
110223,30
110224,27
110225,7
110226,0
110227,3
110228,5
110229,16
110230,43
110231,7
110232,20
110233,2
110234,35
110235,53
110236,8
110237,4
110238,30
110239,40
110240,49
110241,32
110242,9
110243,0
110244,28
110245,7
110246,20
110247,36
110248,49
110249,9
110250,1
110251,53
110252,7
110253,53
110254,9
110255,25
110256,12
110257,2
110258,60
110259,21
110260,8
110261,18
110262,9
110263,19
110264,7
110265,11
110266,15
110267,49
110268,0
110269,9
110270,7
110271,24
110272,6
110273,36
110274,43
110275,3
110276,30
110277,3
110278,12
110279,3
110280,12
110281,22
110282,30
110283,43
110284,55
110285,49
110286,5
110287,39
110288,8
110289,46
110290,4
110291,24
110292,24
110293,2
110294,2
110295,39
110296,36
110297,9
110298,61
110299,5
110300,1
110301,31
110302,8
110303,22
110304,10
110305,8
110306,3
110307,21
110308,9
110309,28
110310,9
110311,24
110312,9
110313,1
110314,4
110315,9
110316,0
110317,2
110318,8
110319,7
110320,28
110321,37
110322,4
110323,42
110324,40
110325,15
110326,36
110327,35
110328,55
110329,1
110330,25
110331,0
110332,9
110333,0
110334,49
110335,23
110336,31
110337,58
110338,9
110339,13
110340,20
110341,9
110342,0
110343,8
110344,9
110345,4
110346,53
110347,7
110348,0
110349,1
110350,9
110351,2
110352,28
110353,5
110354,43
110355,2
110356,8
110357,14
110358,7
110359,10
110360,8
110361,40
110362,9
110363,28
110364,25
110365,15
110366,24
110367,15
110368,7
110369,59
110370,1
110371,14
110372,4
110373,2
110374,4
110375,28
110376,1
110377,12
110378,18
110379,22
110380,26
110381,6
110382,6
110383,6
110384,15
110385,27
110386,1
110387,4
110388,24
110389,4
110390,53
110391,27
110392,1
110393,8
110394,18
110395,15
110396,22
110397,6
110398,44
110399,5
110400,24
110401,7
110402,8
110403,37
110404,2
110405,23
110406,15
110407,29
110408,2
110409,1
110410,6
110411,0
110412,9
110413,9
110414,37
110415,0
110416,5
110417,24
110418,28
110419,6
110420,43
110421,5
110422,9
110423,30
110424,4
110425,26
110426,2
110427,40
110428,28
110429,10
110430,0
110431,0
110432,5
110433,55
110434,15
110435,7
110436,40
110437,1
110438,24
110439,0
110440,9
110441,8
110442,4
110443,7
110444,6
110445,21
110446,12
110447,5
110448,8
110449,2
110450,0
110451,3
110452,24
110453,1
110454,3
110455,0
110456,2
110457,29
110458,55
110459,49
110460,3
110461,6
110462,9
110463,55
110464,40
110465,5
110466,6
110467,4
110468,40
110469,0
110470,0
110471,4
110472,10
110473,1
110474,37
110475,12
110476,30
110477,53
110478,4
110479,1
110480,0
110481,5
110482,49
110483,53
110484,24
110485,61
110486,9
110487,5
110488,30
110489,1
110490,1
110491,9
110492,1
110493,4
110494,36
110495,9
110496,23
110497,43
110498,9
110499,22
110500,24
110501,1
110502,7
110503,10
110504,31
110505,27
110506,8
110507,0
110508,4
110509,40
110510,13
110511,1
110512,53
110513,0
110514,12
110515,23
110516,24
110517,7
110518,2
110519,8
110520,2
110521,40
110522,13
110523,7
110524,30
110525,1
110526,35
110527,16
110528,46
110529,5
110530,56
110531,4
110532,39
110533,7
110534,7
110535,18
110536,0
110537,4
110538,46
110539,6
110540,31
110541,9
110542,9
110543,40
110544,2
110545,27
110546,28
110547,0
110548,46
110549,3
110550,26
110551,2
110552,3
110553,1
110554,6
110555,7
110556,8
110557,5
110558,21
110559,4
110560,39
110561,53
110562,0
110563,3
110564,9
110565,49
110566,1
110567,5
110568,8
110569,1
110570,55
110571,2
110572,1
110573,0
110574,2
110575,1
110576,36
110577,42
110578,9
110579,5
110580,2
110581,39
110582,7
110583,1
110584,23
110585,4
110586,18
110587,5
110588,6
110589,43
110590,5
110591,28
110592,6
110593,24
110594,19
110595,20
110596,4
110597,1
110598,8
110599,4
110600,2
110601,4
110602,5
110603,1
110604,22
110605,2
110606,11
110607,2
110608,0
110609,8
110610,1
110611,0
110612,60
110613,9
110614,1
110615,1
110616,6
110617,2
110618,24
110619,2
110620,9
110621,37
110622,0
110623,13
110624,4
110625,28
110626,55
110627,30
110628,0
110629,7
110630,14
110631,0
110632,33
110633,3
110634,1
110635,9
110636,35
110637,37
110638,28
110639,2
110640,6
110641,23
110642,28
110643,1
110644,7
110645,1
110646,18
110647,3
110648,7
110649,5
110650,13
110651,5
110652,40
110653,8
110654,9
110655,22
110656,7
110657,6
110658,40
110659,6
110660,30
110661,40
110662,15
110663,40
110664,39
110665,25
110666,8
110667,1
110668,1
110669,9
110670,24
110671,4
110672,6
110673,39
110674,3
110675,36
110676,6
110677,49
110678,28
110679,28
110680,18
110681,15
110682,1
110683,7
110684,6
110685,55
110686,6
110687,40
110688,4
110689,0
110690,40
110691,2
110692,32
110693,8
110694,9
110695,13
110696,1
110697,18
110698,4
110699,4
110700,0
110701,3
110702,25
110703,12
110704,12
110705,55
110706,9
110707,55
110708,29
110709,0
110710,22
110711,7
110712,31
110713,1
110714,25
110715,1
110716,0
110717,9
110718,11
110719,37
110720,4
110721,5
110722,18
110723,0
110724,7
110725,2
110726,25
110727,47
110728,9
110729,25
110730,55
110731,1
110732,5
110733,12
110734,24
110735,5
110736,3
110737,13
110738,40
110739,0
110740,49
110741,3
110742,13
110743,1
110744,8
110745,25
110746,9
110747,0
110748,0
110749,0
110750,13
110751,27
110752,36
110753,9
110754,41
110755,5
110756,5
110757,2
110758,1
110759,2
110760,18
110761,25
110762,0
110763,7
110764,0
110765,1
110766,0
110767,6
110768,8
110769,21
110770,6
110771,9
110772,40
110773,13
110774,39
110775,7
110776,24
110777,0
110778,2
110779,3
110780,58
110781,49
110782,9
110783,15
110784,3
110785,12
110786,40
110787,0
110788,8
110789,6
110790,0
110791,24
110792,24
110793,30
110794,21
110795,53
110796,34
110797,49
110798,6
110799,3
110800,24
110801,28
110802,28
110803,1
110804,30
110805,40
110806,2
110807,22
110808,28
110809,55
110810,8
110811,5
110812,9
110813,7
110814,26
110815,3
110816,6
110817,43
110818,6
110819,28
110820,2
110821,6
110822,0
110823,24
110824,36
110825,13
110826,8
110827,24
110828,9
110829,2
110830,49
110831,12
110832,8
110833,52
110834,1
110835,1
110836,11
110837,12
110838,53
110839,22
110840,2
110841,4
110842,25
110843,32
110844,18
110845,1
110846,55
110847,28
110848,46
110849,2
110850,0
110851,14
110852,46
110853,1
110854,2
110855,0
110856,40
110857,0
110858,37
110859,23
110860,9
110861,11
110862,20
110863,8
110864,4
110865,2
110866,7
110867,23
110868,9
110869,7
110870,28
110871,1
110872,36
110873,1
110874,7
110875,10
110876,13
110877,28
110878,7
110879,3
110880,11
110881,3
110882,6
110883,43
110884,55
110885,9
110886,18
110887,4
110888,19
110889,7
110890,15
110891,30
110892,12
110893,0
110894,25
110895,52
110896,5
110897,1
110898,49
110899,5
110900,11
110901,8
110902,4
110903,16
110904,5
110905,2
110906,28
110907,31
110908,0
110909,0
110910,59
110911,4
110912,8
110913,28
110914,8
110915,1
110916,8
110917,13
110918,0
110919,9
110920,3
110921,5
110922,8
110923,2
110924,4
110925,28
110926,39
110927,1
110928,49
110929,24
110930,2
110931,3
110932,59
110933,22
110934,22
110935,20
110936,6
110937,40
110938,3
110939,7
110940,7
110941,0
110942,2
110943,55
110944,1
110945,29
110946,6
110947,0
110948,2
110949,53
110950,39
110951,28
110952,6
110953,22
110954,55
110955,34
110956,40
110957,9
110958,9
110959,7
110960,5
110961,11
110962,9
110963,12
110964,29
110965,5
110966,31
110967,9
110968,2
110969,40
110970,3
110971,24
110972,1
110973,1
110974,31
110975,28
110976,55
110977,15
110978,40
110979,5
110980,55
110981,1
110982,6
110983,18
110984,47
110985,0
110986,5
110987,7
110988,2
110989,55
110990,49
110991,22
110992,5
110993,28
110994,6
110995,10
110996,55
110997,14
110998,1
110999,45
111000,25
111001,1
111002,49
111003,8
111004,5
111005,36
111006,32
111007,5
111008,46
111009,3
111010,5
111011,3
111012,10
111013,30
111014,3
111015,5
111016,1
111017,5
111018,0
111019,22
111020,3
111021,7
111022,4
111023,30
111024,9
111025,52
111026,55
111027,3
111028,55
111029,43
111030,2
111031,1
111032,1
111033,61
111034,5
111035,5
111036,14
111037,2
111038,0
111039,40
111040,7
111041,1
111042,6
111043,1
111044,3
111045,8
111046,1
111047,11
111048,8
111049,5
111050,2
111051,37
111052,46
111053,2
111054,40
111055,4
111056,5
111057,19
111058,4
111059,55
111060,4
111061,0
111062,40
111063,36
111064,37
111065,3
111066,7
111067,0
111068,49
111069,12
111070,6
111071,18
111072,6
111073,0
111074,10
111075,1
111076,0
111077,22
111078,0
111079,6
111080,6
111081,9
111082,2
111083,55
111084,1
111085,12
111086,3
111087,53
111088,8
111089,23
111090,2
111091,51
111092,1
111093,7
111094,39
111095,2
111096,6
111097,32
111098,53
111099,8
111100,2
111101,2
111102,9
111103,0
111104,28
111105,3
111106,2
111107,55
111108,40
111109,0
111110,2
111111,4
111112,7
111113,7
111114,35
111115,10
111116,3
111117,1
111118,2
111119,2
111120,11
111121,5
111122,22
111123,9
111124,1
111125,0
111126,8
111127,28
111128,6
111129,5
111130,6
111131,10
111132,22
111133,55
111134,8
111135,27
111136,47
111137,9
111138,48
111139,44
111140,49
111141,9
111142,10
111143,28
111144,12
111145,34
111146,17
111147,59
111148,37
111149,55
111150,25
111151,2
111152,12
111153,20
111154,0
111155,28
111156,6
111157,4
111158,49
111159,0
111160,53
111161,2
111162,1
111163,28
111164,49
111165,5
111166,4
111167,4
111168,59
111169,28
111170,2
111171,58
111172,6
111173,17
111174,3
111175,30
111176,1
111177,55
111178,53
111179,7
111180,18
111181,7
111182,33
111183,15
111184,1
111185,5
111186,6
111187,57
111188,32
111189,37
111190,40
111191,22
111192,4
111193,9
111194,36
111195,28
111196,29
111197,5
111198,39
111199,40
111200,4
111201,5
111202,53
111203,32
111204,0
111205,55
111206,20
111207,52
111208,0
111209,0
111210,1
111211,0
111212,3
111213,4
111214,6
111215,0
111216,9
111217,5
111218,0
111219,55
111220,9
111221,5
111222,30
111223,36
111224,3
111225,22
111226,7
111227,55
111228,55
111229,28
111230,4
111231,24
111232,12
111233,1
111234,9
111235,5
111236,28
111237,32
111238,40
111239,58
111240,55
111241,53
111242,8
111243,8
111244,25
111245,19
111246,28
111247,3
111248,2
111249,21
111250,4
111251,9
111252,40
111253,59
111254,1
111255,6
111256,0
111257,6
111258,5
111259,6
111260,0
111261,5
111262,40
111263,3
111264,3
111265,55
111266,33
111267,3
111268,17
111269,1
111270,34
111271,5
111272,8
111273,46
111274,14
111275,31
111276,5
111277,49
111278,6
111279,5
111280,1
111281,1
111282,39
111283,36
111284,36
111285,55
111286,40
111287,40
111288,28
111289,16
111290,7
111291,5
111292,19
111293,39
111294,5
111295,8
111296,44
111297,7
111298,2
111299,4
111300,6
111301,15
111302,7
111303,39
111304,9
111305,43
111306,6
111307,9
111308,7
111309,22
111310,6
111311,4
111312,4
111313,1
111314,5
111315,1
111316,6
111317,1
111318,0
111319,15
111320,30
111321,0
111322,6
111323,6
111324,59
111325,40
111326,60
111327,46
111328,5
111329,4
111330,18
111331,2
111332,43
111333,8
111334,19
111335,9
111336,6
111337,13
111338,7
111339,49
111340,2
111341,15
111342,1
111343,55
111344,0
111345,1
111346,1
111347,28
111348,40
111349,1
111350,34
111351,16
111352,49
111353,43
111354,3
111355,29
111356,0
111357,55
111358,7
111359,1
111360,16
111361,8
111362,0
111363,24
111364,33
111365,39
111366,0
111367,0
111368,30
111369,0
111370,35
111371,1
111372,2
111373,1
111374,25
111375,49
111376,24
111377,24
111378,8
111379,8
111380,1
111381,3
111382,6
111383,1
111384,1
111385,25
111386,2
111387,23
111388,1
111389,2
111390,4
111391,4
111392,4
111393,39
111394,53
111395,4
111396,6
111397,0
111398,10
111399,6
111400,9
111401,6
111402,1
111403,1
111404,3
111405,43
111406,1
111407,4
111408,1
111409,8
111410,6
111411,9
111412,31
111413,24
111414,9
111415,9
111416,55
111417,7
111418,4
111419,2
111420,28
111421,6
111422,53
111423,40
111424,28
111425,12
111426,3
111427,4
111428,20
111429,3
111430,3
111431,46
111432,5
111433,8
111434,53
111435,29
111436,0
111437,28
111438,6
111439,28
111440,7
111441,30
111442,6
111443,30
111444,0
111445,17
111446,0
111447,4
111448,27
111449,28
111450,3
111451,47
111452,12
111453,6
111454,9
111455,24
111456,28
111457,9
111458,9
111459,3
111460,3
111461,14
111462,1
111463,16
111464,4
111465,4
111466,2
111467,40
111468,21
111469,5
111470,9
111471,4
111472,9
111473,9
111474,1
111475,23
111476,18
111477,7
111478,4
111479,36
111480,9
111481,0
111482,6
111483,2
111484,20
111485,5
111486,18
111487,28
111488,1
111489,5
111490,7
111491,7
111492,8
111493,12
111494,0
111495,47
111496,6
111497,24
111498,4
111499,3
111500,9
111501,3
111502,29
111503,4
111504,3
111505,23
111506,21
111507,2
111508,9
111509,7
111510,53
111511,2
111512,32
111513,24
111514,36
111515,13
111516,35
111517,4
111518,1
111519,55
111520,53
111521,5
111522,32
111523,36
111524,16
111525,5
111526,3
111527,0
111528,30
111529,7
111530,49
111531,12
111532,37
111533,2
111534,2
111535,6
111536,7
111537,53
111538,4
111539,12
111540,1
111541,7
111542,9
111543,27
111544,56
111545,28
111546,17
111547,8
111548,15
111549,30
111550,28
111551,5
111552,24
111553,43
111554,14
111555,22
111556,5
111557,2
111558,5
111559,3
111560,28
111561,8
111562,28
111563,5
111564,31
111565,1
111566,7
111567,28
111568,3
111569,4
111570,12
111571,29
111572,9
111573,1
111574,9
111575,46
111576,24
111577,10
111578,1
111579,22
111580,28
111581,5
111582,23
111583,8
111584,2
111585,55
111586,0
111587,13
111588,1
111589,8
111590,9
111591,40
111592,2
111593,25
111594,8
111595,5
111596,15
111597,55
111598,43
111599,40
111600,7
111601,15
111602,22
111603,2
111604,9
111605,7
111606,1
111607,1
111608,2
111609,28
111610,8
111611,29
111612,43
111613,5
111614,53
111615,59
111616,24
111617,23
111618,3
111619,34
111620,4
111621,3
111622,0
111623,53
111624,2
111625,24
111626,5
111627,5
111628,4
111629,43
111630,17
111631,1
111632,31
111633,40
111634,36
111635,18
111636,4
111637,18
111638,35
111639,43
111640,34
111641,2
111642,2
111643,30
111644,30
111645,22
111646,6
111647,53
111648,8
111649,0
111650,1
111651,36
111652,7
111653,9
111654,22
111655,5
111656,23
111657,9
111658,47
111659,19
111660,30
111661,30
111662,4
111663,0
111664,0
111665,2
111666,40
111667,43
111668,5
111669,53
111670,12
111671,0
111672,0
111673,8
111674,15
111675,36
111676,22
111677,2
111678,8
111679,43
111680,40
111681,53
111682,3
111683,7
111684,24
111685,9
111686,0
111687,1
111688,1
111689,28
111690,30
111691,2
111692,47
111693,26
111694,22
111695,6
111696,3
111697,10
111698,8
111699,4
111700,40
111701,35
111702,7
111703,34
111704,40
111705,24
111706,40
111707,49
111708,9
111709,53
111710,0
111711,22
111712,15
111713,20
111714,6
111715,31
111716,6
111717,40
111718,1
111719,3
111720,0
111721,0
111722,3
111723,12
111724,8
111725,37
111726,29
111727,9
111728,25
111729,9
111730,29
111731,28
111732,7
111733,14
111734,37
111735,6
111736,4
111737,42
111738,4
111739,2
111740,8
111741,49
111742,22
111743,25
111744,9
111745,39
111746,1
111747,39
111748,0
111749,39
111750,1
111751,3
111752,9
111753,6
111754,30
111755,0
111756,40
111757,17
111758,1
111759,36
111760,5
111761,1
111762,9
111763,52
111764,24
111765,53
111766,24
111767,3
111768,8
111769,6
111770,3
111771,28
111772,24
111773,30
111774,28
111775,12
111776,5
111777,16
111778,25
111779,7
111780,12
111781,25
111782,0
111783,5
111784,52
111785,0
111786,8
111787,8
111788,55
111789,0
111790,3
111791,29
111792,8
111793,4
111794,8
111795,6
111796,11
111797,53
111798,28
111799,5
111800,18
111801,12
111802,25
111803,24
111804,40
111805,24
111806,2
111807,28
111808,9
111809,4
111810,8
111811,5
111812,43
111813,7
111814,3
111815,4
111816,28
111817,7
111818,24
111819,55
111820,28
111821,35
111822,40
111823,40
111824,31
111825,4
111826,40
111827,55
111828,27
111829,8
111830,10
111831,6
111832,5
111833,24
111834,28
111835,5
111836,49
111837,52
111838,4
111839,1
111840,39
111841,24
111842,0
111843,30
111844,40
111845,2
111846,28
111847,3
111848,8
111849,2
111850,23
111851,15
111852,14
111853,0
111854,53
111855,5
111856,2
111857,42
111858,0
111859,4
111860,8
111861,6
111862,28
111863,58
111864,7
111865,28
111866,24
111867,5
111868,23
111869,30
111870,55
111871,12
111872,10
111873,13
111874,4
111875,2
111876,4
111877,9
111878,9
111879,29
111880,5
111881,2
111882,9
111883,4
111884,12
111885,0
111886,24
111887,3
111888,3
111889,12
111890,6
111891,55
111892,28
111893,4
111894,1
111895,56
111896,30
111897,0
111898,55
111899,0
111900,2
111901,6
111902,7
111903,9
111904,31
111905,6
111906,0
111907,12
111908,33
111909,1
111910,22
111911,0
111912,32
111913,4
111914,39
111915,43
111916,6
111917,45
111918,6
111919,24
111920,36
111921,0
111922,8
111923,53
111924,7
111925,18
111926,8
111927,8
111928,21
111929,55
111930,12
111931,8
111932,47
111933,2
111934,1
111935,2
111936,6
111937,43
111938,4
111939,0
111940,9
111941,1
111942,7
111943,3
111944,24
111945,53
111946,18
111947,28
111948,4
111949,30
111950,3
111951,10
111952,12
111953,25
111954,3
111955,28
111956,47
111957,1
111958,8
111959,0
111960,49
111961,9
111962,24
111963,7
111964,3
111965,1
111966,9
111967,36
111968,25
111969,7
111970,24
111971,1
111972,8
111973,6
111974,3
111975,22
111976,1
111977,7
111978,3
111979,1
111980,4
111981,43
111982,6
111983,1
111984,55
111985,1
111986,40
111987,6
111988,55
111989,5
111990,1
111991,7
111992,11
111993,12
111994,2
111995,59
111996,40
111997,40
111998,12
111999,28
112000,3
112001,0
112002,9
112003,0
112004,0
112005,39
112006,8
112007,30
112008,18
112009,3
112010,16
112011,6
112012,6
112013,19
112014,0
112015,28
112016,40
112017,45
112018,6
112019,28
112020,5
112021,0
112022,24
112023,0
112024,9
112025,55
112026,21
112027,32
112028,28
112029,40
112030,34
112031,36
112032,6
112033,4
112034,4
112035,6
112036,6
112037,9
112038,30
112039,0
112040,7
112041,30
112042,28
112043,26
112044,35
112045,49
112046,39
112047,37
112048,26
112049,1
112050,2
112051,53
112052,8
112053,23
112054,30
112055,29
112056,5
112057,37
112058,4
112059,61
112060,28
112061,30
112062,1
112063,31
112064,8
112065,28
112066,22
112067,15
112068,28
112069,53
112070,8
112071,0
112072,2
112073,39
112074,24
112075,2
112076,2
112077,36
112078,0
112079,3
112080,5
112081,19
112082,7
112083,27
112084,1
112085,3
112086,1
112087,19
112088,6
112089,1
112090,29
112091,19
112092,2
112093,28
112094,29
112095,17
112096,3
112097,2
112098,4
112099,6
112100,8
112101,40
112102,12
112103,11
112104,3
112105,0
112106,28
112107,43
112108,1
112109,24
112110,4
112111,0
112112,28
112113,1
112114,2
112115,32
112116,0
112117,0
112118,9
112119,7
112120,8
112121,31
112122,3
112123,5
112124,29
112125,28
112126,39
112127,7
112128,60
112129,5
112130,0
112131,58
112132,1
112133,33
112134,9
112135,0
112136,6
112137,0
112138,8
112139,5
112140,49
112141,7
112142,29
112143,2
112144,22
112145,2
112146,28
112147,5
112148,12
112149,34
112150,0
112151,55
112152,55
112153,2
112154,59
112155,8
112156,0
112157,6
112158,28
112159,4
112160,0
112161,8
112162,3
112163,2
112164,46
112165,0
112166,4
112167,3
112168,30
112169,59
112170,7
112171,28
112172,4
112173,29
112174,3
112175,53
112176,10
112177,23
112178,40
112179,40
112180,24
112181,1
112182,7
112183,8
112184,44
112185,9
112186,7
112187,10
112188,2
112189,3
112190,4
112191,7
112192,9
112193,0
112194,1
112195,40
112196,28
112197,7
112198,4
112199,29
112200,32
112201,55
112202,6
112203,3
112204,24
112205,59
112206,8
112207,8
112208,28
112209,8
112210,5
112211,53
112212,9
112213,4
112214,12
112215,7
112216,40
112217,25
112218,61
112219,30
112220,3
112221,41
112222,0
112223,1
112224,28
112225,3
112226,3
112227,3
112228,42
112229,31
112230,13
112231,28
112232,28
112233,23
112234,23
112235,5
112236,53
112237,1
112238,8
112239,3
112240,24
112241,23
112242,0
112243,40
112244,6
112245,3
112246,61
112247,37
112248,1
112249,1
112250,29
112251,8
112252,40
112253,27
112254,9
112255,2
112256,1
112257,4
112258,5
112259,2
112260,24
112261,39
112262,5
112263,27
112264,7
112265,3
112266,17
112267,25
112268,25
112269,7
112270,7
112271,9
112272,28
112273,6
112274,7
112275,1
112276,21
112277,28
112278,37
112279,0
112280,25
112281,0
112282,24
112283,3
112284,1
112285,5
112286,32
112287,26
112288,1
112289,24
112290,3
112291,3
112292,5
112293,11
112294,7
112295,34
112296,0
112297,22
112298,1
112299,9
112300,12
112301,1
112302,2
112303,18
112304,21
112305,37
112306,49
112307,10
112308,4
112309,40
112310,55
112311,1
112312,28
112313,2
112314,22
112315,9
112316,49
112317,55
112318,5
112319,5
112320,4
112321,22
112322,28
112323,23
112324,3
112325,0
112326,18
112327,28
112328,5
112329,0
112330,4
112331,3
112332,6
112333,30
112334,34
112335,21
112336,3
112337,24
112338,36
112339,29
112340,16
112341,32
112342,36
112343,36
112344,2
112345,7
112346,16
112347,4
112348,46
112349,45
112350,1
112351,53
112352,55
112353,6
112354,24
112355,29
112356,53
112357,23
112358,8
112359,8
112360,5
112361,3
112362,5
112363,7
112364,31
112365,40
112366,32
112367,43
112368,6
112369,11
112370,2
112371,8
112372,9
112373,36
112374,2
112375,27
112376,24
112377,9
112378,2
112379,9
112380,15
112381,0
112382,24
112383,55
112384,40
112385,27
112386,9
112387,43
112388,46
112389,3
112390,12
112391,28
112392,32
112393,18
112394,28
112395,7
112396,8
112397,22
112398,8
112399,2
112400,1
112401,28
112402,18
112403,5
112404,8
112405,9
112406,9
112407,4
112408,40
112409,9
112410,1
112411,28
112412,3
112413,25
112414,0
112415,52
112416,59
112417,30
112418,23
112419,18
112420,13
112421,9
112422,7
112423,2
112424,5
112425,0
112426,9
112427,33
112428,15
112429,1
112430,10
112431,2
112432,4
112433,3
112434,15
112435,7
112436,28
112437,2
112438,21
112439,36
112440,2
112441,9
112442,9
112443,29
112444,4
112445,49
112446,3
112447,16
112448,46
112449,1
112450,3
112451,8
112452,2
112453,40
112454,19
112455,22
112456,0
112457,1
112458,7
112459,22
112460,5
112461,53
112462,0
112463,6
112464,28
112465,27
112466,4
112467,0
112468,30
112469,25
112470,4
112471,9
112472,39
112473,8
112474,8
112475,6
112476,25
112477,0
112478,53
112479,9
112480,8
112481,28
112482,0
112483,7
112484,2
112485,9
112486,8
112487,1
112488,30
112489,8
112490,4
112491,10
112492,28
112493,55
112494,55
112495,34
112496,12
112497,8
112498,0
112499,5
112500,40
112501,22
112502,2
112503,2
112504,10
112505,5
112506,13
112507,5
112508,0
112509,0
112510,5
112511,29
112512,1
112513,2
112514,12
112515,1
112516,4
112517,5
112518,37
112519,18
112520,4
112521,1
112522,0
112523,7
112524,0
112525,7
112526,9
112527,22
112528,1
112529,34
112530,3
112531,5
112532,24
112533,35
112534,40
112535,2
112536,30
112537,5
112538,3
112539,10
112540,53
112541,25
112542,36
112543,40
112544,35
112545,4
112546,2
112547,28
112548,8
112549,9
112550,4
112551,25
112552,49
112553,0
112554,10
112555,34
112556,3
112557,36
112558,6
112559,18
112560,3
112561,2
112562,15
112563,7
112564,4
112565,30
112566,27
112567,28
112568,1
112569,8
112570,60
112571,49
112572,1
112573,22
112574,29
112575,6
112576,5
112577,4
112578,39
112579,27
112580,46
112581,6
112582,7
112583,0
112584,15
112585,3
112586,1
112587,25
112588,40
112589,1
112590,7
112591,52
112592,28
112593,2
112594,2
112595,43
112596,53
112597,4
112598,18
112599,24
112600,1
112601,30
112602,7
112603,8
112604,6
112605,2
112606,28
112607,0
112608,22
112609,12
112610,3
112611,5
112612,6
112613,18
112614,1
112615,13
112616,55
112617,6
112618,49
112619,0
112620,47
112621,4
112622,3
112623,8
112624,3
112625,22
112626,5
112627,8
112628,23
112629,0
112630,15
112631,6
112632,12
112633,3
112634,4
112635,9
112636,1
112637,40
112638,25
112639,7
112640,6
112641,18
112642,7
112643,9
112644,8
112645,13
112646,36
112647,28
112648,4
112649,9
112650,39
112651,2
112652,7
112653,13
112654,3
112655,6
112656,7
112657,53
112658,30
112659,6
112660,28
112661,2
112662,36
112663,28
112664,23
112665,1
112666,3
112667,58
112668,9
112669,28
112670,0
112671,15
112672,14
112673,6
112674,22
112675,35
112676,7
112677,55
112678,37
112679,1
112680,22
112681,39
112682,4
112683,9
112684,10
112685,8
112686,9
112687,6
112688,36
112689,2
112690,30
112691,6
112692,9
112693,3
112694,31
112695,25
112696,7
112697,3
112698,0
112699,8
112700,7
112701,0
112702,2
112703,12
112704,30
112705,1
112706,40
112707,28
112708,30
112709,29
112710,7
112711,58
112712,10
112713,8
112714,40
112715,9
112716,8
112717,5
112718,43
112719,4
112720,5
112721,23
112722,4
112723,6
112724,18
112725,8
112726,28
112727,1
112728,4
112729,40
112730,11
112731,3
112732,9
112733,3
112734,4
112735,3
112736,53
112737,12
112738,1
112739,8
112740,5
112741,5
112742,1
112743,5
112744,45
112745,9
112746,24
112747,8
112748,4
112749,46
112750,0
112751,9
112752,1
112753,21
112754,25
112755,5
112756,4
112757,1
112758,40
112759,1
112760,9
112761,3
112762,55
112763,3
112764,8
112765,3
112766,31
112767,12
112768,21
112769,2
112770,0
112771,33
112772,9
112773,8
112774,53
112775,4
112776,7
112777,40
112778,39
112779,27
112780,10
112781,47
112782,36
112783,7
112784,3
112785,53
112786,61
112787,8
112788,5
112789,2
112790,25
112791,55
112792,5
112793,1
112794,19
112795,40
112796,5
112797,28
112798,47
112799,9
112800,3
112801,7
112802,24
112803,1
112804,9
112805,32
112806,40
112807,9
112808,1
112809,0
112810,10
112811,7
112812,12
112813,43
112814,60
112815,23
112816,1
112817,8
112818,23
112819,6
112820,37
112821,39
112822,46
112823,35
112824,59
112825,6
112826,5
112827,5
112828,24
112829,30
112830,35
112831,5
112832,8
112833,7
112834,5
112835,9
112836,1
112837,1
112838,0
112839,53
112840,24
112841,12
112842,1
112843,53
112844,4
112845,8
112846,48
112847,3
112848,43
112849,1
112850,53
112851,5
112852,4
112853,28
112854,4
112855,4
112856,2
112857,0
112858,12
112859,24
112860,36
112861,8
112862,14
112863,5
112864,27
112865,55
112866,0
112867,28
112868,43
112869,24
112870,5
112871,55
112872,59
112873,18
112874,49
112875,6
112876,49
112877,9
112878,28
112879,6
112880,55
112881,29
112882,12
112883,36
112884,10
112885,6
112886,5
112887,30
112888,9
112889,28
112890,40
112891,22
112892,26
112893,30
112894,28
112895,36
112896,1
112897,55
112898,12
112899,36
112900,37
112901,4
112902,28
112903,1
112904,0
112905,6
112906,18
112907,12
112908,0
112909,3
112910,8
112911,2
112912,12
112913,12
112914,43
112915,9
112916,3
112917,7
112918,25
112919,10
112920,28
112921,18
112922,53
112923,1
112924,2
112925,0
112926,29
112927,39
112928,58
112929,2
112930,2
112931,13
112932,29
112933,40
112934,7
112935,2
112936,3
112937,10
112938,12
112939,1
112940,5
112941,6
112942,4
112943,40
112944,24
112945,2
112946,4
112947,7
112948,3
112949,1
112950,1
112951,58
112952,5
112953,7
112954,1
112955,31
112956,18
112957,6
112958,40
112959,24
112960,6
112961,2
112962,3
112963,34
112964,30
112965,0
112966,2
112967,53
112968,49
112969,3
112970,20
112971,22
112972,39
112973,30
112974,4
112975,13
112976,24
112977,30
112978,40
112979,9
112980,46
112981,4
112982,3
112983,21
112984,7
112985,0
112986,9
112987,7
112988,9
112989,47
112990,23
112991,9
112992,10
112993,15
112994,2
112995,9
112996,2
112997,3
112998,49
112999,49
113000,22
113001,5
113002,9
113003,43
113004,10
113005,7
113006,6
113007,13
113008,9
113009,5
113010,40
113011,1
113012,31
113013,3
113014,4
113015,0
113016,9
113017,14
113018,5
113019,24
113020,3
113021,1
113022,55
113023,9
113024,42
113025,40
113026,55
113027,0
113028,43
113029,7
113030,1
113031,3
113032,9
113033,0
113034,7
113035,32
113036,31
113037,5
113038,22
113039,8
113040,7
113041,22
113042,3
113043,5
113044,2
113045,24
113046,1
113047,9
113048,5
113049,0
113050,24
113051,12
113052,7
113053,4
113054,40
113055,3
113056,24
113057,28
113058,7
113059,0
113060,3
113061,6
113062,43
113063,49
113064,1
113065,18
113066,28
113067,0
113068,28
113069,9
113070,7
113071,24
113072,3
113073,7
113074,30
113075,2
113076,43
113077,8
113078,15
113079,25
113080,0
113081,49
113082,0
113083,15
113084,3
113085,3
113086,2
113087,2
113088,10
113089,7
113090,30
113091,40
113092,36
113093,29
113094,4
113095,58
113096,28
113097,9
113098,4
113099,7
113100,49
113101,2
113102,1
113103,9
113104,55
113105,7
113106,2
113107,40
113108,6
113109,13
113110,18
113111,39
113112,4
113113,28
113114,22
113115,8
113116,6
113117,22
113118,3
113119,53
113120,4
113121,6
113122,49
113123,34
113124,55
113125,28
113126,39
113127,4
113128,1
113129,6
113130,1
113131,23
113132,22
113133,23
113134,49
113135,39
113136,30
113137,12
113138,53
113139,1
113140,4
113141,4
113142,5
113143,9
113144,20
113145,0
113146,24
113147,1
113148,23
113149,7
113150,24
113151,7
113152,6
113153,5
113154,4
113155,6
113156,24
113157,1
113158,47
113159,30
113160,4
113161,49
113162,35
113163,58
113164,7
113165,8
113166,30
113167,12
113168,40
113169,1
113170,8
113171,59
113172,18
113173,5
113174,4
113175,30
113176,2
113177,9
113178,8
113179,9
113180,1
113181,24
113182,9
113183,14
113184,0
113185,2
113186,9
113187,4
113188,8
113189,2
113190,9
113191,24
113192,2
113193,9
113194,13
113195,22
113196,15
113197,28
113198,9
113199,9
113200,12
113201,28
113202,7
113203,3
113204,3
113205,28
113206,28
113207,6
113208,43
113209,24
113210,0
113211,2
113212,24
113213,7
113214,12
113215,28
113216,4
113217,6
113218,15
113219,31
113220,3
113221,17
113222,43
113223,43
113224,34
113225,2
113226,9
113227,22
113228,15
113229,6
113230,2
113231,59
113232,9
113233,53
113234,15
113235,28
113236,15
113237,4
113238,28
113239,1
113240,4
113241,24
113242,1
113243,1
113244,24
113245,24
113246,4
113247,53
113248,18
113249,58
113250,6
113251,7
113252,20
113253,0
113254,28
113255,28
113256,40
113257,0
113258,4
113259,8
113260,43
113261,5
113262,43
113263,6
113264,59
113265,30
113266,8
113267,2
113268,0
113269,31
113270,2
113271,6
113272,3
113273,5
113274,49
113275,55
113276,25
113277,7
113278,8
113279,53
113280,55
113281,13
113282,1
113283,2
113284,5
113285,2
113286,28
113287,1
113288,30
113289,53
113290,3
113291,0
113292,24
113293,2
113294,28
113295,9
113296,9
113297,8
113298,0
113299,4
113300,28
113301,55
113302,7
113303,0
113304,26
113305,4
113306,7
113307,1
113308,14
113309,5
113310,40
113311,4
113312,5
113313,2
113314,7
113315,0
113316,18
113317,28
113318,18
113319,53
113320,3
113321,9
113322,1
113323,2
113324,7
113325,5
113326,1
113327,6
113328,4
113329,23
113330,3
113331,40
113332,9
113333,29
113334,30
113335,5
113336,0
113337,1
113338,40
113339,3
113340,37
113341,6
113342,35
113343,8
113344,7
113345,2
113346,0
113347,12
113348,4
113349,1
113350,24
113351,40
113352,49
113353,3
113354,12
113355,37
113356,32
113357,3
113358,30
113359,0
113360,28
113361,0
113362,8
113363,5
113364,3
113365,6
113366,3
113367,3
113368,15
113369,9
113370,21
113371,44
113372,8
113373,55
113374,55
113375,31
113376,1
113377,55
113378,49
113379,37
113380,28
113381,2
113382,0
113383,29
113384,37
113385,46
113386,9
113387,3
113388,1
113389,3
113390,9
113391,6
113392,30
113393,26
113394,5
113395,36
113396,24
113397,12
113398,22
113399,0
113400,42
113401,9
113402,18
113403,8
113404,25
113405,53
113406,25
113407,42
113408,3
113409,34
113410,55
113411,8
113412,6
113413,37
113414,27
113415,3
113416,7
113417,60
113418,7
113419,9
113420,6
113421,2
113422,22
113423,1
113424,7
113425,28
113426,3
113427,28
113428,12
113429,53
113430,4
113431,24
113432,40
113433,3
113434,32
113435,37
113436,40
113437,3
113438,6
113439,43
113440,18
113441,2
113442,10
113443,0
113444,33
113445,27
113446,29
113447,55
113448,53
113449,1
113450,28
113451,3
113452,7
113453,1
113454,29
113455,36
113456,30
113457,53
113458,18
113459,1
113460,5
113461,40
113462,10
113463,7
113464,49
113465,49
113466,32
113467,60
113468,12
113469,5
113470,8
113471,40
113472,21
113473,30
113474,53
113475,39
113476,3
113477,2
113478,6
113479,1
113480,30
113481,27
113482,9
113483,0
113484,49
113485,1
113486,24
113487,28
113488,2
113489,5
113490,28
113491,36
113492,55
113493,4
113494,0
113495,18
113496,4
113497,2
113498,12
113499,30
113500,9
113501,24
113502,2
113503,8
113504,10
113505,9
113506,9
113507,1
113508,8
113509,1
113510,2
113511,39
113512,36
113513,49
113514,4
113515,1
113516,19
113517,3
113518,34
113519,2
113520,0
113521,0
113522,14
113523,8
113524,53
113525,6
113526,49
113527,7
113528,2
113529,25
113530,7
113531,6
113532,18
113533,2
113534,4
113535,1
113536,10
113537,20
113538,24
113539,9
113540,4
113541,8
113542,1
113543,36
113544,43
113545,3
113546,8
113547,1
113548,24
113549,34
113550,23
113551,1
113552,4
113553,53
113554,43
113555,18
113556,2
113557,30
113558,9
113559,18
113560,53
113561,39
113562,37
113563,2
113564,23
113565,34
113566,12
113567,6
113568,28
113569,1
113570,28
113571,40
113572,32
113573,6
113574,43
113575,4
113576,1
113577,5
113578,5
113579,8
113580,24
113581,9
113582,29
113583,0
113584,7
113585,25
113586,12
113587,31
113588,9
113589,6
113590,49
113591,19
113592,3
113593,31
113594,7
113595,28
113596,22
113597,7
113598,3
113599,55
113600,9
113601,53
113602,10
113603,1
113604,18
113605,29
113606,1
113607,1
113608,7
113609,1
113610,7
113611,2
113612,58
113613,0
113614,43
113615,55
113616,7
113617,12
113618,7
113619,0
113620,5
113621,43
113622,7
113623,12
113624,40
113625,43
113626,4
113627,36
113628,34
113629,0
113630,5
113631,4
113632,8
113633,24
113634,1
113635,8
113636,35
113637,3
113638,8
113639,23
113640,29
113641,39
113642,32
113643,1
113644,4
113645,5
113646,32
113647,4
113648,9
113649,1
113650,1
113651,12
113652,6
113653,9
113654,49
113655,52
113656,28
113657,8
113658,25
113659,22
113660,4
113661,5
113662,1
113663,58
113664,3
113665,37
113666,6
113667,9
113668,2
113669,8
113670,24
113671,28
113672,15
113673,17
113674,40
113675,30
113676,1
113677,52
113678,7
113679,24
113680,6
113681,29
113682,53
113683,3
113684,31
113685,10
113686,22
113687,31
113688,28
113689,1
113690,9
113691,9
113692,28
113693,4
113694,5
113695,40
113696,4
113697,23
113698,4
113699,4
113700,40
113701,46
113702,4
113703,3
113704,53
113705,24
113706,9
113707,30
113708,1
113709,9
113710,28
113711,24
113712,4
113713,18
113714,2
113715,28
113716,2
113717,18
113718,7
113719,22
113720,4
113721,1
113722,55
113723,2
113724,0
113725,25
113726,49
113727,42
113728,3
113729,4
113730,6
113731,7
113732,1
113733,24
113734,9
113735,53
113736,49
113737,28
113738,22
113739,2
113740,1
113741,0
113742,1
113743,9
113744,5
113745,29
113746,22
113747,55
113748,9
113749,42
113750,19
113751,49
113752,23
113753,40
113754,2
113755,53
113756,27
113757,28
113758,7
113759,0
113760,4
113761,12
113762,19
113763,34
113764,29
113765,32
113766,5
113767,0
113768,47
113769,36
113770,43
113771,7
113772,5
113773,9
113774,1
113775,4
113776,6
113777,37
113778,53
113779,8
113780,15
113781,9
113782,30
113783,5
113784,1
113785,4
113786,27
113787,24
113788,8
113789,7
113790,23
113791,0
113792,9
113793,5
113794,3
113795,4
113796,40
113797,1
113798,1
113799,36
113800,53
113801,21
113802,18
113803,3
113804,43
113805,59
113806,29
113807,27
113808,21
113809,5
113810,12
113811,55
113812,19
113813,30
113814,47
113815,5
113816,30
113817,4
113818,36
113819,32
113820,14
113821,3
113822,36
113823,13
113824,7
113825,2
113826,5
113827,40
113828,5
113829,5
113830,2
113831,28
113832,5
113833,18
113834,8
113835,3
113836,6
113837,0
113838,0
113839,1
113840,33
113841,2
113842,1
113843,8
113844,0
113845,6
113846,7
113847,55
113848,2
113849,61
113850,58
113851,40
113852,4
113853,0
113854,40
113855,5
113856,43
113857,3
113858,7
113859,12
113860,7
113861,32
113862,58
113863,8
113864,7
113865,49
113866,6
113867,1
113868,32
113869,7
113870,1
113871,6
113872,55
113873,1
113874,23
113875,14
113876,4
113877,28
113878,22
113879,40
113880,4
113881,9
113882,2
113883,40
113884,1
113885,9
113886,60
113887,6
113888,43
113889,1
113890,53
113891,22
113892,4
113893,26
113894,1
113895,24
113896,35
113897,52
113898,29
113899,29
113900,9
113901,43
113902,10
113903,21
113904,49
113905,5
113906,28
113907,22
113908,2
113909,28
113910,15
113911,37
113912,5
113913,40
113914,3
113915,34
113916,15
113917,13
113918,8
113919,15
113920,7
113921,39
113922,24
113923,39
113924,15
113925,4
113926,1
113927,6
113928,1
113929,45
113930,22
113931,24
113932,9
113933,8
113934,24
113935,1
113936,6
113937,1
113938,16
113939,6
113940,28
113941,24
113942,52
113943,30
113944,38
113945,4
113946,19
113947,2
113948,19
113949,61
113950,3
113951,9
113952,12
113953,14
113954,7
113955,8
113956,43
113957,3
113958,8
113959,3
113960,19
113961,8
113962,35
113963,11
113964,28
113965,22
113966,36
113967,2
113968,20
113969,3
113970,24
113971,15
113972,28
113973,6
113974,0
113975,30
113976,36
113977,8
113978,3
113979,1
113980,3
113981,1
113982,17
113983,9
113984,6
113985,40
113986,36
113987,3
113988,53
113989,7
113990,22
113991,19
113992,3
113993,49
113994,2
113995,9
113996,26
113997,40
113998,5
113999,7
114000,14
114001,0
114002,26
114003,2
114004,7
114005,3
114006,3
114007,40
114008,7
114009,4
114010,4
114011,55
114012,7
114013,18
114014,4
114015,30
114016,47
114017,7
114018,37
114019,10
114020,9
114021,47
114022,2
114023,9
114024,3
114025,7
114026,3
114027,1
114028,28
114029,24
114030,10
114031,7
114032,5
114033,6
114034,3
114035,0
114036,4
114037,0
114038,39
114039,15
114040,30
114041,36
114042,6
114043,4
114044,25
114045,12
114046,39
114047,23
114048,8
114049,30
114050,24
114051,35
114052,3
114053,28
114054,18
114055,0
114056,53
114057,40
114058,28
114059,49
114060,15
114061,40
114062,3
114063,27
114064,36
114065,4
114066,28
114067,55
114068,49
114069,15
114070,32
114071,9
114072,0
114073,1
114074,7
114075,34
114076,9
114077,9
114078,3
114079,6
114080,25
114081,5
114082,17
114083,24
114084,1
114085,8
114086,0
114087,2
114088,4
114089,3
114090,2
114091,1
114092,6
114093,9
114094,5
114095,4
114096,39
114097,4
114098,9
114099,24
114100,8
114101,39
114102,25
114103,36
114104,28
114105,40
114106,17
114107,27
114108,28
114109,7
114110,17
114111,32
114112,9
114113,3
114114,2
114115,30
114116,18
114117,55
114118,6
114119,12
114120,4
114121,7
114122,4
114123,6
114124,18
114125,36
114126,18
114127,43
114128,32
114129,42
114130,18
114131,31
114132,29
114133,31
114134,6
114135,9
114136,24
114137,3
114138,4
114139,30
114140,3
114141,46
114142,53
114143,23
114144,22
114145,2
114146,39
114147,55
114148,24
114149,2
114150,9
114151,7
114152,7
114153,37
114154,49
114155,4
114156,58
114157,4
114158,8
114159,14
114160,5
114161,18
114162,2
114163,0
114164,28
114165,12
114166,9
114167,4
114168,49
114169,1
114170,1
114171,24
114172,53
114173,30
114174,9
114175,6
114176,53
114177,12
114178,53
114179,1
114180,30
114181,6
114182,24
114183,55
114184,24
114185,42
114186,8
114187,5
114188,37
114189,56
114190,14
114191,22
114192,15
114193,1
114194,24
114195,23
114196,8
114197,25
114198,28
114199,1
114200,14
114201,18
114202,6
114203,0
114204,55
114205,30
114206,9
114207,2
114208,6
114209,8
114210,36
114211,0
114212,23
114213,8
114214,15
114215,18
114216,40
114217,4
114218,2
114219,6
114220,28
114221,1
114222,9
114223,5
114224,9
114225,49
114226,1
114227,5
114228,34
114229,53
114230,34
114231,22
114232,4
114233,22
114234,1
114235,32
114236,8
114237,5
114238,3
114239,4
114240,0
114241,55
114242,9
114243,6
114244,3
114245,13
114246,4
114247,0
114248,1
114249,3
114250,24
114251,6
114252,30
114253,5
114254,9
114255,6
114256,28
114257,24
114258,24
114259,47
114260,43
114261,4
114262,18
114263,53
114264,2
114265,55
114266,5
114267,20
114268,0
114269,3
114270,24
114271,5
114272,1
114273,31
114274,28
114275,2
114276,23
114277,24
114278,7
114279,8
114280,44
114281,9
114282,7
114283,29
114284,2
114285,23
114286,6
114287,53
114288,21
114289,55
114290,3
114291,39
114292,8
114293,14
114294,4
114295,4
114296,2
114297,0
114298,30
114299,28
114300,0
114301,13
114302,49
114303,5
114304,59
114305,22
114306,10
114307,30
114308,5
114309,32
114310,3
114311,24
114312,36
114313,5
114314,12
114315,1
114316,5
114317,3
114318,53
114319,0
114320,7
114321,1
114322,31
114323,6
114324,26
114325,18
114326,3
114327,3
114328,33
114329,4
114330,28
114331,5
114332,16
114333,12
114334,7
114335,1
114336,18
114337,29
114338,0
114339,9
114340,28
114341,1
114342,55
114343,2
114344,40
114345,43
114346,2
114347,0
114348,0
114349,0
114350,8
114351,46
114352,8
114353,55
114354,1
114355,46
114356,18
114357,32
114358,1
114359,1
114360,1
114361,24
114362,23
114363,49
114364,8
114365,46
114366,7
114367,24
114368,16
114369,5
114370,6
114371,1
114372,15
114373,61
114374,15
114375,1
114376,1
114377,3
114378,18
114379,7
114380,30
114381,23
114382,15
114383,5
114384,39
114385,8
114386,23
114387,2
114388,7
114389,36
114390,9
114391,9
114392,8
114393,1
114394,40
114395,30
114396,3
114397,7
114398,23
114399,6
114400,1
114401,34
114402,8
114403,6
114404,2
114405,7
114406,24
114407,22
114408,28
114409,7
114410,2
114411,40
114412,40
114413,53
114414,0
114415,23
114416,30
114417,0
114418,6
114419,1
114420,40
114421,12
114422,5
114423,49
114424,28
114425,43
114426,28
114427,22
114428,2
114429,28
114430,6
114431,14
114432,31
114433,9
114434,21
114435,29
114436,4
114437,9
114438,6
114439,1
114440,6
114441,5
114442,28
114443,3
114444,8
114445,7
114446,0
114447,0
114448,9
114449,40
114450,30
114451,16
114452,9
114453,14
114454,36
114455,13
114456,29
114457,0
114458,7
114459,2
114460,55
114461,6
114462,1
114463,28
114464,22
114465,22
114466,23
114467,9
114468,49
114469,25
114470,1
114471,12
114472,9
114473,22
114474,1
114475,23
114476,0
114477,0
114478,36
114479,20
114480,10
114481,1
114482,0
114483,4
114484,40
114485,8
114486,10
114487,1
114488,40
114489,2
114490,6
114491,24
114492,19
114493,19
114494,30
114495,0
114496,28
114497,4
114498,27
114499,47
114500,2
114501,27
114502,18
114503,29
114504,9
114505,6
114506,7
114507,9
114508,14
114509,15
114510,25
114511,53
114512,55
114513,8
114514,14
114515,6
114516,28
114517,5
114518,4
114519,34
114520,8
114521,1
114522,2
114523,8
114524,1
114525,9
114526,28
114527,18
114528,55
114529,9
114530,2
114531,2
114532,49
114533,3
114534,18
114535,2
114536,24
114537,0
114538,22
114539,4
114540,0
114541,9
114542,40
114543,53
114544,4
114545,39
114546,0
114547,8
114548,0
114549,39
114550,0
114551,30
114552,55
114553,28
114554,4
114555,39
114556,29
114557,0
114558,1
114559,1
114560,9
114561,47
114562,4
114563,55
114564,9
114565,3
114566,39
114567,9
114568,24
114569,17
114570,23
114571,40
114572,4
114573,22
114574,2
114575,10
114576,4
114577,5
114578,36
114579,0
114580,5
114581,9
114582,16
114583,7
114584,7
114585,40
114586,53
114587,5
114588,49
114589,2
114590,7
114591,55
114592,4
114593,30
114594,15
114595,3
114596,30
114597,30
114598,1
114599,3
114600,58
114601,11
114602,5
114603,0
114604,0
114605,8
114606,39
114607,4
114608,47
114609,2
114610,15
114611,13
114612,18
114613,21
114614,2
114615,40
114616,55
114617,61
114618,53
114619,46
114620,24
114621,3
114622,25
114623,3
114624,15
114625,3
114626,14
114627,53
114628,28
114629,1
114630,1
114631,9
114632,53
114633,49
114634,7
114635,3
114636,39
114637,24
114638,2
114639,22
114640,1
114641,24
114642,47
114643,3
114644,0
114645,3
114646,31
114647,29
114648,1
114649,30
114650,40
114651,2
114652,0
114653,9
114654,24
114655,4
114656,29
114657,22
114658,6
114659,6
114660,24
114661,28
114662,0
114663,58
114664,7
114665,6
114666,1
114667,13
114668,31
114669,9
114670,43
114671,25
114672,1
114673,0
114674,6
114675,2
114676,13
114677,2
114678,1
114679,10
114680,6
114681,53
114682,7
114683,8
114684,46
114685,4
114686,1
114687,5
114688,24
114689,42
114690,40
114691,0
114692,20
114693,2
114694,2
114695,9
114696,49
114697,9
114698,9
114699,2
114700,28
114701,37
114702,3
114703,8
114704,8
114705,49
114706,40
114707,1
114708,1
114709,30
114710,0
114711,24
114712,24
114713,30
114714,23
114715,24
114716,9
114717,53
114718,6
114719,24
114720,31
114721,1
114722,2
114723,9
114724,1
114725,3
114726,0
114727,10
114728,1
114729,7
114730,9
114731,1
114732,1
114733,24
114734,6
114735,12
114736,6
114737,28
114738,24
114739,8
114740,28
114741,5
114742,1
114743,8
114744,6
114745,3
114746,30
114747,3
114748,0
114749,1
114750,3
114751,1
114752,13
114753,5
114754,9
114755,49
114756,28
114757,1
114758,7
114759,29
114760,0
114761,8
114762,12
114763,1
114764,42
114765,59
114766,0
114767,14
114768,3
114769,9
114770,3
114771,9
114772,7
114773,36
114774,47
114775,24
114776,9
114777,9
114778,27
114779,15
114780,33
114781,1
114782,3
114783,6
114784,4
114785,7
114786,5
114787,24
114788,4
114789,30
114790,8
114791,9
114792,8
114793,15
114794,7
114795,8
114796,7
114797,1
114798,55
114799,9
114800,1
114801,40
114802,8
114803,7
114804,8
114805,1
114806,7
114807,15
114808,22
114809,2
114810,22
114811,17
114812,40
114813,39
114814,28
114815,5
114816,37
114817,30
114818,0
114819,5
114820,53
114821,2
114822,8
114823,49
114824,22
114825,7
114826,28
114827,8
114828,3
114829,2
114830,24
114831,3
114832,4
114833,6
114834,1
114835,2
114836,43
114837,30
114838,37
114839,0
114840,2
114841,43
114842,40
114843,12
114844,0
114845,1
114846,40
114847,5
114848,8
114849,58
114850,7
114851,1
114852,23
114853,0
114854,24
114855,39
114856,24
114857,25
114858,60
114859,1
114860,1
114861,0
114862,6
114863,6
114864,12
114865,24
114866,2
114867,9
114868,36
114869,6
114870,28
114871,49
114872,28
114873,53
114874,18
114875,3
114876,55
114877,1
114878,0
114879,11
114880,24
114881,7
114882,39
114883,0
114884,49
114885,1
114886,30
114887,23
114888,3
114889,53
114890,40
114891,6
114892,3
114893,28
114894,3
114895,55
114896,49
114897,1
114898,14
114899,2
114900,28
114901,3
114902,3
114903,40
114904,12
114905,1
114906,1
114907,1
114908,2
114909,36
114910,23
114911,8
114912,18
114913,7
114914,25
114915,25
114916,0
114917,0
114918,22
114919,28
114920,9
114921,55
114922,34
114923,5
114924,9
114925,3
114926,49
114927,4
114928,2
114929,1
114930,1
114931,7
114932,58
114933,21
114934,39
114935,5
114936,1
114937,53
114938,3
114939,6
114940,13
114941,3
114942,8
114943,46
114944,3
114945,12
114946,9
114947,2
114948,6
114949,1
114950,28
114951,40
114952,39
114953,14
114954,8
114955,36
114956,9
114957,1
114958,24
114959,6
114960,22
114961,9
114962,1
114963,9
114964,4
114965,3
114966,28
114967,10
114968,33
114969,0
114970,40
114971,8
114972,7
114973,1
114974,8
114975,1
114976,8
114977,37
114978,3
114979,29
114980,7
114981,30
114982,43
114983,8
114984,37
114985,8
114986,12
114987,2
114988,10
114989,53
114990,40
114991,15
114992,9
114993,25
114994,2
114995,35
114996,24
114997,22
114998,40
114999,35
115000,3
115001,1
115002,3
115003,9
115004,7
115005,2
115006,31
115007,6
115008,36
115009,22
115010,28
115011,47
115012,24
115013,2
115014,40
115015,25
115016,7
115017,39
115018,4
115019,43
115020,36
115021,49
115022,24
115023,24
115024,4
115025,5
115026,9
115027,34
115028,6
115029,11
115030,6
115031,24
115032,9
115033,22
115034,18
115035,3
115036,1
115037,6
115038,7
115039,7
115040,5
115041,0
115042,39
115043,0
115044,26
115045,28
115046,34
115047,28
115048,7
115049,0
115050,43
115051,40
115052,7
115053,12
115054,0
115055,43
115056,9
115057,1
115058,30
115059,0
115060,13
115061,53
115062,12
115063,4
115064,34
115065,8
115066,12
115067,8
115068,9
115069,40
115070,1
115071,8
115072,28
115073,3
115074,7
115075,6
115076,7
115077,8
115078,45
115079,6
115080,9
115081,0
115082,2
115083,2
115084,5
115085,24
115086,3
115087,35
115088,1
115089,1
115090,22
115091,29
115092,24
115093,27
115094,3
115095,12
115096,5
115097,2
115098,3
115099,40
115100,2
115101,18
115102,6
115103,40
115104,46
115105,21
115106,55
115107,25
115108,5
115109,30
115110,15
115111,0
115112,5
115113,1
115114,9
115115,1
115116,1
115117,2
115118,30
115119,0
115120,3
115121,1
115122,40
115123,24
115124,53
115125,0
115126,6
115127,3
115128,59
115129,0
115130,42
115131,29
115132,6
115133,1
115134,18
115135,27
115136,4
115137,2
115138,0
115139,9
115140,3
115141,28
115142,3
115143,55
115144,9
115145,6
115146,49
115147,5
115148,1
115149,40
115150,10
115151,7
115152,9
115153,40
115154,4
115155,43
115156,1
115157,25
115158,14
115159,4
115160,1
115161,18
115162,24
115163,15
115164,4
115165,1
115166,39
115167,0
115168,8
115169,9
115170,40
115171,39
115172,59
115173,30
115174,3
115175,14
115176,8
115177,5
115178,6
115179,2
115180,24
115181,52
115182,1
115183,22
115184,28
115185,20
115186,40
115187,29
115188,3
115189,28
115190,29
115191,6
115192,5
115193,30
115194,9
115195,0
115196,3
115197,4
115198,28
115199,28
115200,40
115201,0
115202,1
115203,49
115204,2
115205,55
115206,1
115207,7
115208,4
115209,7
115210,21
115211,53
115212,26
115213,6
115214,32
115215,9
115216,3
115217,28
115218,40
115219,9
115220,9
115221,59
115222,18
115223,1
115224,33
115225,40
115226,4
115227,1
115228,7
115229,53
115230,29
115231,0
115232,31
115233,8
115234,9
115235,9
115236,34
115237,17
115238,2
115239,2
115240,3
115241,28
115242,1
115243,18
115244,7
115245,6
115246,7
115247,21
115248,55
115249,9
115250,40
115251,53
115252,36
115253,55
115254,55
115255,53
115256,3
115257,6
115258,21
115259,24
115260,55
115261,12
115262,59
115263,24
115264,9
115265,31
115266,0
115267,2
115268,6
115269,8
115270,8
115271,4
115272,60
115273,4
115274,1
115275,8
115276,29
115277,8
115278,9
115279,36
115280,55
115281,28
115282,2
115283,33
115284,13
115285,2
115286,1
115287,8
115288,3
115289,2
115290,31
115291,24
115292,3
115293,4
115294,8
115295,8
115296,1
115297,39
115298,5
115299,1
115300,8
115301,5
115302,7
115303,1
115304,1
115305,6
115306,24
115307,9
115308,8
115309,25
115310,8
115311,0
115312,28
115313,3
115314,24
115315,22
115316,8
115317,1
115318,2
115319,23
115320,1
115321,1
115322,29
115323,9
115324,34
115325,24
115326,55
115327,1
115328,29
115329,13
115330,1
115331,1
115332,1
115333,8
115334,6
115335,23
115336,9
115337,0
115338,10
115339,55
115340,2
115341,8
115342,1
115343,22
115344,8
115345,4
115346,10
115347,3
115348,4
115349,19
115350,43
115351,1
115352,0
115353,17
115354,1
115355,43
115356,10
115357,1
115358,5
115359,6
115360,0
115361,15
115362,5
115363,53
115364,4
115365,31
115366,0
115367,42
115368,49
115369,2
115370,4
115371,28
115372,28
115373,37
115374,5
115375,39
115376,12
115377,13
115378,12
115379,11
115380,55
115381,4
115382,41
115383,3
115384,1
115385,1
115386,28
115387,0
115388,20
115389,13
115390,40
115391,23
115392,8
115393,43
115394,2
115395,7
115396,53
115397,2
115398,3
115399,49
115400,3
115401,1
115402,31
115403,16
115404,1
115405,4
115406,18
115407,28
115408,43
115409,4
115410,9
115411,13
115412,7
115413,5
115414,23
115415,25
115416,4
115417,19
115418,2
115419,3
115420,55
115421,2
115422,30
115423,28
115424,5
115425,3
115426,5
115427,5
115428,5
115429,40
115430,3
115431,8
115432,5
115433,6
115434,0
115435,1
115436,43
115437,43
115438,15
115439,1
115440,7
115441,5
115442,30
115443,3
115444,1
115445,28
115446,20
115447,23
115448,4
115449,49
115450,5
115451,1
115452,9
115453,9
115454,3
115455,13
115456,7
115457,22
115458,9
115459,42
115460,59
115461,7
115462,40
115463,4
115464,5
115465,25
115466,0
115467,8
115468,28
115469,49
115470,0
115471,6
115472,4
115473,9
115474,2
115475,3
115476,39
115477,4
115478,6
115479,3
115480,9
115481,0
115482,0
115483,34
115484,39
115485,2
115486,24
115487,8
115488,5
115489,4
115490,5
115491,34
115492,43
115493,0
115494,6
115495,1
115496,40
115497,40
115498,7
115499,40
115500,36
115501,6
115502,7
115503,0
115504,3
115505,37
115506,4
115507,55
115508,40
115509,7
115510,40
115511,29
115512,15
115513,2
115514,55
115515,28
115516,31
115517,9
115518,36
115519,2
115520,53
115521,0
115522,58
115523,0
115524,9
115525,8
115526,22
115527,28
115528,18
115529,49
115530,55
115531,28
115532,24
115533,49
115534,49
115535,8
115536,0
115537,6
115538,0
115539,40
115540,55
115541,3
115542,2
115543,2
115544,8
115545,1
115546,53
115547,24
115548,53
115549,21
115550,10
115551,28
115552,47
115553,9
115554,5
115555,6
115556,9
115557,7
115558,8
115559,39
115560,23
115561,6
115562,2
115563,3
115564,9
115565,53
115566,11
115567,9
115568,24
115569,2
115570,2
115571,18
115572,12
115573,3
115574,40
115575,3
115576,55
115577,40
115578,11
115579,11
115580,35
115581,31
115582,61
115583,11
115584,52
115585,6
115586,7
115587,61
115588,34
115589,49
115590,20
115591,30
115592,1
115593,3
115594,1
115595,3
115596,13
115597,1
115598,9
115599,5
115600,4
115601,28
115602,1
115603,8
115604,22
115605,5
115606,0
115607,24
115608,0
115609,9
115610,0
115611,6
115612,3
115613,25
115614,1
115615,53
115616,8
115617,4
115618,40
115619,6
115620,8
115621,49
115622,9
115623,24
115624,55
115625,2
115626,4
115627,0
115628,7
115629,1
115630,17
115631,25
115632,29
115633,2
115634,55
115635,3
115636,1
115637,4
115638,1
115639,1
115640,0
115641,4
115642,6
115643,40
115644,13
115645,19
115646,4
115647,5
115648,49
115649,4
115650,32
115651,7
115652,55
115653,55
115654,1
115655,0
115656,5
115657,30
115658,8
115659,0
115660,1
115661,24
115662,24
115663,2
115664,24
115665,3
115666,10
115667,2
115668,9
115669,25
115670,3
115671,7
115672,4
115673,56
115674,0
115675,4
115676,9
115677,6
115678,7
115679,36
115680,8
115681,8
115682,2
115683,39
115684,1
115685,5
115686,39
115687,24
115688,0
115689,24
115690,1
115691,34
115692,59
115693,12
115694,28
115695,31
115696,43
115697,28
115698,12
115699,30
115700,28
115701,31
115702,4
115703,6
115704,8
115705,1
115706,0
115707,52
115708,12
115709,34
115710,15
115711,34
115712,13
115713,9
115714,29
115715,8
115716,33
115717,2
115718,35
115719,2
115720,24
115721,3
115722,12
115723,56
115724,5
115725,23
115726,3
115727,9
115728,10
115729,6
115730,49
115731,2
115732,4
115733,6
115734,8
115735,55
115736,2
115737,40
115738,23
115739,1
115740,7
115741,1
115742,2
115743,9
115744,10
115745,9
115746,9
115747,13
115748,8
115749,5
115750,1
115751,9
115752,12
115753,4
115754,7
115755,33
115756,10
115757,55
115758,29
115759,1
115760,18
115761,30
115762,55
115763,7
115764,5
115765,9
115766,2
115767,5
115768,32
115769,2
115770,53
115771,0
115772,10
115773,3
115774,46
115775,39
115776,45
115777,6
115778,4
115779,6
115780,22
115781,37
115782,2
115783,24
115784,2
115785,22
115786,1
115787,4
115788,0
115789,31
115790,11
115791,8
115792,28
115793,0
115794,2
115795,1
115796,5
115797,59
115798,15
115799,4
115800,40
115801,2
115802,7
115803,8
115804,5
115805,59
115806,1
115807,8
115808,40
115809,35
115810,5
115811,40
115812,5
115813,21
115814,9
115815,28
115816,5
115817,19
115818,8
115819,2
115820,25
115821,4
115822,34
115823,37
115824,47
115825,40
115826,7
115827,40
115828,0
115829,9
115830,23
115831,6
115832,30
115833,6
115834,1
115835,24
115836,28
115837,12
115838,4
115839,55
115840,49
115841,28
115842,39
115843,8
115844,30
115845,1
115846,42
115847,24
115848,2
115849,49
115850,34
115851,29
115852,39
115853,6
115854,27
115855,8
115856,0
115857,5
115858,1
115859,0
115860,29
115861,4
115862,39
115863,6
115864,9
115865,1
115866,59
115867,11
115868,6
115869,37
115870,1
115871,28
115872,47
115873,57
115874,4
115875,12
115876,2
115877,7
115878,5
115879,49
115880,22
115881,8
115882,4
115883,8
115884,8
115885,30
115886,36
115887,9
115888,34
115889,6
115890,6
115891,22
115892,43
115893,2
115894,2
115895,49
115896,8
115897,3
115898,8
115899,32
115900,6
115901,7
115902,32
115903,30
115904,3
115905,6
115906,22
115907,5
115908,5
115909,23
115910,11
115911,15
115912,17
115913,0
115914,1
115915,5
115916,29
115917,2
115918,0
115919,5
115920,24
115921,3
115922,7
115923,15
115924,0
115925,8
115926,25
115927,0
115928,1
115929,40
115930,0
115931,1
115932,8
115933,7
115934,0
115935,25
115936,3
115937,21
115938,55
115939,1
115940,28
115941,4
115942,40
115943,1
115944,4
115945,4
115946,5
115947,8
115948,9
115949,2
115950,28
115951,3
115952,4
115953,8
115954,15
115955,37
115956,15
115957,31
115958,8
115959,0
115960,57
115961,7
115962,1
115963,39
115964,9
115965,1
115966,8
115967,24
115968,18
115969,39
115970,0
115971,0
115972,43
115973,33
115974,53
115975,32
115976,6
115977,37
115978,9
115979,36
115980,55
115981,6
115982,7
115983,12
115984,9
115985,24
115986,6
115987,36
115988,24
115989,24
115990,2
115991,4
115992,33
115993,14
115994,29
115995,55
115996,53
115997,0
115998,2
115999,32
116000,9
116001,6
116002,9
116003,36
116004,3
116005,53
116006,20
116007,9
116008,0
116009,36
116010,16
116011,3
116012,0
116013,9
116014,29
116015,4
116016,55
116017,18
116018,19
116019,1
116020,55
116021,37
116022,14
116023,9
116024,1
116025,5
116026,39
116027,33
116028,5
116029,24
116030,1
116031,45
116032,25
116033,47
116034,8
116035,30
116036,53
116037,3
116038,4
116039,3
116040,55
116041,53
116042,0
116043,9
116044,2
116045,28
116046,6
116047,21
116048,28
116049,29
116050,1
116051,4
116052,5
116053,37
116054,12
116055,1
116056,3
116057,0
116058,61
116059,28
116060,30
116061,30
116062,6
116063,7
116064,28
116065,24
116066,1
116067,24
116068,1
116069,5
116070,4
116071,49
116072,1
116073,40
116074,4
116075,24
116076,53
116077,1
116078,10
116079,7
116080,37
116081,1
116082,26
116083,1
116084,60
116085,28
116086,8
116087,40
116088,27
116089,8
116090,1
116091,22
116092,3
116093,49
116094,47
116095,17
116096,47
116097,20
116098,26
116099,26
116100,7
116101,25
116102,5
116103,8
116104,9
116105,4
116106,0
116107,6
116108,53
116109,6
116110,36
116111,6
116112,3
116113,55
116114,12
116115,8
116116,9
116117,7
116118,17
116119,39
116120,4
116121,7
116122,28
116123,40
116124,32
116125,1
116126,53
116127,4
116128,7
116129,40
116130,4
116131,4
116132,46
116133,28
116134,28
116135,40
116136,12
116137,15
116138,4
116139,16
116140,33
116141,40
116142,2
116143,8
116144,36
116145,40
116146,53
116147,30
116148,55
116149,18
116150,28
116151,0
116152,40
116153,43
116154,2
116155,3
116156,24
116157,12
116158,59
116159,7
116160,7
116161,21
116162,4
116163,25
116164,6
116165,37
116166,5
116167,7
116168,1
116169,6
116170,3
116171,5
116172,43
116173,7
116174,55
116175,40
116176,7
116177,0
116178,2
116179,7
116180,30
116181,10
116182,2
116183,3
116184,5
116185,21
116186,9
116187,28
116188,0
116189,2
116190,8
116191,14
116192,9
116193,1
116194,28
116195,12
116196,7
116197,3
116198,7
116199,2
116200,2
116201,6
116202,6
116203,39
116204,49
116205,9
116206,33
116207,30
116208,40
116209,9
116210,4
116211,8
116212,28
116213,37
116214,15
116215,2
116216,21
116217,55
116218,5
116219,31
116220,6
116221,0
116222,49
116223,23
116224,6
116225,40
116226,8
116227,35
116228,5
116229,6
116230,12
116231,3
116232,4
116233,27
116234,9
116235,30
116236,2
116237,28
116238,1
116239,3
116240,59
116241,31
116242,3
116243,7
116244,1
116245,22
116246,39
116247,53
116248,24
116249,0
116250,43
116251,1
116252,15
116253,55
116254,44
116255,9
116256,43
116257,6
116258,1
116259,0
116260,12
116261,5
116262,1
116263,49
116264,30
116265,8
116266,53
116267,7
116268,7
116269,2
116270,28
116271,31
116272,1
116273,12
116274,26
116275,27
116276,1
116277,1
116278,5
116279,7
116280,49
116281,9
116282,55
116283,36
116284,4
116285,1
116286,9
116287,37
116288,15
116289,7
116290,12
116291,4
116292,5
116293,4
116294,32
116295,19
116296,2
116297,2
116298,30
116299,46
116300,40
116301,40
116302,51
116303,4
116304,13
116305,8
116306,12
116307,28
116308,28
116309,28
116310,23
116311,40
116312,5
116313,30
116314,13
116315,40
116316,3
116317,8
116318,7
116319,55
116320,28
116321,24
